machine_id,run_id,timestamp,cpu_pct,cpu_frequency_mhz,ram_pct,ram_used_mb,ram_available_mb,swap_pct,swap_used_mb,disk_usage_pct,disk_free_gb,disk_read_mb_s,disk_write_mb_s,disk_latency_ms,net_sent_mb_s,net_recv_mb_s,network_latency_ms,process_count,thread_count,context_switches_per_s,battery_pct,battery_plugged
7232bc533c21ce408d45d473,5bca2646-6745-4bbb-987d-ccb0a4486506,2026-08-09T21:45:46.861000Z,10.7,2803.0,50.7,8621.6,8390.2,7.1,75.7,15.3,402.87,0.0328,0.2108,0.0,0.0019,0.0078,35.278,241,2811,2327.9,76.0,1
7232bc533c21ce408d45d473,5bca2646-6745-4bbb-987d-ccb0a4486506,2026-08-09T21:45:48.875000Z,13.6,2803.0,50.7,8621.4,8390.4,7.1,75.7,15.3,402.87,0.0,0.0184,0.0,0.0002,0.0057,49.763,241,2820,2783.1,76.0,1
7232bc533c21ce408d45d473,5bca2646-6745-4bbb-987d-ccb0a4486506,2026-08-09T21:45:51.378000Z,17.4,2803.0,50.7,8621.6,8390.3,7.1,75.7,15.3,402.87,0.0,0.0143,0.0,0.0001,0.0009,49.863,241,2824,2244.4,76.0,1
7232bc533c21ce408d45d473,5bca2646-6745-4bbb-987d-ccb0a4486506,2026-08-09T21:45:52.912000Z,25.3,2803.0,50.8,8642.2,8369.7,7.1,75.7,15.3,402.87,0.0,0.2498,0.0,0.0001,0.0001,56.284,247,2894,9886.3,76.0,1
7232bc533c21ce408d45d473,5bca2646-6745-4bbb-987d-ccb0a4486506,2026-08-09T21:45:54.910000Z,11.7,2803.0,50.8,8641.8,8370.1,7.1,75.7,15.3,402.87,0.0082,0.1188,0.0,0.0001,0.0011,55.723,247,2894,2433.5,76.0,1
7232bc533c21ce408d45d473,5bca2646-6745-4bbb-987d-ccb0a4486506,2026-08-09T21:45:56.886000Z,11.5,2803.0,50.8,8641.4,8370.4,7.1,75.7,15.3,402.87,0.0,0.0184,0.0,0.0001,0.0009,29.968,247,2896,2233.7,76.0,1
7232bc533c21ce408d45d473,5bca2646-6745-4bbb-987d-ccb0a4486506,2026-08-09T21:45:58.871000Z,11.6,2803.0,50.8,8634.4,8377.4,7.1,75.7,15.3,402.87,0.1392,0.3849,0.0,0.006,0.0069,27.679,245,2884,2925.3,76.0,1
7232bc533c21ce408d45d473,5bca2646-6745-4bbb-987d-ccb0a4486506,2026-08-09T21:46:01.323000Z,18.4,2803.0,50.8,8634.7,8377.1,7.1,75.7,15.3,402.87,0.0,0.0184,0.0,0.0001,0.0017,78.077,245,2886,2964.2,76.0,1
7232bc533c21ce408d45d473,5bca2646-6745-4bbb-987d-ccb0a4486506,2026-08-09T21:46:02.879000Z,16.5,2803.0,50.8,8634.4,8377.4,7.1,75.7,15.3,402.87,0.0,0.3668,0.0,0.0001,0.0009,32.207,245,2885,5665.6,76.0,1
7232bc533c21ce408d45d473,5bca2646-6745-4bbb-987d-ccb0a4486506,2026-08-09T21:46:04.887000Z,12.0,2803.0,50.8,8634.2,8377.6,7.1,75.7,15.3,402.87,0.0,0.0205,0.0,0.0001,0.0001,42.655,245,2886,2330.6,76.0,1
7232bc533c21ce408d45d473,5bca2646-6745-4bbb-987d-ccb0a4486506,2026-08-09T21:46:06.946000Z,12.0,2803.0,50.8,8634.3,8377.6,7.1,75.7,15.3,402.87,0.0,0.0225,0.0,0.0001,0.0012,86.342,245,2886,2052.7,76.0,1
7232bc533c21ce408d45d473,5bca2646-6745-4bbb-987d-ccb0a4486506,2026-08-09T21:46:08.898000Z,11.4,2803.0,50.7,8621.8,8390.0,7.1,75.7,15.3,402.87,0.0,0.0778,0.0,0.0001,0.0013,69.523,241,2839,2895.3,76.0,1
7232bc533c21ce408d45d473,5bca2646-6745-4bbb-987d-ccb0a4486506,2026-08-09T21:46:10.880000Z,12.1,2803.0,50.7,8621.2,8390.6,7.1,75.7,15.3,402.87,0.0328,0.0184,0.0,0.0001,0.0043,46.077,241,2837,2536.5,76.0,1
7232bc533c21ce408d45d473,5bca2646-6745-4bbb-987d-ccb0a4486506,2026-08-09T21:46:13.309000Z,15.9,2803.0,50.7,8621.2,8390.7,7.1,75.7,15.3,402.87,0.0164,0.0614,0.0,0.0001,0.001,76.584,241,2835,2251.8,76.0,1
7232bc533c21ce408d45d473,5bca2646-6745-4bbb-987d-ccb0a4486506,2026-08-09T21:46:14.861000Z,16.0,2803.0,50.7,8623.5,8388.4,7.1,75.7,15.3,402.87,0.0082,0.0533,0.0,0.0001,0.0009,26.359,241,2834,5730.7,76.0,1
7232bc533c21ce408d45d473,5bca2646-6745-4bbb-987d-ccb0a4486506,2026-08-09T21:46:16.889000Z,10.3,2803.0,50.7,8622.2,8389.6,7.1,75.7,15.3,402.87,0.0,0.0123,0.0,0.0001,0.0002,54.767,241,2835,2120.7,76.0,1
7232bc533c21ce408d45d473,5bca2646-6745-4bbb-987d-ccb0a4486506,2026-08-09T21:46:18.906000Z,20.0,2803.0,50.9,8651.7,8360.1,7.1,75.7,15.3,402.87,0.0,0.1761,0.0,0.0058,0.0047,56.999,245,2860,6556.6,76.0,1
7232bc533c21ce408d45d473,5bca2646-6745-4bbb-987d-ccb0a4486506,2026-08-09T21:46:20.899000Z,13.8,2803.0,50.8,8647.6,8364.3,7.1,75.7,15.3,402.87,0.0082,0.1659,0.0,0.0001,0.0048,64.029,242,2846,2662.5,76.0,1
7232bc533c21ce408d45d473,5bca2646-6745-4bbb-987d-ccb0a4486506,2026-08-09T21:46:22.890000Z,11.6,2803.0,50.8,8647.5,8364.4,7.1,75.7,15.3,402.87,0.0328,0.086,0.0,0.0001,0.0009,44.233,242,2846,2303.1,76.0,1
7232bc533c21ce408d45d473,5bca2646-6745-4bbb-987d-ccb0a4486506,2026-08-09T21:46:25.277000Z,16.6,2803.0,50.8,8646.2,8365.6,7.1,75.7,15.3,402.87,0.0,0.0471,0.0,0.0001,0.0009,65.233,242,2843,2185.5,76.0,1
7232bc533c21ce408d45d473,5bca2646-6745-4bbb-987d-ccb0a4486506,2026-08-09T21:46:26.901000Z,11.9,2803.0,50.8,8649.5,8362.4,7.1,75.7,15.3,402.87,0.0,0.1024,0.0,0.0001,0.0009,56.813,242,2847,5636.7,76.0,1
7232bc533c21ce408d45d473,5bca2646-6745-4bbb-987d-ccb0a4486506,2026-08-09T21:46:28.902000Z,12.1,2803.0,50.8,8647.4,8364.5,7.1,75.7,15.3,402.87,0.0,0.0778,0.0,0.0001,0.0001,59.32,242,2846,2275.7,76.0,1
7232bc533c21ce408d45d473,5bca2646-6745-4bbb-987d-ccb0a4486506,2026-08-09T21:46:30.940000Z,12.2,2803.0,50.8,8647.6,8364.2,7.1,75.7,15.3,402.87,0.0,0.0164,0.0,0.0349,0.0037,102.514,242,2841,2266.4,76.0,1
7232bc533c21ce408d45d473,5bca2646-6745-4bbb-987d-ccb0a4486506,2026-08-09T21:46:32.891000Z,11.8,2803.0,50.8,8645.8,8366.0,7.1,75.7,15.3,402.87,0.0,0.0758,0.0,0.0008,0.0056,59.761,242,2850,2362.7,76.0,1
7232bc533c21ce408d45d473,5bca2646-6745-4bbb-987d-ccb0a4486506,2026-08-09T21:46:35.291000Z,17.0,2803.0,50.8,8646.1,8365.8,7.1,75.7,15.3,402.87,0.0,0.0532,0.0,0.0008,0.0001,75.3,242,2853,2759.2,77.0,1
7232bc533c21ce408d45d473,5bca2646-6745-4bbb-987d-ccb0a4486506,2026-08-09T21:46:36.903000Z,12.1,2803.0,50.8,8648.6,8363.2,7.1,75.7,15.3,402.87,0.0,0.2069,0.0,0.0001,0.001,64.773,242,2852,5781.2,77.0,1
7232bc533c21ce408d45d473,5bca2646-6745-4bbb-987d-ccb0a4486506,2026-08-09T21:46:38.932000Z,12.4,2803.0,50.8,8648.2,8363.7,7.1,75.7,15.3,402.87,0.0,0.0737,0.0,0.0001,0.0009,93.075,242,2851,2218.3,77.0,1
7232bc533c21ce408d45d473,5bca2646-6745-4bbb-987d-ccb0a4486506,2026-08-09T21:46:40.944000Z,12.6,2803.0,50.8,8647.4,8364.4,7.1,75.7,15.3,402.87,0.0,0.0123,0.0,0.0001,0.0001,100.166,242,2853,2411.7,77.0,1
7232bc533c21ce408d45d473,5bca2646-6745-4bbb-987d-ccb0a4486506,2026-08-09T21:46:42.920000Z,10.9,2803.0,50.8,8647.2,8364.6,7.1,75.7,15.3,402.87,0.0,0.0205,0.0,0.0001,0.0051,73.06,242,2853,2184.0,77.0,1
7232bc533c21ce408d45d473,5bca2646-6745-4bbb-987d-ccb0a4486506,2026-08-09T21:46:44.909000Z,12.8,2803.0,50.8,8644.5,8367.3,7.1,75.7,15.3,402.87,0.0,0.0246,0.0,0.0001,0.0013,68.207,242,2853,2276.0,77.0,1
7232bc533c21ce408d45d473,5bca2646-6745-4bbb-987d-ccb0a4486506,2026-08-09T21:46:47.402000Z,17.2,2803.0,50.8,8642.3,8369.6,7.1,75.7,15.3,402.87,0.0164,0.0676,0.0,0.0018,0.0003,156.934,242,2842,2689.3,77.0,1
7232bc533c21ce408d45d473,5bca2646-6745-4bbb-987d-ccb0a4486506,2026-08-09T21:46:48.914000Z,13.8,2803.0,50.8,8640.3,8371.6,7.1,75.7,15.3,402.87,0.0,0.2334,0.0,0.0002,0.0011,77.72,242,2847,6059.6,77.0,1
7232bc533c21ce408d45d473,5bca2646-6745-4bbb-987d-ccb0a4486506,2026-08-09T21:46:50.916000Z,13.0,2803.0,50.8,8640.0,8371.9,7.1,75.7,15.3,402.87,0.0,0.0451,0.0,0.0001,0.001,76.796,242,2848,2316.0,77.0,1
7232bc533c21ce408d45d473,5bca2646-6745-4bbb-987d-ccb0a4486506,2026-08-09T21:46:52.929000Z,11.3,2803.0,50.8,8637.4,8374.5,7.1,75.7,15.3,402.87,0.0,0.1433,0.0,0.0001,0.0004,85.285,242,2838,2572.1,77.0,1
7232bc533c21ce408d45d473,5bca2646-6745-4bbb-987d-ccb0a4486506,2026-08-09T21:46:54.890000Z,10.7,2803.0,50.8,8637.0,8374.8,7.1,75.7,15.3,402.87,0.0,0.0123,0.0,0.0001,0.0052,51.554,242,2837,2276.5,77.0,1
7232bc533c21ce408d45d473,5bca2646-6745-4bbb-987d-ccb0a4486506,2026-08-09T21:46:56.917000Z,11.7,2803.0,50.8,8637.0,8374.9,7.1,75.7,15.3,402.87,0.0,0.0409,0.0,0.0001,0.001,70.066,242,2838,2242.3,77.0,1
7232bc533c21ce408d45d473,5bca2646-6745-4bbb-987d-ccb0a4486506,2026-08-09T21:46:59.297000Z,16.0,2803.0,50.6,8615.9,8395.9,7.1,75.7,15.3,402.87,0.0,0.0184,0.333,0.0001,0.0001,61.458,241,2819,2572.3,77.0,1
7232bc533c21ce408d45d473,5bca2646-6745-4bbb-987d-ccb0a4486506,2026-08-09T21:47:00.882000Z,15.2,2803.0,50.7,8617.4,8394.5,7.1,75.7,15.3,402.87,0.0,0.0471,0.0,0.0001,0.0009,55.315,241,2818,5925.7,77.0,1
7232bc533c21ce408d45d473,5bca2646-6745-4bbb-987d-ccb0a4486506,2026-08-09T21:47:02.895000Z,14.3,2803.0,50.7,8618.4,8393.4,7.1,75.7,15.3,402.87,0.0,0.1454,0.0,0.0001,0.0009,61.454,242,2826,3032.8,77.0,1
7232bc533c21ce408d45d473,5bca2646-6745-4bbb-987d-ccb0a4486506,2026-08-09T21:47:04.875000Z,13.0,2803.0,50.7,8618.7,8393.2,7.1,75.7,15.3,402.87,0.0,0.1229,0.0,0.0001,0.0039,42.947,242,2831,3179.5,77.0,1
7232bc533c21ce408d45d473,5bca2646-6745-4bbb-987d-ccb0a4486506,2026-08-09T21:47:06.902000Z,10.5,2803.0,50.7,8618.7,8393.1,7.1,75.7,15.3,402.87,0.0,0.0635,0.0,0.0001,0.0021,61.624,242,2831,2231.1,77.0,1
7232bc533c21ce408d45d473,5bca2646-6745-4bbb-987d-ccb0a4486506,2026-08-09T21:47:09.294000Z,15.9,2803.0,50.7,8618.7,8393.1,7.1,75.7,15.3,402.87,0.0,0.0307,0.0,0.0001,0.001,73.392,242,2831,2150.2,77.0,1
7232bc533c21ce408d45d473,5bca2646-6745-4bbb-987d-ccb0a4486506,2026-08-09T21:47:10.855000Z,10.8,2803.0,50.7,8622.2,8389.7,7.1,75.7,15.3,402.87,0.0,0.0225,0.0,0.0001,0.0001,28.741,242,2831,5464.2,77.0,1
7232bc533c21ce408d45d473,5bca2646-6745-4bbb-987d-ccb0a4486506,2026-08-09T21:47:12.898000Z,12.3,2803.0,50.7,8621.9,8390.0,7.1,75.7,15.3,402.87,0.0,0.0758,0.0,0.0001,0.0005,65.938,242,2828,2693.3,77.0,1
7232bc533c21ce408d45d473,5bca2646-6745-4bbb-987d-ccb0a4486506,2026-08-09T21:47:14.892000Z,12.2,2803.0,50.7,8621.3,8390.5,7.1,75.7,15.3,402.87,0.0,0.0164,0.0,0.0002,0.0013,61.643,242,2823,2257.8,77.0,1
7232bc533c21ce408d45d473,5bca2646-6745-4bbb-987d-ccb0a4486506,2026-08-09T21:47:16.907000Z,13.1,2803.0,50.7,8621.0,8390.9,7.1,75.7,15.3,402.87,0.0,0.0451,0.0,0.0001,0.0037,78.049,242,2823,2307.2,77.0,1
7232bc533c21ce408d45d473,5bca2646-6745-4bbb-987d-ccb0a4486506,2026-08-09T21:47:18.903000Z,17.3,2803.0,50.6,8615.2,8396.7,7.1,75.7,15.3,402.87,0.0655,0.0471,0.0,0.0001,0.001,68.333,242,2823,2531.6,77.0,1
7232bc533c21ce408d45d473,5bca2646-6745-4bbb-987d-ccb0a4486506,2026-08-09T21:47:21.266000Z,16.2,2803.0,50.6,8615.0,8396.9,7.1,75.7,15.3,402.87,0.0164,0.0594,0.0,0.0001,0.0009,53.061,242,2813,2410.4,77.0,1
7232bc533c21ce408d45d473,5bca2646-6745-4bbb-987d-ccb0a4486506,2026-08-09T21:47:22.931000Z,15.1,2803.0,50.6,8615.1,8396.8,7.1,75.7,15.3,402.87,0.0,0.1208,0.0,0.0001,0.0001,95.716,242,2803,5838.9,77.0,1
7232bc533c21ce408d45d473,5bca2646-6745-4bbb-987d-ccb0a4486506,2026-08-09T21:47:24.878000Z,13.2,2803.0,50.6,8614.7,8397.1,7.1,75.7,15.3,402.87,0.0,0.1905,0.0,0.0001,0.0009,44.302,242,2796,2423.8,77.0,1
7232bc533c21ce408d45d473,5bca2646-6745-4bbb-987d-ccb0a4486506,2026-08-09T21:47:26.875000Z,12.0,2803.0,50.6,8613.8,8398.0,7.1,75.7,15.3,402.87,0.0,0.0123,0.0,0.0001,0.0051,48.494,242,2788,2344.1,77.0,1
7232bc533c21ce408d45d473,5bca2646-6745-4bbb-987d-ccb0a4486506,2026-08-09T21:47:28.859000Z,10.3,2803.0,50.6,8613.7,8398.2,7.1,75.7,15.3,402.87,0.0,0.0676,0.0,0.0001,0.0005,34.459,242,2785,2436.5,77.0,1
7232bc533c21ce408d45d473,5bca2646-6745-4bbb-987d-ccb0a4486506,2026-08-09T21:47:30.876000Z,12.1,2803.0,50.6,8599.6,8412.3,7.1,75.7,15.3,402.87,0.0,0.0717,0.0,0.0001,0.0009,52.045,242,2781,2262.5,77.0,1
7232bc533c21ce408d45d473,5bca2646-6745-4bbb-987d-ccb0a4486506,2026-08-09T21:47:33.881000Z,17.9,2803.0,50.5,8599.0,8412.8,7.1,75.7,15.3,402.87,0.0,0.0205,0.0,0.0001,0.001,67.478,244,2812,2379.1,77.0,1
7232bc533c21ce408d45d473,5bca2646-6745-4bbb-987d-ccb0a4486506,2026-08-09T21:47:34.914000Z,17.3,2803.0,50.7,8629.9,8381.9,7.1,75.7,15.3,402.87,0.0123,0.0225,0.0,0.0001,0.0001,72.659,244,2810,8857.2,77.0,1
7232bc533c21ce408d45d473,5bca2646-6745-4bbb-987d-ccb0a4486506,2026-08-09T21:47:36.932000Z,10.2,2803.0,50.7,8629.7,8382.1,7.1,75.7,15.3,402.87,0.0,0.0184,0.0,0.0001,0.0013,95.168,244,2810,2143.9,77.0,1
7232bc533c21ce408d45d473,5bca2646-6745-4bbb-987d-ccb0a4486506,2026-08-09T21:47:38.885000Z,15.5,2803.0,50.8,8648.9,8363.0,7.1,75.7,15.3,402.87,0.002,0.0614,0.0,0.0043,0.0107,39.557,244,2804,2772.2,77.0,1
7232bc533c21ce408d45d473,5bca2646-6745-4bbb-987d-ccb0a4486506,2026-08-09T21:47:40.889000Z,10.8,2803.0,50.7,8624.3,8387.6,7.1,75.7,15.3,402.87,0.639,10.4125,0.0,0.0014,0.0001,54.646,244,2809,2835.6,77.0,1
7232bc533c21ce408d45d473,5bca2646-6745-4bbb-987d-ccb0a4486506,2026-08-09T21:47:43.280000Z,16.7,2803.0,50.7,8623.8,8388.1,7.1,75.7,15.3,402.87,0.0,0.0512,0.0,0.0008,0.001,52.264,244,2810,2333.8,77.0,1
7232bc533c21ce408d45d473,5bca2646-6745-4bbb-987d-ccb0a4486506,2026-08-09T21:47:44.907000Z,14.4,2803.0,50.6,8613.1,8398.7,7.1,75.7,15.3,402.87,0.0,0.0819,0.0,0.0001,0.0009,66.09,244,2809,5688.6,77.0,1
7232bc533c21ce408d45d473,5bca2646-6745-4bbb-987d-ccb0a4486506,2026-08-09T21:47:46.871000Z,10.0,2803.0,50.6,8613.1,8398.7,7.1,75.7,15.3,402.87,0.0,0.0205,0.0,0.0019,0.0055,32.999,244,2804,2251.5,77.0,1
7232bc533c21ce408d45d473,5bca2646-6745-4bbb-987d-ccb0a4486506,2026-08-09T21:47:48.929000Z,13.8,2803.0,50.6,8613.2,8398.7,7.1,75.7,15.3,402.87,0.0,0.0184,0.0,0.0002,0.0043,88.503,244,2824,3070.1,77.0,1
7232bc533c21ce408d45d473,5bca2646-6745-4bbb-987d-ccb0a4486506,2026-08-09T21:47:50.887000Z,11.8,2803.0,50.6,8613.4,8398.5,7.1,75.7,15.3,402.87,0.0,0.0184,0.0,0.0001,0.0018,54.028,244,2827,2232.4,77.0,1
7232bc533c21ce408d45d473,5bca2646-6745-4bbb-987d-ccb0a4486506,2026-08-09T21:47:53.286000Z,16.1,2803.0,50.6,8613.8,8398.1,7.1,75.7,15.3,402.87,0.0,0.0819,0.0,0.0001,0.0001,62.771,244,2830,2488.2,77.0,1
7232bc533c21ce408d45d473,5bca2646-6745-4bbb-987d-ccb0a4486506,2026-08-09T21:47:54.895000Z,16.0,2803.0,50.7,8618.1,8393.7,7.1,75.7,15.3,402.87,0.0164,0.0901,0.0,0.0001,0.0011,59.547,244,2824,5958.0,77.0,1
7232bc533c21ce408d45d473,5bca2646-6745-4bbb-987d-ccb0a4486506,2026-08-09T21:47:56.877000Z,12.4,2803.0,50.7,8617.6,8394.2,7.1,75.7,15.3,402.87,0.0,0.0205,0.0,0.0001,0.001,37.696,244,2826,2466.4,77.0,1
7232bc533c21ce408d45d473,5bca2646-6745-4bbb-987d-ccb0a4486506,2026-08-09T21:47:58.881000Z,11.3,2803.0,50.7,8617.1,8394.7,7.1,75.7,15.3,402.87,0.0,0.1434,0.0,0.0001,0.0004,48.761,244,2825,2352.9,77.0,1
7232bc533c21ce408d45d473,5bca2646-6745-4bbb-987d-ccb0a4486506,2026-08-09T21:48:00.896000Z,13.9,2803.0,50.7,8617.8,8394.1,7.1,75.7,15.3,402.87,0.0,0.0573,0.0,0.0001,0.0052,52.538,244,2822,2228.4,77.0,1
7232bc533c21ce408d45d473,5bca2646-6745-4bbb-987d-ccb0a4486506,2026-08-09T21:48:02.891000Z,10.1,2803.0,50.7,8617.4,8394.5,7.1,75.7,15.3,402.87,0.0,0.0307,0.0,0.0001,0.001,60.185,244,2821,2198.1,77.0,1
7232bc533c21ce408d45d473,5bca2646-6745-4bbb-987d-ccb0a4486506,2026-08-09T21:48:05.282000Z,16.1,2803.0,50.7,8617.3,8394.6,7.1,75.7,15.3,402.87,0.0,0.0123,0.0,0.0001,0.0001,65.166,244,2818,2265.1,77.0,1
7232bc533c21ce408d45d473,5bca2646-6745-4bbb-987d-ccb0a4486506,2026-08-09T21:48:06.891000Z,15.7,2803.0,50.7,8618.9,8393.0,7.1,75.7,15.3,402.87,0.0,0.0389,0.0,0.0001,0.0013,50.417,244,2818,5647.0,77.0,1
7232bc533c21ce408d45d473,5bca2646-6745-4bbb-987d-ccb0a4486506,2026-08-09T21:48:08.873000Z,11.2,2803.0,50.7,8618.8,8393.0,7.1,75.7,15.3,402.87,0.041,0.215,0.0,0.0001,0.001,37.939,244,2820,2514.8,77.0,1
7232bc533c21ce408d45d473,5bca2646-6745-4bbb-987d-ccb0a4486506,2026-08-09T21:48:10.895000Z,10.9,2803.0,50.7,8618.4,8393.4,7.1,75.7,15.3,402.87,0.0,0.0143,0.0,0.0001,0.0043,41.352,244,2826,2814.9,78.0,1
7232bc533c21ce408d45d473,5bca2646-6745-4bbb-987d-ccb0a4486506,2026-08-09T21:48:12.898000Z,11.5,2803.0,50.7,8618.3,8393.5,7.1,75.7,15.3,402.87,0.0,0.0225,0.0,0.0001,0.0014,58.775,244,2826,2244.9,78.0,1
7232bc533c21ce408d45d473,5bca2646-6745-4bbb-987d-ccb0a4486506,2026-08-09T21:48:14.879000Z,12.9,2803.0,50.7,8618.4,8393.5,7.1,75.7,15.3,402.87,0.0328,0.084,0.0,0.0001,0.001,47.078,244,2825,2157.9,78.0,1
7232bc533c21ce408d45d473,5bca2646-6745-4bbb-987d-ccb0a4486506,2026-08-09T21:48:17.298000Z,17.7,2803.0,50.7,8618.3,8393.5,7.1,75.7,15.3,402.87,0.0,0.0164,0.0,0.0001,0.0003,82.401,244,2821,2136.9,78.0,1
7232bc533c21ce408d45d473,5bca2646-6745-4bbb-987d-ccb0a4486506,2026-08-09T21:48:18.897000Z,12.6,2803.0,50.7,8620.4,8391.5,7.1,75.7,15.3,402.87,0.0,0.1085,0.0,0.0001,0.001,51.065,244,2823,5384.5,78.0,1
7232bc533c21ce408d45d473,5bca2646-6745-4bbb-987d-ccb0a4486506,2026-08-09T21:48:20.874000Z,13.3,2803.0,50.7,8619.9,8392.0,7.1,75.7,15.3,402.87,0.0,0.0164,0.0,0.0001,0.0013,30.198,244,2829,2500.9,78.0,1
7232bc533c21ce408d45d473,5bca2646-6745-4bbb-987d-ccb0a4486506,2026-08-09T21:48:22.879000Z,11.6,2803.0,50.7,8619.7,8392.1,7.1,75.7,15.3,402.87,0.0,0.0307,0.25,0.0001,0.0043,36.524,244,2828,2233.2,78.0,1
7232bc533c21ce408d45d473,5bca2646-6745-4bbb-987d-ccb0a4486506,2026-08-09T21:48:24.880000Z,11.6,2803.0,50.7,8619.7,8392.2,7.1,75.7,15.3,402.87,0.0328,0.0164,0.0,0.0001,0.001,41.444,244,2827,2319.4,78.0,1
7232bc533c21ce408d45d473,5bca2646-6745-4bbb-987d-ccb0a4486506,2026-08-09T21:48:27.252000Z,16.4,2803.0,50.7,8619.5,8392.4,7.1,75.7,15.3,402.87,0.0164,0.0532,0.0,0.0001,0.0009,40.266,244,2823,2122.4,78.0,1
7232bc533c21ce408d45d473,5bca2646-6745-4bbb-987d-ccb0a4486506,2026-08-09T21:48:28.879000Z,14.4,2803.0,50.7,8617.8,8394.1,7.1,75.7,15.3,402.87,0.0,0.0717,0.0,0.0001,0.0001,43.043,243,2817,5915.8,78.0,1
7232bc533c21ce408d45d473,5bca2646-6745-4bbb-987d-ccb0a4486506,2026-08-09T21:48:30.923000Z,12.4,2803.0,50.7,8617.4,8394.4,7.1,75.7,15.3,402.87,0.0,0.0533,0.0,0.0002,0.001,85.584,243,2812,2507.1,78.0,1
7232bc533c21ce408d45d473,5bca2646-6745-4bbb-987d-ccb0a4486506,2026-08-09T21:48:32.914000Z,12.4,2803.0,50.7,8616.9,8394.9,7.1,75.7,15.3,402.87,0.0,0.0205,0.0,0.0001,0.0052,72.215,243,2810,2699.1,78.0,1
7232bc533c21ce408d45d473,5bca2646-6745-4bbb-987d-ccb0a4486506,2026-08-09T21:48:34.873000Z,12.2,2803.0,50.6,8615.5,8396.3,7.1,75.7,15.3,402.87,0.0,0.0512,0.0,0.0001,0.0005,40.323,243,2811,2204.0,78.0,1
7232bc533c21ce408d45d473,5bca2646-6745-4bbb-987d-ccb0a4486506,2026-08-09T21:48:37.404000Z,23.4,2803.0,50.7,8617.1,8394.8,7.1,75.7,15.3,402.87,0.0,0.0123,0.0,0.0001,0.001,49.119,243,2956,2101.1,78.0,1
7232bc533c21ce408d45d473,5bca2646-6745-4bbb-987d-ccb0a4486506,2026-08-09T21:48:38.895000Z,14.0,2803.0,50.6,8612.3,8399.6,7.1,75.7,15.3,402.87,0.0,0.5163,0.0,0.0001,0.001,40.899,243,2957,14270.8,78.0,1
7232bc533c21ce408d45d473,5bca2646-6745-4bbb-987d-ccb0a4486506,2026-08-09T21:48:40.903000Z,10.4,2803.0,50.6,8612.1,8399.8,7.1,75.7,15.3,402.87,0.0,0.0143,0.0,0.0001,0.0001,56.647,243,2952,2157.8,78.0,1
7232bc533c21ce408d45d473,5bca2646-6745-4bbb-987d-ccb0a4486506,2026-08-09T21:48:42.902000Z,11.0,2803.0,50.6,8611.1,8400.7,7.1,75.7,15.3,402.87,0.0,0.0164,0.0,0.0001,0.0013,54.638,243,2951,2117.7,78.0,1
7232bc533c21ce408d45d473,5bca2646-6745-4bbb-987d-ccb0a4486506,2026-08-09T21:48:44.887000Z,9.9,2803.0,50.6,8610.6,8401.2,7.1,75.7,15.3,402.87,0.0,0.0676,0.0,0.0001,0.0052,41.124,243,2951,2495.7,78.0,1
7232bc533c21ce408d45d473,5bca2646-6745-4bbb-987d-ccb0a4486506,2026-08-09T21:48:46.897000Z,11.1,2803.0,50.6,8609.9,8402.0,7.1,75.7,15.3,402.87,0.0,0.0614,0.0,0.0019,0.0004,41.555,243,2944,2328.6,78.0,1
7232bc533c21ce408d45d473,5bca2646-6745-4bbb-987d-ccb0a4486506,2026-08-09T21:48:49.302000Z,19.3,2803.0,50.6,8609.2,8402.6,7.1,75.7,15.3,402.87,0.0164,1.9742,0.0,0.0002,0.0011,66.128,243,2952,2840.4,78.0,1
7232bc533c21ce408d45d473,5bca2646-6745-4bbb-987d-ccb0a4486506,2026-08-09T21:48:50.906000Z,16.3,2803.0,50.6,8611.2,8400.6,7.1,75.7,15.3,402.87,0.0,0.0246,0.0,0.0001,0.001,54.569,243,2952,5705.1,78.0,1
7232bc533c21ce408d45d473,5bca2646-6745-4bbb-987d-ccb0a4486506,2026-08-09T21:48:52.892000Z,11.3,2803.0,50.6,8611.0,8400.8,7.1,75.7,15.3,402.87,0.0,0.0307,0.0,0.0001,0.0001,37.913,243,2952,2453.3,78.0,1
7232bc533c21ce408d45d473,5bca2646-6745-4bbb-987d-ccb0a4486506,2026-08-09T21:48:54.900000Z,11.2,2803.0,50.6,8610.7,8401.2,7.1,75.7,15.3,402.87,0.0,0.0225,0.0,0.0001,0.0047,39.203,243,2950,2378.8,78.0,1
7232bc533c21ce408d45d473,5bca2646-6745-4bbb-987d-ccb0a4486506,2026-08-09T21:48:56.919000Z,12.5,2803.0,50.6,8610.5,8401.4,7.1,75.7,15.3,402.87,0.0,0.0123,0.0,0.0001,0.0018,66.003,243,2951,2301.6,78.0,1
7232bc533c21ce408d45d473,5bca2646-6745-4bbb-987d-ccb0a4486506,2026-08-09T21:48:59.294000Z,17.5,2803.0,50.6,8610.3,8401.6,7.1,75.7,15.3,402.87,0.0,0.0676,0.0,0.0001,0.0001,71.982,243,2952,2458.4,78.0,1
7232bc533c21ce408d45d473,5bca2646-6745-4bbb-987d-ccb0a4486506,2026-08-09T21:49:00.914000Z,13.3,2803.0,50.6,8610.3,8401.6,7.1,75.7,15.3,402.87,0.0,0.0307,0.0,0.0001,0.0009,65.613,243,2951,5512.6,78.0,1
7232bc533c21ce408d45d473,5bca2646-6745-4bbb-987d-ccb0a4486506,2026-08-09T21:49:02.906000Z,11.0,2803.0,50.6,8609.5,8402.4,7.1,75.7,15.3,402.87,0.0164,0.0696,0.0,0.0001,0.0009,59.606,243,2950,2119.9,78.0,1
7232bc533c21ce408d45d473,5bca2646-6745-4bbb-987d-ccb0a4486506,2026-08-09T21:49:04.923000Z,12.9,2803.0,50.6,8607.6,8404.2,7.1,75.7,15.3,402.87,0.041,0.1659,0.0,0.0001,0.0004,74.727,242,2947,2671.1,78.0,1
7232bc533c21ce408d45d473,5bca2646-6745-4bbb-987d-ccb0a4486506,2026-08-09T21:49:06.911000Z,12.0,2803.0,50.6,8606.8,8405.0,7.1,75.7,15.3,402.87,0.0,0.0246,0.0,0.0001,0.0056,60.353,242,2947,2240.7,78.0,1
7232bc533c21ce408d45d473,5bca2646-6745-4bbb-987d-ccb0a4486506,2026-08-09T21:49:08.904000Z,11.7,2803.0,50.6,8606.7,8405.1,7.1,75.7,15.3,402.87,0.0328,0.0942,0.0,0.0001,0.001,59.145,242,2943,2343.1,78.0,1
7232bc533c21ce408d45d473,5bca2646-6745-4bbb-987d-ccb0a4486506,2026-08-09T21:49:11.294000Z,15.9,2803.0,50.6,8606.8,8405.1,7.1,75.7,15.3,402.87,0.0,0.0246,0.0,0.0001,0.0001,71.575,242,2944,2255.0,78.0,1
7232bc533c21ce408d45d473,5bca2646-6745-4bbb-987d-ccb0a4486506,2026-08-09T21:49:12.946000Z,12.5,2803.0,50.6,8608.2,8403.7,7.1,75.7,15.3,402.87,0.0,0.0655,0.0,0.0001,0.001,89.805,242,2946,5605.5,78.0,1
7232bc533c21ce408d45d473,5bca2646-6745-4bbb-987d-ccb0a4486506,2026-08-09T21:49:14.944000Z,10.0,2803.0,50.6,8608.1,8403.7,7.1,75.7,15.3,402.87,0.0,0.0143,0.0,0.0001,0.0009,101.513,242,2946,2232.3,78.0,1
7232bc533c21ce408d45d473,5bca2646-6745-4bbb-987d-ccb0a4486506,2026-08-09T21:49:16.879000Z,10.6,2803.0,50.6,8607.0,8404.9,7.1,75.7,15.3,402.87,0.0,0.0123,0.0,0.0001,0.004,43.221,242,2941,2466.2,78.0,1
7232bc533c21ce408d45d473,5bca2646-6745-4bbb-987d-ccb0a4486506,2026-08-09T21:49:18.882000Z,11.6,2803.0,50.6,8606.7,8405.1,7.1,75.7,15.3,402.87,0.0,0.0676,0.0,0.0001,0.0018,38.38,242,2941,2256.6,78.0,1
7232bc533c21ce408d45d473,5bca2646-6745-4bbb-987d-ccb0a4486506,2026-08-09T21:49:20.875000Z,13.4,2803.0,50.6,8607.2,8404.6,7.1,75.7,15.3,402.87,0.0,0.0594,0.0,0.0001,0.001,27.501,242,2947,2337.1,78.0,1
7232bc533c21ce408d45d473,5bca2646-6745-4bbb-987d-ccb0a4486506,2026-08-09T21:49:23.273000Z,15.3,2803.0,50.6,8607.4,8404.4,7.1,75.7,15.3,402.87,0.0,0.0348,0.0,0.0001,0.0001,40.812,242,2949,2217.4,78.0,1
7232bc533c21ce408d45d473,5bca2646-6745-4bbb-987d-ccb0a4486506,2026-08-09T21:49:24.879000Z,16.7,2803.0,50.6,8610.8,8401.0,7.1,75.7,15.3,402.87,0.0,0.0758,0.0,0.0001,0.0009,26.274,242,2946,6042.7,78.0,1
7232bc533c21ce408d45d473,5bca2646-6745-4bbb-987d-ccb0a4486506,2026-08-09T21:49:26.903000Z,11.2,2803.0,50.6,8610.2,8401.7,7.1,75.7,15.3,402.87,0.0,0.0225,0.0,0.0001,0.0013,53.573,242,2945,1998.0,78.0,1
7232bc533c21ce408d45d473,5bca2646-6745-4bbb-987d-ccb0a4486506,2026-08-09T21:49:28.943000Z,9.7,2803.0,50.6,8609.7,8402.1,7.1,75.7,15.3,402.87,0.0,0.0143,0.0,0.0001,0.0043,95.567,242,2943,2151.3,78.0,1
7232bc533c21ce408d45d473,5bca2646-6745-4bbb-987d-ccb0a4486506,2026-08-09T21:49:30.920000Z,9.9,2803.0,50.6,8609.9,8401.9,7.1,75.7,15.3,402.87,0.0328,0.0287,0.0,0.0001,0.001,72.654,242,2937,2322.9,78.0,1
7232bc533c21ce408d45d473,5bca2646-6745-4bbb-987d-ccb0a4486506,2026-08-09T21:49:33.238000Z,17.4,2803.0,50.6,8609.5,8402.4,7.1,75.7,15.3,402.87,0.0164,0.1085,0.0,0.0001,0.001,30.795,242,2936,2598.1,78.0,1
7232bc533c21ce408d45d473,5bca2646-6745-4bbb-987d-ccb0a4486506,2026-08-09T21:49:34.884000Z,15.5,2803.0,50.6,8606.2,8405.7,7.1,75.7,15.3,402.87,0.0,0.0942,0.0,0.0001,0.0001,41.572,241,2933,6646.3,78.0,1
7232bc533c21ce408d45d473,5bca2646-6745-4bbb-987d-ccb0a4486506,2026-08-09T21:49:36.881000Z,13.5,2803.0,50.6,8605.8,8406.0,7.1,75.7,15.3,402.87,0.0,0.0819,0.0,0.0001,0.0009,41.66,241,2931,2314.8,78.0,1
7232bc533c21ce408d45d473,5bca2646-6745-4bbb-987d-ccb0a4486506,2026-08-09T21:49:38.865000Z,11.7,2803.0,50.6,8605.2,8406.6,7.1,75.7,15.3,402.87,0.0,0.0532,0.0,0.0001,0.0051,26.39,241,2928,2059.2,78.0,1
7232bc533c21ce408d45d473,5bca2646-6745-4bbb-987d-ccb0a4486506,2026-08-09T21:49:40.869000Z,13.4,2803.0,50.6,8605.0,8406.9,7.1,75.7,15.3,402.87,0.0,0.0205,0.0,0.0001,0.0005,29.428,241,2926,2406.7,78.0,1
7232bc533c21ce408d45d473,5bca2646-6745-4bbb-987d-ccb0a4486506,2026-08-09T21:49:42.901000Z,12.4,2803.0,50.6,8604.9,8406.9,7.1,75.7,15.3,402.87,0.0,0.0184,0.0,0.0001,0.001,60.113,241,2924,2023.6,78.0,1
7232bc533c21ce408d45d473,5bca2646-6745-4bbb-987d-ccb0a4486506,2026-08-09T21:49:45.314000Z,16.8,2803.0,50.6,8604.8,8407.1,7.1,75.7,15.3,402.87,0.0,0.0287,0.0,0.0001,0.0009,80.616,241,2932,2645.7,78.0,1
7232bc533c21ce408d45d473,5bca2646-6745-4bbb-987d-ccb0a4486506,2026-08-09T21:49:46.909000Z,17.0,2803.0,50.6,8607.1,8404.7,7.1,75.7,15.3,402.87,0.0,0.1003,0.0,0.002,0.0054,55.704,241,2931,6717.1,79.0,1
7232bc533c21ce408d45d473,5bca2646-6745-4bbb-987d-ccb0a4486506,2026-08-09T21:49:48.889000Z,14.1,2803.0,50.6,8606.9,8404.9,7.1,75.7,15.3,402.87,0.0,0.0901,0.0,0.0002,0.0014,46.626,241,2931,2478.5,79.0,1
7232bc533c21ce408d45d473,5bca2646-6745-4bbb-987d-ccb0a4486506,2026-08-09T21:49:50.905000Z,11.8,2803.0,50.6,8606.7,8405.2,7.1,75.7,15.3,402.87,0.0,0.0143,0.0,0.0001,0.0052,60.106,241,2926,2136.1,79.0,1
7232bc533c21ce408d45d473,5bca2646-6745-4bbb-987d-ccb0a4486506,2026-08-09T21:49:52.904000Z,10.5,2803.0,50.6,8605.0,8406.8,7.1,75.7,15.3,402.87,0.0,0.0717,0.0,0.0001,0.0001,60.385,241,2919,2452.6,79.0,1
7232bc533c21ce408d45d473,5bca2646-6745-4bbb-987d-ccb0a4486506,2026-08-09T21:49:54.880000Z,12.4,2803.0,50.6,8603.8,8408.1,7.1,75.7,15.3,402.87,0.0,0.0881,0.0,0.0001,0.001,48.571,241,2909,2524.3,79.0,1
7232bc533c21ce408d45d473,5bca2646-6745-4bbb-987d-ccb0a4486506,2026-08-09T21:49:57.276000Z,15.4,2803.0,50.6,8603.4,8408.4,7.1,75.7,15.3,402.87,0.0,0.0143,0.0,0.0001,0.0011,63.083,241,2911,2575.7,79.0,1
7232bc533c21ce408d45d473,5bca2646-6745-4bbb-987d-ccb0a4486506,2026-08-09T21:49:58.915000Z,11.9,2803.0,50.6,8604.9,8407.0,7.1,75.7,15.3,402.87,0.0,0.0287,0.0,0.0001,0.0001,74.72,241,2910,5394.7,79.0,1
7232bc533c21ce408d45d473,5bca2646-6745-4bbb-987d-ccb0a4486506,2026-08-09T21:50:00.916000Z,13.4,2803.0,50.6,8603.4,8408.4,7.1,75.7,15.3,402.87,0.0,0.0123,0.5,0.0001,0.0051,70.899,240,2898,2573.1,79.0,1
7232bc533c21ce408d45d473,5bca2646-6745-4bbb-987d-ccb0a4486506,2026-08-09T21:50:02.924000Z,13.7,2803.0,50.6,8601.8,8410.1,7.1,75.7,15.3,402.87,0.0,0.0143,0.0,0.0001,0.0013,82.191,240,2894,2110.7,79.0,1
7232bc533c21ce408d45d473,5bca2646-6745-4bbb-987d-ccb0a4486506,2026-08-09T21:50:04.896000Z,13.3,2803.0,50.6,8601.5,8410.4,7.1,75.7,15.3,402.87,0.0819,0.2294,0.0,0.0001,0.0001,50.343,240,2899,2334.1,79.0,1
7232bc533c21ce408d45d473,5bca2646-6745-4bbb-987d-ccb0a4486506,2026-08-09T21:50:07.262000Z,16.3,2803.0,50.6,8601.2,8410.7,7.1,75.7,15.3,402.87,0.0164,0.0635,0.0,0.0001,0.0013,52.814,240,2895,2116.8,79.0,1
7232bc533c21ce408d45d473,5bca2646-6745-4bbb-987d-ccb0a4486506,2026-08-09T21:50:08.887000Z,15.4,2803.0,50.6,8602.1,8409.8,7.1,75.7,15.3,402.87,0.0,0.0287,0.0,0.0001,0.001,47.555,240,2889,5713.6,79.0,1
7232bc533c21ce408d45d473,5bca2646-6745-4bbb-987d-ccb0a4486506,2026-08-09T21:50:10.874000Z,11.5,2803.0,50.6,8601.7,8410.1,7.1,75.7,15.3,402.87,0.0,0.1598,0.0,0.0001,0.0004,37.409,240,2882,2362.2,79.0,1
7232bc533c21ce408d45d473,5bca2646-6745-4bbb-987d-ccb0a4486506,2026-08-09T21:50:12.884000Z,11.0,2803.0,50.6,8600.8,8411.0,7.1,75.7,15.3,402.87,0.0,0.0123,0.0,0.0001,0.0052,43.43,240,2882,2283.0,79.0,1
7232bc533c21ce408d45d473,5bca2646-6745-4bbb-987d-ccb0a4486506,2026-08-09T21:50:14.871000Z,10.9,2803.0,50.6,8600.8,8411.0,7.1,75.7,15.3,402.87,0.0,0.0614,0.0,0.0001,0.0009,37.718,240,2881,2196.5,79.0,1
7232bc533c21ce408d45d473,5bca2646-6745-4bbb-987d-ccb0a4486506,2026-08-09T21:50:16.943000Z,10.7,2803.0,50.6,8600.3,8411.6,7.1,75.7,15.3,402.87,0.0,0.0123,0.0,0.0002,0.0003,92.848,240,2868,2344.5,79.0,1
7232bc533c21ce408d45d473,5bca2646-6745-4bbb-987d-ccb0a4486506,2026-08-09T21:50:19.246000Z,18.1,2803.0,50.6,8600.3,8411.6,7.1,75.7,15.3,402.87,0.0,0.0205,0.0,0.0002,0.0011,28.925,240,2864,2205.6,79.0,1
7232bc533c21ce408d45d473,5bca2646-6745-4bbb-987d-ccb0a4486506,2026-08-09T21:50:20.892000Z,14.5,2803.0,50.6,8603.2,8408.7,7.1,75.7,15.3,402.87,0.0,0.0369,0.0,0.0001,0.001,60.312,240,2863,5674.2,79.0,1
7232bc533c21ce408d45d473,5bca2646-6745-4bbb-987d-ccb0a4486506,2026-08-09T21:50:22.892000Z,10.3,2803.0,50.6,8602.8,8409.1,7.1,75.7,15.3,402.87,0.0,0.0655,0.0,0.0001,0.0043,57.684,240,2859,2223.7,79.0,1
7232bc533c21ce408d45d473,5bca2646-6745-4bbb-987d-ccb0a4486506,2026-08-09T21:50:24.936000Z,11.8,2803.0,50.6,8602.6,8409.3,7.1,75.7,15.3,402.87,0.0,0.0655,0.0,0.0001,0.0013,99.943,240,2862,2232.9,79.0,1
7232bc533c21ce408d45d473,5bca2646-6745-4bbb-987d-ccb0a4486506,2026-08-09T21:50:26.993000Z,13.0,2803.0,50.6,8602.5,8409.3,7.1,75.7,15.3,402.87,0.0,0.0655,0.0,0.0001,0.0009,152.323,240,2862,2289.3,79.0,1
7232bc533c21ce408d45d473,5bca2646-6745-4bbb-987d-ccb0a4486506,2026-08-09T21:50:28.883000Z,13.0,2803.0,50.6,8602.5,8409.3,7.1,75.7,15.3,402.87,0.0,0.0491,0.0,0.0001,0.0001,53.293,240,2863,2299.8,79.0,1
7232bc533c21ce408d45d473,5bca2646-6745-4bbb-987d-ccb0a4486506,2026-08-09T21:50:31.250000Z,14.9,2803.0,50.6,8602.5,8409.3,7.1,75.7,15.3,402.87,0.0,0.0143,0.0,0.0002,0.001,36.413,240,2855,2167.5,79.0,1
7232bc533c21ce408d45d473,5bca2646-6745-4bbb-987d-ccb0a4486506,2026-08-09T21:50:32.878000Z,14.9,2803.0,50.6,8604.8,8407.0,7.1,75.7,15.3,402.87,0.0,0.0287,0.0,0.0001,0.0013,41.494,240,2854,5750.8,79.0,1
7232bc533c21ce408d45d473,5bca2646-6745-4bbb-987d-ccb0a4486506,2026-08-09T21:50:34.936000Z,12.0,2803.0,50.6,8604.6,8407.2,7.1,75.7,15.3,402.87,0.0,0.0492,0.0,0.0001,0.0043,94.337,240,2854,2261.0,79.0,1
7232bc533c21ce408d45d473,5bca2646-6745-4bbb-987d-ccb0a4486506,2026-08-09T21:50:36.851000Z,11.1,2803.0,50.6,8604.8,8407.0,7.1,75.7,15.3,402.87,0.0,0.0225,0.0,0.0001,0.001,26.691,240,2851,2230.8,79.0,1
7232bc533c21ce408d45d473,5bca2646-6745-4bbb-987d-ccb0a4486506,2026-08-09T21:50:38.888000Z,10.5,2803.0,50.6,8604.9,8407.0,7.1,75.7,15.3,402.87,0.0328,0.0655,0.0,0.0001,0.001,50.598,240,2843,2277.3,79.0,1
7232bc533c21ce408d45d473,5bca2646-6745-4bbb-987d-ccb0a4486506,2026-08-09T21:50:40.859000Z,11.0,2803.0,50.6,8604.8,8407.1,7.1,75.7,15.3,402.87,0.0164,0.0553,0.0,0.0001,0.0001,33.683,240,2832,2612.0,79.0,1
7232bc533c21ce408d45d473,5bca2646-6745-4bbb-987d-ccb0a4486506,2026-08-09T21:50:43.252000Z,14.7,2803.0,50.6,8604.4,8407.4,7.1,75.7,15.3,402.87,0.0,0.0491,0.0,0.0001,0.001,54.644,240,2819,2272.3,79.0,1
7232bc533c21ce408d45d473,5bca2646-6745-4bbb-987d-ccb0a4486506,2026-08-09T21:50:44.888000Z,12.6,2803.0,50.6,8608.1,8403.8,7.1,75.7,15.3,402.87,0.0,0.0737,0.0,0.0025,0.0444,47.899,240,2818,5911.6,79.0,1
7232bc533c21ce408d45d473,5bca2646-6745-4bbb-987d-ccb0a4486506,2026-08-09T21:50:46.861000Z,10.0,2803.0,50.6,8607.8,8404.1,7.1,75.7,15.3,402.87,0.0,0.0225,0.0,0.0018,0.0031,36.468,240,2809,2464.0,79.0,1
7232bc533c21ce408d45d473,5bca2646-6745-4bbb-987d-ccb0a4486506,2026-08-09T21:50:48.856000Z,13.3,2803.0,50.6,8609.4,8402.5,7.1,75.7,15.3,402.87,0.0328,0.1639,0.0,0.0025,0.0172,27.369,240,2810,3437.9,79.0,1
7232bc533c21ce408d45d473,5bca2646-6745-4bbb-987d-ccb0a4486506,2026-08-09T21:50:50.860000Z,12.5,2803.0,50.6,8609.8,8402.1,7.1,75.7,15.3,402.87,0.0,0.0778,0.0,0.0001,0.001,44.387,240,2810,2316.8,79.0,1
7232bc533c21ce408d45d473,5bca2646-6745-4bbb-987d-ccb0a4486506,2026-08-09T21:50:53.242000Z,15.1,2803.0,50.6,8610.0,8401.8,7.1,75.7,15.3,402.87,0.0,0.0328,0.0,0.0002,0.0002,43.181,240,2811,2341.7,79.0,1
7232bc533c21ce408d45d473,5bca2646-6745-4bbb-987d-ccb0a4486506,2026-08-09T21:50:54.849000Z,16.2,2803.0,50.6,8615.5,8396.3,7.1,75.7,15.3,402.87,0.0,0.1229,0.0,0.0001,0.0013,28.748,240,2808,5592.0,79.0,1
7232bc533c21ce408d45d473,5bca2646-6745-4bbb-987d-ccb0a4486506,2026-08-09T21:50:56.902000Z,23.5,2803.0,51.0,8674.5,8337.3,7.1,75.7,15.3,402.87,0.0,0.0123,0.0,0.0001,0.0052,35.692,240,2810,2815.5,79.0,1
7232bc533c21ce408d45d473,5bca2646-6745-4bbb-987d-ccb0a4486506,2026-08-09T21:50:58.850000Z,16.2,2803.0,50.4,8580.8,8431.0,7.1,75.7,15.3,402.87,0.0,0.1024,0.0,0.0001,0.0001,28.828,240,2809,2500.7,79.0,1
7232bc533c21ce408d45d473,5bca2646-6745-4bbb-987d-ccb0a4486506,2026-08-09T21:51:00.858000Z,14.2,2803.0,50.4,8579.0,8432.8,7.1,75.7,15.3,402.87,0.0,0.0553,0.0,0.0001,0.0015,27.651,240,2815,2907.3,79.0,1
7232bc533c21ce408d45d473,5bca2646-6745-4bbb-987d-ccb0a4486506,2026-08-09T21:51:02.884000Z,10.9,2803.0,50.4,8576.9,8435.0,7.1,75.7,15.3,402.87,0.0328,0.0553,0.0,0.0001,0.0011,52.05,240,2818,2180.6,79.0,1
7232bc533c21ce408d45d473,5bca2646-6745-4bbb-987d-ccb0a4486506,2026-08-09T21:51:05.248000Z,15.9,2803.0,50.4,8576.2,8435.7,7.1,75.7,15.3,402.87,0.0,0.0512,0.0,0.0001,0.0001,61.879,240,2818,2216.7,79.0,1
7232bc533c21ce408d45d473,5bca2646-6745-4bbb-987d-ccb0a4486506,2026-08-09T21:51:06.883000Z,14.3,2803.0,50.4,8570.0,8441.9,7.1,75.7,15.3,402.87,0.0,0.0614,0.0,0.0001,0.0055,48.994,240,2818,5381.2,79.0,1
7232bc533c21ce408d45d473,5bca2646-6745-4bbb-987d-ccb0a4486506,2026-08-09T21:51:08.865000Z,12.0,2803.0,50.4,8569.3,8442.5,7.1,75.7,15.3,402.87,0.0,0.0451,0.0,0.0001,0.0013,42.786,240,2815,2053.8,79.0,1
7232bc533c21ce408d45d473,5bca2646-6745-4bbb-987d-ccb0a4486506,2026-08-09T21:51:10.913000Z,12.6,2803.0,50.4,8569.0,8442.8,7.1,75.7,15.3,402.87,0.0,0.0143,0.0,0.0001,0.0001,40.882,240,2819,2223.1,79.0,1
7232bc533c21ce408d45d473,5bca2646-6745-4bbb-987d-ccb0a4486506,2026-08-09T21:51:12.879000Z,24.9,2803.0,50.6,8607.0,8404.8,7.1,75.7,15.3,402.87,0.0,0.041,0.0,0.0001,0.0009,47.853,241,2859,7734.3,79.0,1
7232bc533c21ce408d45d473,5bca2646-6745-4bbb-987d-ccb0a4486506,2026-08-09T21:51:15.231000Z,20.5,2803.0,50.6,8607.2,8404.7,7.1,75.7,15.3,402.87,0.1843,0.1945,0.0,0.0001,0.0009,36.692,241,2852,2638.1,79.0,1
7232bc533c21ce408d45d473,5bca2646-6745-4bbb-987d-ccb0a4486506,2026-08-09T21:51:16.873000Z,12.2,2803.0,50.6,8607.9,8404.0,7.1,75.7,15.3,402.87,0.0164,0.1393,0.0,0.0001,0.0005,42.758,241,2843,5570.5,79.0,1
7232bc533c21ce408d45d473,5bca2646-6745-4bbb-987d-ccb0a4486506,2026-08-09T21:51:18.862000Z,10.9,2803.0,50.6,8607.4,8404.5,7.1,75.7,15.3,402.87,0.0,0.0553,0.0,0.0023,0.0072,33.926,241,2844,2382.8,79.0,1
7232bc533c21ce408d45d473,5bca2646-6745-4bbb-987d-ccb0a4486506,2026-08-09T21:51:20.880000Z,12.2,2803.0,50.6,8600.7,8411.1,7.0,75.2,15.3,402.87,0.0,0.0143,0.0,0.0001,0.0009,51.84,241,2842,2767.7,79.0,1
7232bc533c21ce408d45d473,5bca2646-6745-4bbb-987d-ccb0a4486506,2026-08-09T21:51:22.902000Z,12.2,2803.0,50.5,8584.7,8427.1,7.0,75.2,15.3,402.87,0.0,0.0533,0.0,0.0001,0.0001,76.961,240,2821,2658.3,79.0,1
7232bc533c21ce408d45d473,5bca2646-6745-4bbb-987d-ccb0a4486506,2026-08-09T21:51:25.331000Z,17.1,2803.0,50.5,8584.6,8427.3,7.0,75.2,15.3,402.87,0.0,0.0143,0.0,0.0001,0.001,117.251,240,2819,2536.5,79.0,1
7232bc533c21ce408d45d473,5bca2646-6745-4bbb-987d-ccb0a4486506,2026-08-09T21:51:26.882000Z,13.0,2803.0,50.5,8585.0,8426.9,7.0,75.2,15.3,402.87,0.0,0.1353,0.0,0.0001,0.0009,55.378,240,2815,5734.0,79.0,1
7232bc533c21ce408d45d473,5bca2646-6745-4bbb-987d-ccb0a4486506,2026-08-09T21:51:28.896000Z,11.5,2803.0,50.5,8584.0,8427.8,7.0,75.2,15.3,402.87,0.0,0.0799,0.0,0.0001,0.0043,68.524,240,2815,2267.2,79.0,1
7232bc533c21ce408d45d473,5bca2646-6745-4bbb-987d-ccb0a4486506,2026-08-09T21:51:30.872000Z,13.4,2803.0,50.5,8583.7,8428.2,7.0,75.2,15.3,402.87,0.0,0.1352,0.0,0.0001,0.0014,51.16,240,2821,2798.9,79.0,1
7232bc533c21ce408d45d473,5bca2646-6745-4bbb-987d-ccb0a4486506,2026-08-09T21:51:32.877000Z,12.5,2803.0,50.5,8583.6,8428.2,7.0,75.2,15.3,402.87,0.0,0.0225,0.0,0.0001,0.001,52.047,240,2819,2367.4,79.0,1
7232bc533c21ce408d45d473,5bca2646-6745-4bbb-987d-ccb0a4486506,2026-08-09T21:51:34.872000Z,13.5,2803.0,50.5,8583.4,8428.4,7.0,75.2,15.3,402.87,0.0,0.0123,0.333,0.0001,0.0001,44.454,240,2832,3505.5,79.0,1
7232bc533c21ce408d45d473,5bca2646-6745-4bbb-987d-ccb0a4486506,2026-08-09T21:51:37.247000Z,17.9,2803.0,50.5,8583.5,8428.4,7.0,75.2,15.3,402.87,0.0,0.0656,0.0,0.0001,0.001,53.472,240,2831,2247.1,79.0,1
7232bc533c21ce408d45d473,5bca2646-6745-4bbb-987d-ccb0a4486506,2026-08-09T21:51:38.939000Z,13.0,2803.0,50.5,8586.8,8425.1,7.0,75.2,15.3,402.87,0.0,0.0287,0.0,0.0002,0.0014,43.018,240,2832,5347.1,79.0,1
7232bc533c21ce408d45d473,5bca2646-6745-4bbb-987d-ccb0a4486506,2026-08-09T21:51:40.874000Z,21.5,2803.0,50.5,8594.4,8417.4,7.0,75.2,15.3,402.87,0.0,0.0798,0.0,0.0001,0.0043,44.009,241,2851,7241.2,80.0,1
7232bc533c21ce408d45d473,5bca2646-6745-4bbb-987d-ccb0a4486506,2026-08-09T21:51:42.916000Z,11.0,2803.0,50.5,8594.2,8417.6,7.0,75.2,15.3,402.87,0.0,0.0123,0.0,0.0001,0.0009,78.12,241,2844,2191.0,80.0,1
7232bc533c21ce408d45d473,5bca2646-6745-4bbb-987d-ccb0a4486506,2026-08-09T21:51:44.883000Z,18.1,2803.0,50.5,8594.9,8416.9,7.0,75.2,15.3,402.87,0.0,0.0307,0.0,0.0001,0.0009,46.928,241,2844,2234.1,80.0,1
7232bc533c21ce408d45d473,5bca2646-6745-4bbb-987d-ccb0a4486506,2026-08-09T21:51:47.339000Z,16.4,2803.0,50.5,8595.9,8416.0,7.0,75.2,15.3,402.87,0.0328,0.0655,0.0,0.0019,0.0041,112.19,241,2844,2620.9,80.0,1
7232bc533c21ce408d45d473,5bca2646-6745-4bbb-987d-ccb0a4486506,2026-08-09T21:51:48.854000Z,15.7,2803.0,50.5,8591.8,8420.1,7.0,75.2,15.3,402.87,0.0164,0.1454,0.0,0.0002,0.0011,26.641,240,2825,6362.4,80.0,1
7232bc533c21ce408d45d473,5bca2646-6745-4bbb-987d-ccb0a4486506,2026-08-09T21:51:50.868000Z,12.0,2803.0,50.5,8590.4,8421.5,7.0,75.2,15.3,402.87,0.0,0.0614,0.0,0.0001,0.0051,52.301,240,2821,2348.4,80.0,1
7232bc533c21ce408d45d473,5bca2646-6745-4bbb-987d-ccb0a4486506,2026-08-09T21:51:52.867000Z,13.8,2803.0,50.5,8589.3,8422.6,7.0,75.2,15.3,402.87,0.0,0.0778,0.0,0.0001,0.0005,41.696,240,2822,2478.5,80.0,1
7232bc533c21ce408d45d473,5bca2646-6745-4bbb-987d-ccb0a4486506,2026-08-09T21:51:54.995000Z,12.6,2803.0,50.5,8589.0,8422.8,7.0,75.2,15.3,402.87,0.0,0.0143,0.0,0.0001,0.0009,163.274,240,2816,2503.3,80.0,1
7232bc533c21ce408d45d473,5bca2646-6745-4bbb-987d-ccb0a4486506,2026-08-09T21:51:56.928000Z,12.9,2803.0,50.5,8588.7,8423.1,7.0,75.2,15.3,402.87,0.0328,0.0492,0.0,0.0001,0.001,91.935,240,2817,2388.0,80.0,1
7232bc533c21ce408d45d473,5bca2646-6745-4bbb-987d-ccb0a4486506,2026-08-09T21:51:59.234000Z,15.1,2803.0,50.5,8588.6,8423.3,7.0,75.2,15.3,402.87,0.0,0.0164,0.0,0.0001,0.0001,32.74,240,2817,2284.5,80.0,1
7232bc533c21ce408d45d473,5bca2646-6745-4bbb-987d-ccb0a4486506,2026-08-09T21:52:00.871000Z,12.6,2803.0,50.5,8591.5,8420.3,7.0,75.2,15.3,402.87,0.0,0.1106,0.0,0.0001,0.0013,41.378,240,2817,5559.8,80.0,1
7232bc533c21ce408d45d473,5bca2646-6745-4bbb-987d-ccb0a4486506,2026-08-09T21:52:02.876000Z,10.5,2803.0,50.5,8590.2,8421.7,7.0,75.2,15.3,402.87,0.0,0.0164,0.0,0.0001,0.0052,46.632,240,2817,2206.1,80.0,1
7232bc533c21ce408d45d473,5bca2646-6745-4bbb-987d-ccb0a4486506,2026-08-09T21:52:04.880000Z,11.3,2803.0,50.5,8589.7,8422.2,7.0,75.2,15.3,402.87,0.0,0.084,0.0,0.0001,0.0001,50.489,240,2816,2327.6,80.0,1
7232bc533c21ce408d45d473,5bca2646-6745-4bbb-987d-ccb0a4486506,2026-08-09T21:52:06.908000Z,12.0,2803.0,50.5,8589.9,8421.9,7.0,75.2,15.3,402.87,0.0,0.0512,0.0,0.0001,0.0013,76.424,240,2815,2070.9,80.0,1
7232bc533c21ce408d45d473,5bca2646-6745-4bbb-987d-ccb0a4486506,2026-08-09T21:52:08.858000Z,12.3,2803.0,50.5,8589.7,8422.2,7.0,75.2,15.3,402.87,0.0,0.0123,0.0,0.0001,0.0009,35.351,240,2809,2298.0,80.0,1
7232bc533c21ce408d45d473,5bca2646-6745-4bbb-987d-ccb0a4486506,2026-08-09T21:52:11.265000Z,16.1,2803.0,50.5,8589.5,8422.4,7.0,75.2,15.3,402.87,0.0082,0.0676,0.0,0.0001,0.0001,76.104,240,2806,2294.9,80.0,1
7232bc533c21ce408d45d473,5bca2646-6745-4bbb-987d-ccb0a4486506,2026-08-09T21:52:12.860000Z,13.8,2803.0,50.5,8590.1,8421.7,7.0,75.2,15.3,402.87,0.0,0.0307,0.0,0.0001,0.0047,29.845,240,2806,5517.3,80.0,1
7232bc533c21ce408d45d473,5bca2646-6745-4bbb-987d-ccb0a4486506,2026-08-09T21:52:14.901000Z,12.2,2803.0,50.5,8590.1,8421.8,7.0,75.2,15.3,402.87,0.0,0.0164,0.0,0.0002,0.0015,79.648,240,2803,1997.5,80.0,1
7232bc533c21ce408d45d473,5bca2646-6745-4bbb-987d-ccb0a4486506,2026-08-09T21:52:16.914000Z,11.0,2803.0,50.5,8589.5,8422.4,7.0,75.2,15.3,402.87,0.0,0.0573,0.0,0.0001,0.0002,79.19,240,2800,2576.2,80.0,1
7232bc533c21ce408d45d473,5bca2646-6745-4bbb-987d-ccb0a4486506,2026-08-09T21:52:18.876000Z,10.9,2803.0,50.5,8588.9,8422.9,7.0,75.2,15.3,402.87,0.0,0.0123,0.0,0.0001,0.001,59.328,240,2796,2262.3,80.0,1
7232bc533c21ce408d45d473,5bca2646-6745-4bbb-987d-ccb0a4486506,2026-08-09T21:52:21.266000Z,16.3,2803.0,50.5,8589.0,8422.8,7.0,75.2,15.3,402.87,0.0164,0.131,0.0,0.0001,0.0009,74.093,240,2804,2241.1,80.0,1
7232bc533c21ce408d45d473,5bca2646-6745-4bbb-987d-ccb0a4486506,2026-08-09T21:52:22.886000Z,14.3,2803.0,50.5,8591.1,8420.8,7.0,75.2,15.3,402.87,0.0,0.0348,0.0,0.0001,0.0004,52.705,240,2803,5523.7,80.0,1
7232bc533c21ce408d45d473,5bca2646-6745-4bbb-987d-ccb0a4486506,2026-08-09T21:52:24.870000Z,10.5,2803.0,50.5,8590.6,8421.2,7.0,75.2,15.3,402.87,0.0,0.1164,0.0,0.0001,0.0052,41.984,240,2802,2183.1,80.0,1
7232bc533c21ce408d45d473,5bca2646-6745-4bbb-987d-ccb0a4486506,2026-08-09T21:52:26.869000Z,13.3,2803.0,50.5,8590.6,8421.2,7.0,75.2,15.3,402.87,0.0,0.0657,0.0,0.0001,0.0009,37.525,240,2804,2082.9,80.0,1
7232bc533c21ce408d45d473,5bca2646-6745-4bbb-987d-ccb0a4486506,2026-08-09T21:52:28.858000Z,10.3,2803.0,50.5,8590.6,8421.2,7.0,75.2,15.3,402.87,0.0,0.0143,0.0,0.0001,0.0001,30.612,240,2804,2062.8,80.0,1
7232bc533c21ce408d45d473,5bca2646-6745-4bbb-987d-ccb0a4486506,2026-08-09T21:52:30.846000Z,9.7,2803.0,50.5,8590.6,8421.2,7.0,75.2,15.3,402.87,0.0,0.0123,0.0,0.0001,0.001,27.086,240,2800,2109.0,80.0,1
7232bc533c21ce408d45d473,5bca2646-6745-4bbb-987d-ccb0a4486506,2026-08-09T21:52:33.217000Z,17.5,2803.0,50.5,8590.6,8421.3,7.0,75.2,15.3,402.87,0.0,0.0143,0.0,0.0001,0.001,26.869,240,2800,2264.7,80.0,1
7232bc533c21ce408d45d473,5bca2646-6745-4bbb-987d-ccb0a4486506,2026-08-09T21:52:34.882000Z,13.5,2803.0,50.5,8593.5,8418.4,7.0,75.2,15.3,402.87,0.0,0.0369,0.0,0.0001,0.0043,57.28,240,2804,5398.4,80.0,1
7232bc533c21ce408d45d473,5bca2646-6745-4bbb-987d-ccb0a4486506,2026-08-09T21:52:36.917000Z,12.2,2803.0,50.5,8593.5,8418.3,7.0,75.2,15.3,402.87,0.0,0.0594,0.0,0.0001,0.0013,86.459,240,2802,2133.6,80.0,1
7232bc533c21ce408d45d473,5bca2646-6745-4bbb-987d-ccb0a4486506,2026-08-09T21:52:38.968000Z,11.1,2803.0,50.5,8593.2,8418.6,7.0,75.2,15.3,402.87,0.0,0.0594,0.0,0.0001,0.001,126.327,240,2803,2327.3,80.0,1
7232bc533c21ce408d45d473,5bca2646-6745-4bbb-987d-ccb0a4486506,2026-08-09T21:52:40.861000Z,11.3,2803.0,50.5,8593.1,8418.8,7.0,75.2,15.3,402.87,0.0,0.0143,0.0,0.0001,0.0001,42.675,240,2806,2379.3,80.0,1
7232bc533c21ce408d45d473,5bca2646-6745-4bbb-987d-ccb0a4486506,2026-08-09T21:52:42.862000Z,12.7,2803.0,50.5,8592.5,8419.3,7.0,75.2,15.3,402.87,0.0,0.0512,0.0,0.0001,0.001,33.402,240,2806,2147.2,80.0,1
7232bc533c21ce408d45d473,5bca2646-6745-4bbb-987d-ccb0a4486506,2026-08-09T21:52:45.235000Z,19.2,2803.0,50.5,8590.6,8421.3,7.0,75.2,15.3,402.87,0.0,0.0369,0.0,0.0012,0.0075,31.401,240,2806,2565.9,80.0,1
7232bc533c21ce408d45d473,5bca2646-6745-4bbb-987d-ccb0a4486506,2026-08-09T21:52:46.880000Z,12.1,2803.0,50.5,8592.2,8419.6,7.0,75.2,15.3,402.87,0.0,0.0246,0.0,0.0019,0.0046,59.161,240,2797,5847.3,80.0,1
7232bc533c21ce408d45d473,5bca2646-6745-4bbb-987d-ccb0a4486506,2026-08-09T21:52:48.851000Z,11.0,2803.0,50.5,8591.5,8420.4,7.0,75.2,15.3,402.87,0.0,0.0205,0.0,0.0002,0.0012,28.624,240,2804,2379.6,80.0,1
7232bc533c21ce408d45d473,5bca2646-6745-4bbb-987d-ccb0a4486506,2026-08-09T21:52:50.903000Z,10.2,2803.0,50.5,8591.6,8420.3,7.0,75.2,15.3,402.87,0.0,0.0205,0.0,0.0001,0.001,80.515,240,2806,2147.4,80.0,1
7232bc533c21ce408d45d473,5bca2646-6745-4bbb-987d-ccb0a4486506,2026-08-09T21:52:52.875000Z,11.2,2803.0,50.5,8589.5,8422.3,7.0,75.2,15.3,402.87,0.0655,0.0778,0.0,0.0001,0.0001,48.606,240,2794,2425.5,80.0,1
7232bc533c21ce408d45d473,5bca2646-6745-4bbb-987d-ccb0a4486506,2026-08-09T21:52:54.875000Z,12.2,2803.0,50.5,8589.1,8422.7,7.0,75.2,15.3,402.87,0.0164,0.1352,0.0,0.0001,0.0011,54.084,240,2777,2485.2,80.0,1
7232bc533c21ce408d45d473,5bca2646-6745-4bbb-987d-ccb0a4486506,2026-08-09T21:52:57.217000Z,16.2,2803.0,50.5,8587.5,8424.4,7.0,75.2,15.3,402.87,0.0,0.0533,0.0,0.0001,0.0051,34.595,240,2752,2284.7,80.0,1
7232bc533c21ce408d45d473,5bca2646-6745-4bbb-987d-ccb0a4486506,2026-08-09T21:52:58.899000Z,14.0,2803.0,50.5,8585.1,8426.7,7.0,75.2,15.3,402.87,0.0,0.0696,0.0,0.0001,0.0005,84.734,240,2750,5585.5,80.0,1
7232bc533c21ce408d45d473,5bca2646-6745-4bbb-987d-ccb0a4486506,2026-08-09T21:53:00.970000Z,12.5,2803.0,50.5,8585.8,8426.1,7.0,75.2,15.3,402.87,0.0,0.0143,0.0,0.0001,0.0009,137.02,240,2738,2388.1,80.0,1
7232bc533c21ce408d45d473,5bca2646-6745-4bbb-987d-ccb0a4486506,2026-08-09T21:53:02.862000Z,10.3,2803.0,50.5,8584.4,8427.5,7.0,75.2,15.3,402.87,0.0,0.0143,0.0,0.0001,0.0005,43.071,240,2733,2174.0,80.0,1
7232bc533c21ce408d45d473,5bca2646-6745-4bbb-987d-ccb0a4486506,2026-08-09T21:53:04.866000Z,11.1,2803.0,50.5,8582.8,8429.0,7.0,75.2,15.3,402.87,0.0,0.0184,0.0,0.0001,0.0001,43.8,240,2730,2276.0,80.0,1
7232bc533c21ce408d45d473,5bca2646-6745-4bbb-987d-ccb0a4486506,2026-08-09T21:53:07.223000Z,16.8,2803.0,50.5,8582.7,8429.2,7.0,75.2,15.3,402.87,0.0,0.0963,0.0,0.0001,0.0016,48.066,240,2731,2005.4,80.0,1
7232bc533c21ce408d45d473,5bca2646-6745-4bbb-987d-ccb0a4486506,2026-08-09T21:53:08.922000Z,10.8,2803.0,50.5,8583.7,8428.2,7.0,75.2,15.3,402.87,0.0,0.0307,0.0,0.0001,0.0052,105.389,240,2726,5393.1,80.0,1
7232bc533c21ce408d45d473,5bca2646-6745-4bbb-987d-ccb0a4486506,2026-08-09T21:53:10.844000Z,10.5,2803.0,50.5,8583.5,8428.4,7.0,75.2,15.3,402.87,0.0,0.0594,0.04,0.0001,0.0001,28.826,240,2729,2188.1,80.0,1
7232bc533c21ce408d45d473,5bca2646-6745-4bbb-987d-ccb0a4486506,2026-08-09T21:53:12.850000Z,10.6,2803.0,50.5,8582.9,8428.9,7.0,75.2,15.3,402.87,0.0,0.0696,0.0,0.0001,0.001,27.741,240,2725,2262.3,80.0,1
7232bc533c21ce408d45d473,5bca2646-6745-4bbb-987d-ccb0a4486506,2026-08-09T21:53:14.863000Z,11.0,2803.0,50.5,8582.5,8429.3,7.0,75.2,15.3,402.87,0.0,0.0184,0.0,0.0001,0.001,42.806,240,2723,2128.6,80.0,1
7232bc533c21ce408d45d473,5bca2646-6745-4bbb-987d-ccb0a4486506,2026-08-09T21:53:16.854000Z,10.4,2803.0,50.4,8582.3,8429.5,7.0,75.2,15.3,402.87,0.0,0.0553,0.0,0.0001,0.0002,41.313,240,2725,2229.9,80.0,1
7232bc533c21ce408d45d473,5bca2646-6745-4bbb-987d-ccb0a4486506,2026-08-09T21:53:19.222000Z,14.9,2803.0,50.4,8582.1,8429.8,7.0,75.2,15.3,402.87,0.0,0.0246,0.0,0.0001,0.0042,47.324,240,2725,2243.2,80.0,1
7232bc533c21ce408d45d473,5bca2646-6745-4bbb-987d-ccb0a4486506,2026-08-09T21:53:20.842000Z,12.8,2803.0,50.5,8584.5,8427.4,7.0,75.2,15.3,402.87,0.0,0.0225,0.0,0.0001,0.0021,26.952,240,2726,5508.4,80.0,1
7232bc533c21ce408d45d473,5bca2646-6745-4bbb-987d-ccb0a4486506,2026-08-09T21:53:22.843000Z,10.9,2803.0,50.5,8584.3,8427.5,7.0,75.2,15.3,402.87,0.0,0.1065,0.0,0.0001,0.0001,28.737,240,2723,2109.9,80.0,1
7232bc533c21ce408d45d473,5bca2646-6745-4bbb-987d-ccb0a4486506,2026-08-09T21:53:24.849000Z,12.0,2803.0,50.5,8583.9,8427.9,7.0,75.2,15.3,402.87,0.0,0.0123,0.0,0.0001,0.001,27.521,240,2722,2215.3,80.0,1
7232bc533c21ce408d45d473,5bca2646-6745-4bbb-987d-ccb0a4486506,2026-08-09T21:53:26.853000Z,10.0,2803.0,50.5,8583.9,8427.9,7.0,75.2,15.3,402.87,0.0,0.086,0.0,0.0001,0.0009,37.432,240,2735,2159.9,80.0,1
7232bc533c21ce408d45d473,5bca2646-6745-4bbb-987d-ccb0a4486506,2026-08-09T21:53:29.257000Z,17.9,2803.0,50.5,8583.4,8428.4,7.0,75.2,15.3,402.87,0.0,0.0225,0.0,0.0001,0.0004,43.407,240,2735,2663.2,81.0,1
7232bc533c21ce408d45d473,5bca2646-6745-4bbb-987d-ccb0a4486506,2026-08-09T21:53:30.860000Z,16.2,2803.0,50.5,8584.8,8427.1,7.0,75.2,15.3,402.87,0.041,0.1167,0.0,0.0001,0.0052,41.246,240,2730,5402.2,81.0,1
7232bc533c21ce408d45d473,5bca2646-6745-4bbb-987d-ccb0a4486506,2026-08-09T21:53:32.871000Z,10.9,2803.0,50.5,8584.3,8427.5,7.0,75.2,15.3,402.87,0.0164,0.1188,0.0,0.0001,0.001,50.313,240,2727,2354.3,81.0,1
7232bc533c21ce408d45d473,5bca2646-6745-4bbb-987d-ccb0a4486506,2026-08-09T21:53:34.854000Z,10.3,2803.0,50.5,8583.0,8428.9,7.0,75.2,15.3,402.87,0.0,0.0164,0.0,0.0001,0.0001,26.654,240,2729,2341.5,81.0,1
7232bc533c21ce408d45d473,5bca2646-6745-4bbb-987d-ccb0a4486506,2026-08-09T21:53:36.841000Z,9.9,2803.0,50.5,8583.2,8428.7,7.0,75.2,15.3,402.87,0.0,0.0143,0.0,0.0001,0.0009,27.442,240,2726,1995.5,81.0,1
7232bc533c21ce408d45d473,5bca2646-6745-4bbb-987d-ccb0a4486506,2026-08-09T21:53:38.882000Z,22.1,2803.0,50.6,8611.2,8400.7,7.0,75.2,15.3,402.87,0.0,0.0143,0.0,0.0001,0.0009,42.522,240,2880,11879.6,81.0,1
7232bc533c21ce408d45d473,5bca2646-6745-4bbb-987d-ccb0a4486506,2026-08-09T21:53:41.265000Z,17.0,2803.0,50.6,8611.0,8400.9,7.0,75.2,15.3,402.87,0.0,0.0123,0.0,0.0001,0.0043,36.596,240,2879,2447.8,81.0,1
7232bc533c21ce408d45d473,5bca2646-6745-4bbb-987d-ccb0a4486506,2026-08-09T21:53:42.875000Z,13.2,2803.0,50.6,8612.5,8399.3,7.0,75.2,15.3,402.87,0.0,0.084,0.0,0.0001,0.0014,41.569,240,2879,5559.9,81.0,1
7232bc533c21ce408d45d473,5bca2646-6745-4bbb-987d-ccb0a4486506,2026-08-09T21:53:44.876000Z,11.6,2803.0,50.6,8611.4,8400.4,7.0,75.2,15.3,402.87,0.0,0.0614,0.0,0.0001,0.0009,43.966,240,2879,2410.5,81.0,1
7232bc533c21ce408d45d473,5bca2646-6745-4bbb-987d-ccb0a4486506,2026-08-09T21:53:46.878000Z,12.4,2803.0,50.6,8611.1,8400.7,7.0,75.2,15.3,402.87,0.0,0.0451,0.0,0.0019,0.0054,42.639,240,2870,2370.2,81.0,1
7232bc533c21ce408d45d473,5bca2646-6745-4bbb-987d-ccb0a4486506,2026-08-09T21:53:48.881000Z,11.8,2803.0,50.6,8611.0,8400.8,7.0,75.2,15.3,402.87,0.0,0.0614,0.0,0.0002,0.0012,43.822,240,2877,2306.6,81.0,1
7232bc533c21ce408d45d473,5bca2646-6745-4bbb-987d-ccb0a4486506,2026-08-09T21:53:51.263000Z,16.0,2803.0,50.6,8611.1,8400.7,7.0,75.2,15.3,402.87,0.0328,0.0184,0.0,0.0001,0.0013,44.317,240,2881,2258.3,81.0,1
7232bc533c21ce408d45d473,5bca2646-6745-4bbb-987d-ccb0a4486506,2026-08-09T21:53:52.883000Z,11.4,2803.0,50.6,8614.0,8397.9,7.0,75.2,15.3,402.87,0.0,0.0778,0.0,0.0002,0.0044,53.059,240,2880,5645.2,81.0,1
7232bc533c21ce408d45d473,5bca2646-6745-4bbb-987d-ccb0a4486506,2026-08-09T21:53:54.912000Z,12.6,2803.0,50.6,8613.6,8398.3,7.0,75.2,15.3,402.87,0.0,0.0123,0.0,0.0001,0.0009,78.053,240,2882,2160.2,81.0,1
7232bc533c21ce408d45d473,5bca2646-6745-4bbb-987d-ccb0a4486506,2026-08-09T21:53:56.886000Z,12.6,2803.0,50.6,8613.1,8398.7,7.0,75.2,15.3,402.87,0.0737,0.1782,0.0,0.0001,0.0009,48.128,240,2878,2493.2,81.0,1
7232bc533c21ce408d45d473,5bca2646-6745-4bbb-987d-ccb0a4486506,2026-08-09T21:53:58.919000Z,12.3,2803.0,50.6,8613.0,8398.9,7.0,75.2,15.3,402.87,0.0,0.0676,0.0,0.0001,0.0001,87.52,240,2878,2179.9,81.0,1
7232bc533c21ce408d45d473,5bca2646-6745-4bbb-987d-ccb0a4486506,2026-08-09T21:54:01.257000Z,17.2,2803.0,50.6,8613.8,8398.0,7.0,75.2,15.3,402.87,0.0492,0.1086,0.0,0.0001,0.0009,39.278,240,2877,2498.4,81.0,1
7232bc533c21ce408d45d473,5bca2646-6745-4bbb-987d-ccb0a4486506,2026-08-09T21:54:02.879000Z,14.0,2803.0,50.6,8615.2,8396.7,7.0,75.2,15.3,402.87,0.0,0.0696,0.0,0.0001,0.0051,45.139,240,2875,5347.4,81.0,1
7232bc533c21ce408d45d473,5bca2646-6745-4bbb-987d-ccb0a4486506,2026-08-09T21:54:04.888000Z,22.7,2803.0,50.8,8644.9,8367.0,7.0,75.2,15.3,402.87,0.0,0.0491,0.0,0.0079,0.0057,43.055,244,2890,6779.7,81.0,1
7232bc533c21ce408d45d473,5bca2646-6745-4bbb-987d-ccb0a4486506,2026-08-09T21:54:06.890000Z,12.1,2803.0,50.8,8640.6,8371.2,7.0,75.2,15.3,402.87,0.0,0.086,0.0,0.0001,0.0013,50.358,241,2889,2490.3,81.0,1
7232bc533c21ce408d45d473,5bca2646-6745-4bbb-987d-ccb0a4486506,2026-08-09T21:54:08.858000Z,10.8,2803.0,50.8,8639.5,8372.3,7.0,75.2,15.3,402.87,0.0,0.0184,0.0,0.0001,0.0009,28.399,241,2886,2156.6,81.0,1
7232bc533c21ce408d45d473,5bca2646-6745-4bbb-987d-ccb0a4486506,2026-08-09T21:54:10.888000Z,10.8,2803.0,50.8,8639.3,8372.6,7.0,75.2,15.3,402.87,0.0,0.0184,0.0,0.0001,0.0016,48.868,241,2888,2438.4,81.0,1
7232bc533c21ce408d45d473,5bca2646-6745-4bbb-987d-ccb0a4486506,2026-08-09T21:54:13.267000Z,15.5,2803.0,50.8,8639.3,8372.5,7.0,75.2,15.3,402.87,0.0,0.0717,0.0,0.0001,0.0013,41.798,241,2888,2145.7,81.0,1
7232bc533c21ce408d45d473,5bca2646-6745-4bbb-987d-ccb0a4486506,2026-08-09T21:54:14.875000Z,16.2,2803.0,50.8,8640.2,8371.7,7.0,75.2,15.3,402.87,0.0,0.043,0.0,0.0001,0.0048,41.43,241,2884,5673.3,81.0,1
7232bc533c21ce408d45d473,5bca2646-6745-4bbb-987d-ccb0a4486506,2026-08-09T21:54:16.865000Z,13.3,2803.0,50.8,8639.7,8372.1,7.0,75.2,15.3,402.87,0.0,0.1331,0.0,0.0001,0.0002,26.252,241,2884,2223.5,81.0,1
7232bc533c21ce408d45d473,5bca2646-6745-4bbb-987d-ccb0a4486506,2026-08-09T21:54:18.909000Z,17.6,2803.0,50.9,8656.2,8355.7,7.0,75.2,15.3,402.87,0.0,0.0697,0.0,0.0001,0.0011,40.678,247,2956,4893.8,81.0,1
7232bc533c21ce408d45d473,5bca2646-6745-4bbb-987d-ccb0a4486506,2026-08-09T21:54:20.925000Z,11.7,2803.0,50.9,8656.2,8355.6,7.0,75.2,15.3,402.87,0.0082,0.0532,0.0,0.0001,0.001,57.41,247,2940,2356.0,81.0,1
7232bc533c21ce408d45d473,5bca2646-6745-4bbb-987d-ccb0a4486506,2026-08-09T21:54:22.891000Z,12.8,2803.0,50.9,8651.2,8360.7,7.0,75.2,15.3,402.87,0.0,0.0348,0.0,0.0001,0.0003,43.174,245,2940,2259.9,81.0,1
7232bc533c21ce408d45d473,5bca2646-6745-4bbb-987d-ccb0a4486506,2026-08-09T21:54:25.304000Z,17.6,2803.0,50.9,8651.2,8360.7,7.0,75.2,15.3,402.87,0.0,1.024,0.0,0.0001,0.0059,62.453,245,2939,2342.5,81.0,1
7232bc533c21ce408d45d473,5bca2646-6745-4bbb-987d-ccb0a4486506,2026-08-09T21:54:26.883000Z,14.9,2803.0,50.9,8652.4,8359.4,7.0,75.2,15.3,402.87,0.0,0.0635,0.0,0.0001,0.0019,27.135,245,2941,5485.5,81.0,1
7232bc533c21ce408d45d473,5bca2646-6745-4bbb-987d-ccb0a4486506,2026-08-09T21:54:28.889000Z,12.3,2803.0,50.9,8652.4,8359.5,7.0,75.2,15.3,402.87,0.0,0.0758,0.0,0.0002,0.0007,32.541,245,2940,2381.5,81.0,1
7232bc533c21ce408d45d473,5bca2646-6745-4bbb-987d-ccb0a4486506,2026-08-09T21:54:30.881000Z,10.7,2803.0,50.9,8652.4,8359.4,7.0,75.2,15.3,402.87,0.0,0.0225,0.0,0.0001,0.0013,27.144,245,2886,2075.4,81.0,1
7232bc533c21ce408d45d473,5bca2646-6745-4bbb-987d-ccb0a4486506,2026-08-09T21:54:32.878000Z,12.7,2803.0,50.8,8640.5,8371.3,7.0,75.2,15.3,402.87,0.0,0.0942,0.0,0.0001,0.0013,41.337,241,2885,2769.7,81.0,1
7232bc533c21ce408d45d473,5bca2646-6745-4bbb-987d-ccb0a4486506,2026-08-09T21:54:34.881000Z,11.8,2803.0,50.8,8640.3,8371.6,7.0,75.2,15.3,402.87,0.0164,0.2294,0.023,0.0001,0.0005,41.553,241,2892,2467.5,81.0,1
7232bc533c21ce408d45d473,5bca2646-6745-4bbb-987d-ccb0a4486506,2026-08-09T21:54:37.240000Z,16.9,2803.0,50.8,8640.5,8371.3,7.0,75.2,15.3,402.87,0.0,0.0205,0.0,0.0001,0.0058,27.416,241,2894,2409.2,81.0,1
7232bc533c21ce408d45d473,5bca2646-6745-4bbb-987d-ccb0a4486506,2026-08-09T21:54:38.874000Z,11.7,2803.0,50.8,8641.7,8370.2,7.0,75.2,15.3,402.87,0.0,0.0758,0.0,0.0001,0.0014,28.865,241,2898,5499.3,81.0,1
7232bc533c21ce408d45d473,5bca2646-6745-4bbb-987d-ccb0a4486506,2026-08-09T21:54:40.896000Z,13.7,2803.0,50.8,8641.5,8370.3,7.0,75.2,15.3,402.87,0.0,0.0451,0.0,0.0001,0.0004,55.253,241,2901,2596.9,81.0,1
7232bc533c21ce408d45d473,5bca2646-6745-4bbb-987d-ccb0a4486506,2026-08-09T21:54:42.892000Z,11.7,2803.0,50.8,8641.4,8370.5,7.0,75.2,15.3,402.87,0.0,0.0184,0.0,0.0001,0.0013,53.162,241,2900,2133.5,81.0,1
7232bc533c21ce408d45d473,5bca2646-6745-4bbb-987d-ccb0a4486506,2026-08-09T21:54:44.885000Z,13.4,2803.0,50.7,8619.3,8392.5,7.0,75.2,15.3,402.87,0.0328,0.0287,0.0,0.0001,0.0014,52.717,240,2883,2698.2,81.0,1
7232bc533c21ce408d45d473,5bca2646-6745-4bbb-987d-ccb0a4486506,2026-08-09T21:54:46.877000Z,13.7,2803.0,50.7,8618.8,8393.1,7.0,75.2,15.3,402.87,0.0082,0.1147,0.0,0.0018,0.0041,43.332,240,2872,2775.7,81.0,1
7232bc533c21ce408d45d473,5bca2646-6745-4bbb-987d-ccb0a4486506,2026-08-09T21:54:49.271000Z,18.4,2803.0,50.7,8618.5,8393.4,7.0,75.2,15.3,402.87,0.0,0.0819,0.0,0.0002,0.0024,52.003,240,2880,2475.3,81.0,1
7232bc533c21ce408d45d473,5bca2646-6745-4bbb-987d-ccb0a4486506,2026-08-09T21:54:50.904000Z,12.9,2803.0,50.7,8621.0,8390.8,7.0,75.2,15.3,402.87,0.0,0.1434,0.0,0.0002,0.0014,61.835,240,2880,5635.6,81.0,1
7232bc533c21ce408d45d473,5bca2646-6745-4bbb-987d-ccb0a4486506,2026-08-09T21:54:52.873000Z,9.6,2803.0,50.7,8620.4,8391.5,7.0,75.2,15.3,402.87,0.0,0.0614,0.0,0.0001,0.0005,35.719,240,2878,2309.7,81.0,1
7232bc533c21ce408d45d473,5bca2646-6745-4bbb-987d-ccb0a4486506,2026-08-09T21:54:54.858000Z,11.2,2803.0,50.7,8620.0,8391.9,7.0,75.2,15.3,402.87,0.0,0.1249,0.0,0.0001,0.0013,27.61,240,2881,2209.9,81.0,1
7232bc533c21ce408d45d473,5bca2646-6745-4bbb-987d-ccb0a4486506,2026-08-09T21:54:56.877000Z,14.4,2803.0,50.7,8619.9,8392.0,7.0,75.2,15.3,402.87,0.0,0.0143,0.0,0.0001,0.0017,40.823,240,2881,2407.8,81.0,1
7232bc533c21ce408d45d473,5bca2646-6745-4bbb-987d-ccb0a4486506,2026-08-09T21:54:59.253000Z,17.9,2803.0,50.7,8619.8,8392.0,7.0,75.2,15.3,402.87,0.0,0.0205,0.0,0.0001,0.0072,27.039,241,2887,2195.1,81.0,1
7232bc533c21ce408d45d473,5bca2646-6745-4bbb-987d-ccb0a4486506,2026-08-09T21:55:00.913000Z,14.0,2803.0,50.7,8625.3,8386.6,7.0,75.2,15.3,402.87,0.0,0.0328,0.0,0.0001,0.0013,71.356,241,2886,6078.5,81.0,1
7232bc533c21ce408d45d473,5bca2646-6745-4bbb-987d-ccb0a4486506,2026-08-09T21:55:02.878000Z,11.6,2803.0,50.7,8624.3,8387.6,7.0,75.2,15.3,402.87,0.0,0.0184,0.0,0.0001,0.0012,44.413,241,2882,2235.0,81.0,1
7232bc533c21ce408d45d473,5bca2646-6745-4bbb-987d-ccb0a4486506,2026-08-09T21:55:04.891000Z,11.6,2803.0,50.7,8623.9,8387.9,7.0,75.2,15.3,402.87,0.0,0.0758,0.0,0.0001,0.0006,50.437,241,2880,2156.6,81.0,1
7232bc533c21ce408d45d473,5bca2646-6745-4bbb-987d-ccb0a4486506,2026-08-09T21:55:06.882000Z,11.2,2803.0,50.7,8623.6,8388.2,7.0,75.2,15.3,402.87,0.0,0.0778,0.0,0.0001,0.0017,41.618,241,2870,2311.8,81.0,1
7232bc533c21ce408d45d473,5bca2646-6745-4bbb-987d-ccb0a4486506,2026-08-09T21:55:09.266000Z,18.7,2803.0,50.7,8623.0,8388.9,7.0,75.2,15.3,402.87,0.0164,0.084,0.0,0.0001,0.0054,48.114,241,2850,2310.9,81.0,1
7232bc533c21ce408d45d473,5bca2646-6745-4bbb-987d-ccb0a4486506,2026-08-09T21:55:10.902000Z,13.3,2803.0,50.7,8620.7,8391.2,7.0,75.2,15.3,402.87,0.0164,0.1044,0.0,0.0001,0.0009,58.857,241,2833,5724.5,81.0,1
7232bc533c21ce408d45d473,5bca2646-6745-4bbb-987d-ccb0a4486506,2026-08-09T21:55:13.077000Z,12.0,2803.0,50.7,8619.8,8392.1,7.0,75.2,15.3,402.87,0.0,0.0123,0.0,0.0001,0.0014,224.33,241,2822,2289.4,81.0,1
7232bc533c21ce408d45d473,5bca2646-6745-4bbb-987d-ccb0a4486506,2026-08-09T21:55:14.906000Z,12.5,2803.0,50.7,8618.6,8393.2,7.0,75.2,15.3,402.87,0.0,0.0307,0.0,0.0001,0.0012,74.882,241,2810,2374.0,81.0,1
7232bc533c21ce408d45d473,5bca2646-6745-4bbb-987d-ccb0a4486506,2026-08-09T21:55:16.863000Z,12.7,2803.0,50.7,8617.3,8394.5,7.0,75.2,15.3,402.87,0.0,0.0123,0.0,0.0001,0.0006,38.71,241,2808,2187.9,81.0,1
7232bc533c21ce408d45d473,5bca2646-6745-4bbb-987d-ccb0a4486506,2026-08-09T21:55:18.892000Z,11.6,2803.0,50.6,8615.7,8396.2,7.0,75.2,15.3,402.87,0.0,0.0635,0.0,0.0002,0.0015,60.465,241,2797,2233.2,81.0,1
7232bc533c21ce408d45d473,5bca2646-6745-4bbb-987d-ccb0a4486506,2026-08-09T21:55:21.276000Z,17.3,2803.0,50.6,8615.8,8396.1,7.0,75.2,15.3,402.87,0.0,0.0123,0.0,0.0001,0.0059,61.504,241,2809,2549.6,82.0,1
7232bc533c21ce408d45d473,5bca2646-6745-4bbb-987d-ccb0a4486506,2026-08-09T21:55:22.859000Z,13.7,2803.0,50.7,8619.0,8392.8,7.0,75.2,15.3,402.87,0.0,0.1782,0.0,0.0001,0.0004,35.81,241,2806,5560.9,82.0,1
7232bc533c21ce408d45d473,5bca2646-6745-4bbb-987d-ccb0a4486506,2026-08-09T21:55:24.887000Z,11.9,2803.0,50.7,8618.6,8393.3,7.0,75.2,15.3,402.87,0.0,0.0512,0.0,0.0001,0.0013,54.422,241,2806,2222.9,82.0,1
7232bc533c21ce408d45d473,5bca2646-6745-4bbb-987d-ccb0a4486506,2026-08-09T21:55:26.865000Z,10.1,2803.0,50.7,8617.6,8394.3,7.0,75.2,15.3,402.87,0.0,0.0123,0.0,0.0001,0.0013,29.933,241,2799,2101.4,82.0,1
7232bc533c21ce408d45d473,5bca2646-6745-4bbb-987d-ccb0a4486506,2026-08-09T21:55:28.875000Z,11.4,2803.0,50.7,8617.3,8394.6,7.0,75.2,15.3,402.87,0.0,0.0246,0.0,0.0001,0.0005,44.025,241,2792,2312.2,82.0,1
7232bc533c21ce408d45d473,5bca2646-6745-4bbb-987d-ccb0a4486506,2026-08-09T21:55:30.860000Z,11.2,2803.0,50.7,8617.1,8394.8,7.0,75.2,15.3,402.87,0.041,0.1351,0.0,0.0001,0.0051,34.549,241,2787,2390.7,82.0,1
7232bc533c21ce408d45d473,5bca2646-6745-4bbb-987d-ccb0a4486506,2026-08-09T21:55:33.233000Z,17.1,2803.0,50.7,8616.7,8395.1,7.0,75.2,15.3,402.87,0.0,0.0123,0.0,0.0001,0.0021,26.675,241,2788,2248.7,82.0,1
7232bc533c21ce408d45d473,5bca2646-6745-4bbb-987d-ccb0a4486506,2026-08-09T21:55:34.928000Z,12.0,2803.0,50.7,8618.5,8393.3,7.0,75.2,15.3,402.87,0.0,0.0717,0.0,0.0002,0.0005,91.491,241,2788,6655.1,82.0,1
7232bc533c21ce408d45d473,5bca2646-6745-4bbb-987d-ccb0a4486506,2026-08-09T21:55:36.880000Z,12.2,2803.0,50.7,8618.2,8393.6,7.0,75.2,15.3,402.87,0.0,0.0225,0.0,0.0001,0.0013,52.112,241,2783,2166.0,82.0,1
7232bc533c21ce408d45d473,5bca2646-6745-4bbb-987d-ccb0a4486506,2026-08-09T21:55:38.884000Z,11.8,2803.0,50.7,8617.7,8394.1,7.0,75.2,15.3,402.87,0.0,0.084,0.0,0.0001,0.0013,56.829,241,2781,2255.9,82.0,1
7232bc533c21ce408d45d473,5bca2646-6745-4bbb-987d-ccb0a4486506,2026-08-09T21:55:40.917000Z,11.3,2803.0,50.6,8616.5,8395.4,7.0,75.2,15.3,402.87,0.0655,0.0492,0.0,0.0001,0.0004,88.552,241,2781,2153.5,82.0,1
7232bc533c21ce408d45d473,5bca2646-6745-4bbb-987d-ccb0a4486506,2026-08-09T21:55:42.873000Z,11.8,2803.0,50.6,8616.1,8395.8,7.0,75.2,15.3,402.87,0.0164,0.0553,0.0,0.0001,0.0059,39.704,241,2775,2216.3,82.0,1
7232bc533c21ce408d45d473,5bca2646-6745-4bbb-987d-ccb0a4486506,2026-08-09T21:55:45.305000Z,17.3,2803.0,50.6,8614.4,8397.5,7.0,75.2,15.3,402.87,0.0,0.0246,0.0,0.0022,0.0066,81.357,241,2764,2878.4,82.0,1
7232bc533c21ce408d45d473,5bca2646-6745-4bbb-987d-ccb0a4486506,2026-08-09T21:55:46.924000Z,14.8,2803.0,50.6,8616.3,8395.5,7.0,75.2,15.3,402.87,0.0,0.0962,0.0,0.0028,0.0451,56.722,241,2757,6642.5,82.0,1
7232bc533c21ce408d45d473,5bca2646-6745-4bbb-987d-ccb0a4486506,2026-08-09T21:55:48.868000Z,16.9,2803.0,50.7,8618.8,8393.0,7.0,75.2,15.3,402.87,0.0,0.084,0.0,0.0002,0.004,38.872,241,2772,3154.3,82.0,1
7232bc533c21ce408d45d473,5bca2646-6745-4bbb-987d-ccb0a4486506,2026-08-09T21:55:50.905000Z,11.2,2803.0,50.7,8618.8,8393.0,7.0,75.2,15.3,402.87,0.0,0.0205,0.0,0.0001,0.0013,70.039,241,2766,2250.3,82.0,1
7232bc533c21ce408d45d473,5bca2646-6745-4bbb-987d-ccb0a4486506,2026-08-09T21:55:52.886000Z,12.0,2803.0,50.7,8618.7,8393.1,7.0,75.2,15.3,402.87,0.0,0.041,0.0,0.0001,0.0047,65.013,241,2770,2547.4,82.0,1
7232bc533c21ce408d45d473,5bca2646-6745-4bbb-987d-ccb0a4486506,2026-08-09T21:55:54.914000Z,12.0,2803.0,50.7,8618.6,8393.3,7.0,75.2,15.3,402.87,0.0,0.0819,0.0,0.0001,0.0016,90.733,241,2765,2458.0,82.0,1
7232bc533c21ce408d45d473,5bca2646-6745-4bbb-987d-ccb0a4486506,2026-08-09T21:55:57.284000Z,17.7,2803.0,50.7,8620.2,8391.7,7.0,75.2,15.3,402.87,0.0,0.0881,0.0,0.0001,0.0014,80.937,241,2772,2703.6,82.0,1
7232bc533c21ce408d45d473,5bca2646-6745-4bbb-987d-ccb0a4486506,2026-08-09T21:55:58.903000Z,14.0,2803.0,50.7,8622.0,8389.9,7.0,75.2,15.3,402.87,0.0,0.0369,0.0,0.0001,0.0005,78.357,241,2772,5440.2,82.0,1
7232bc533c21ce408d45d473,5bca2646-6745-4bbb-987d-ccb0a4486506,2026-08-09T21:56:00.876000Z,11.7,2803.0,50.7,8622.7,8389.2,7.0,75.2,15.3,402.87,0.0,0.041,0.0,0.0001,0.004,51.855,241,2769,3164.1,82.0,1
7232bc533c21ce408d45d473,5bca2646-6745-4bbb-987d-ccb0a4486506,2026-08-09T21:56:02.884000Z,13.4,2803.0,50.7,8621.8,8390.0,7.0,75.2,15.3,402.87,0.0,0.0389,0.125,0.0001,0.0016,56.259,241,2766,2280.3,82.0,1
7232bc533c21ce408d45d473,5bca2646-6745-4bbb-987d-ccb0a4486506,2026-08-09T21:56:04.867000Z,11.8,2803.0,50.7,8621.6,8390.3,7.0,75.2,15.3,402.87,0.0,0.0369,0.0,0.0002,0.0046,43.893,241,2774,2393.4,82.0,1
7232bc533c21ce408d45d473,5bca2646-6745-4bbb-987d-ccb0a4486506,2026-08-09T21:56:07.272000Z,16.2,2803.0,50.7,8621.4,8390.4,7.0,75.2,15.3,402.87,0.0,0.0676,0.0,0.0001,0.0018,52.408,241,2770,2075.4,82.0,1
7232bc533c21ce408d45d473,5bca2646-6745-4bbb-987d-ccb0a4486506,2026-08-09T21:56:08.868000Z,12.7,2803.0,50.7,8622.6,8389.3,7.0,75.2,15.3,402.87,0.0,0.0389,0.0,0.0001,0.0012,44.348,241,2765,5372.4,82.0,1
7232bc533c21ce408d45d473,5bca2646-6745-4bbb-987d-ccb0a4486506,2026-08-09T21:56:10.885000Z,9.9,2803.0,50.7,8622.3,8389.5,7.0,75.2,15.3,402.87,0.0,0.1044,0.0,0.0001,0.0004,61.167,241,2768,2429.2,82.0,1
7232bc533c21ce408d45d473,5bca2646-6745-4bbb-987d-ccb0a4486506,2026-08-09T21:56:12.899000Z,11.9,2803.0,50.7,8619.6,8392.2,7.0,75.2,15.3,402.87,0.0,0.0123,0.0,0.0001,0.0014,63.471,241,2767,2144.9,82.0,1
7232bc533c21ce408d45d473,5bca2646-6745-4bbb-987d-ccb0a4486506,2026-08-09T21:56:14.868000Z,14.7,2803.0,50.7,8619.5,8392.4,7.0,75.2,15.3,402.87,0.0,0.0184,0.0,0.0001,0.0055,43.274,241,2766,2245.9,82.0,1
7232bc533c21ce408d45d473,5bca2646-6745-4bbb-987d-ccb0a4486506,2026-08-09T21:56:16.902000Z,12.6,2803.0,50.7,8618.3,8393.5,7.0,75.2,15.3,402.87,0.0,0.0594,0.0,0.0001,0.001,75.706,241,2755,2268.1,82.0,1
7232bc533c21ce408d45d473,5bca2646-6745-4bbb-987d-ccb0a4486506,2026-08-09T21:56:19.275000Z,16.2,2803.0,50.7,8617.6,8394.3,7.0,75.2,15.3,402.87,0.0164,0.0778,0.0,0.0001,0.0013,69.955,241,2746,2217.9,82.0,1
7232bc533c21ce408d45d473,5bca2646-6745-4bbb-987d-ccb0a4486506,2026-08-09T21:56:20.945000Z,13.4,2803.0,50.7,8619.3,8392.6,7.0,75.2,15.3,402.87,0.0,0.041,0.0,0.0001,0.0013,114.872,241,2746,5740.5,82.0,1
7232bc533c21ce408d45d473,5bca2646-6745-4bbb-987d-ccb0a4486506,2026-08-09T21:56:22.859000Z,12.0,2803.0,50.7,8618.6,8393.3,7.0,75.2,15.3,402.87,0.0,0.0963,0.0,0.0001,0.0005,39.946,241,2744,2364.3,82.0,1
7232bc533c21ce408d45d473,5bca2646-6745-4bbb-987d-ccb0a4486506,2026-08-09T21:56:24.844000Z,12.4,2803.0,50.7,8618.2,8393.6,7.0,75.2,15.3,402.87,0.0,0.0143,0.0,0.0001,0.0014,28.662,241,2745,2317.5,82.0,1
7232bc533c21ce408d45d473,5bca2646-6745-4bbb-987d-ccb0a4486506,2026-08-09T21:56:26.873000Z,12.5,2803.0,50.7,8618.0,8393.8,7.0,75.2,15.3,402.87,0.0,0.1044,0.0,0.0001,0.0058,50.106,241,2745,2214.4,82.0,1
7232bc533c21ce408d45d473,5bca2646-6745-4bbb-987d-ccb0a4486506,2026-08-09T21:56:28.849000Z,11.5,2803.0,50.7,8617.8,8394.0,7.0,75.2,15.3,402.87,0.0,0.0655,0.0,0.0001,0.0005,29.132,241,2745,2388.9,82.0,1
7232bc533c21ce408d45d473,5bca2646-6745-4bbb-987d-ccb0a4486506,2026-08-09T21:56:31.247000Z,16.2,2803.0,50.7,8617.9,8393.9,7.0,75.2,15.3,402.87,0.0,0.0594,0.0,0.0001,0.0013,49.071,241,2742,2177.4,82.0,1
7232bc533c21ce408d45d473,5bca2646-6745-4bbb-987d-ccb0a4486506,2026-08-09T21:56:32.895000Z,14.1,2803.0,50.7,8619.4,8392.5,7.0,75.2,15.3,402.87,0.0,0.0225,0.0,0.0001,0.0013,69.869,241,2785,5628.5,82.0,1
7232bc533c21ce408d45d473,5bca2646-6745-4bbb-987d-ccb0a4486506,2026-08-09T21:56:34.898000Z,11.3,2803.0,50.7,8619.4,8392.5,7.0,75.2,15.3,402.87,0.0,0.0123,0.0,0.0001,0.0005,75.716,241,2786,2314.6,82.0,1
7232bc533c21ce408d45d473,5bca2646-6745-4bbb-987d-ccb0a4486506,2026-08-09T21:56:36.906000Z,13.1,2803.0,50.7,8619.5,8392.4,7.0,75.2,15.3,402.87,0.0,0.0246,0.0,0.0001,0.0052,71.875,241,2786,2173.4,82.0,1
7232bc533c21ce408d45d473,5bca2646-6745-4bbb-987d-ccb0a4486506,2026-08-09T21:56:38.874000Z,10.7,2803.0,50.7,8619.5,8392.4,7.0,75.2,15.3,402.87,0.0328,0.0553,0.0,0.0001,0.0021,37.982,241,2790,2595.7,82.0,1
7232bc533c21ce408d45d473,5bca2646-6745-4bbb-987d-ccb0a4486506,2026-08-09T21:56:40.854000Z,10.8,2803.0,50.7,8619.7,8392.2,7.0,75.2,15.3,402.87,0.0,0.0983,0.0,0.0001,0.0005,27.073,241,2792,2311.9,82.0,1
7232bc533c21ce408d45d473,5bca2646-6745-4bbb-987d-ccb0a4486506,2026-08-09T21:56:43.264000Z,17.8,2803.0,50.7,8619.6,8392.2,7.0,75.2,15.3,402.87,0.0,0.0184,0.0,0.0001,0.0013,40.598,241,2792,2199.9,82.0,1
7232bc533c21ce408d45d473,5bca2646-6745-4bbb-987d-ccb0a4486506,2026-08-09T21:56:44.896000Z,14.7,2803.0,50.7,8623.5,8388.3,7.0,75.2,15.3,402.87,0.0,0.1085,0.0,0.0001,0.0013,71.295,241,2787,5872.4,82.0,1
7232bc533c21ce408d45d473,5bca2646-6745-4bbb-987d-ccb0a4486506,2026-08-09T21:56:46.881000Z,11.0,2803.0,50.7,8622.5,8389.4,7.0,75.2,15.3,402.87,0.0,0.0778,0.0,0.0018,0.0008,54.685,241,2781,2380.1,82.0,1
7232bc533c21ce408d45d473,5bca2646-6745-4bbb-987d-ccb0a4486506,2026-08-09T21:56:48.962000Z,13.0,2803.0,50.7,8621.9,8390.0,7.0,75.2,15.3,402.87,0.0,0.0225,0.0,0.0002,0.0061,48.558,241,2791,2439.6,82.0,1
7232bc533c21ce408d45d473,5bca2646-6745-4bbb-987d-ccb0a4486506,2026-08-09T21:56:50.854000Z,17.8,2803.0,50.7,8616.7,8395.2,7.0,75.2,15.3,402.87,0.0737,0.2129,0.0,0.0001,0.0013,27.455,241,2787,2691.9,82.0,1
7232bc533c21ce408d45d473,5bca2646-6745-4bbb-987d-ccb0a4486506,2026-08-09T21:56:53.241000Z,17.8,2803.0,50.6,8616.3,8395.5,7.0,75.2,15.3,402.87,0.0164,0.0738,0.0,0.0001,0.0004,26.582,241,2787,2494.9,82.0,1
7232bc533c21ce408d45d473,5bca2646-6745-4bbb-987d-ccb0a4486506,2026-08-09T21:56:54.859000Z,11.7,2803.0,50.6,8614.6,8397.2,7.0,75.2,15.3,402.87,0.0,0.0246,0.0,0.0001,0.0013,33.719,241,2789,5840.3,82.0,1
7232bc533c21ce408d45d473,5bca2646-6745-4bbb-987d-ccb0a4486506,2026-08-09T21:56:56.941000Z,13.7,2803.0,50.6,8613.4,8398.4,7.0,75.2,15.3,402.87,0.0,0.1024,0.0,0.0001,0.0013,27.652,241,2788,2438.2,82.0,1
7232bc533c21ce408d45d473,5bca2646-6745-4bbb-987d-ccb0a4486506,2026-08-09T21:56:58.872000Z,19.8,2803.0,50.6,8612.6,8399.2,7.0,75.2,15.3,402.87,0.0,0.0246,0.0,0.0001,0.0046,44.288,241,2788,2942.0,82.0,1
7232bc533c21ce408d45d473,5bca2646-6745-4bbb-987d-ccb0a4486506,2026-08-09T21:57:00.881000Z,12.5,2803.0,50.6,8613.6,8398.2,7.0,75.2,15.3,402.87,0.0,0.1065,0.0,0.0001,0.0018,51.732,241,2782,2456.1,82.0,1
7232bc533c21ce408d45d473,5bca2646-6745-4bbb-987d-ccb0a4486506,2026-08-09T21:57:02.852000Z,10.5,2803.0,50.6,8612.3,8399.5,7.0,75.2,15.3,402.87,0.0,0.0123,0.0,0.0001,0.0013,32.153,241,2781,2133.0,82.0,1
7232bc533c21ce408d45d473,5bca2646-6745-4bbb-987d-ccb0a4486506,2026-08-09T21:57:05.249000Z,17.1,2803.0,50.6,8612.2,8399.6,7.0,75.2,15.3,402.87,0.0,0.0184,0.0,0.0001,0.0004,52.281,241,2786,2203.5,82.0,1
7232bc533c21ce408d45d473,5bca2646-6745-4bbb-987d-ccb0a4486506,2026-08-09T21:57:06.859000Z,12.6,2803.0,50.6,8612.0,8399.9,7.0,75.2,15.3,402.87,0.0,0.0368,0.0,0.0001,0.0016,30.207,241,2786,5164.7,82.0,1
7232bc533c21ce408d45d473,5bca2646-6745-4bbb-987d-ccb0a4486506,2026-08-09T21:57:08.916000Z,16.7,2803.0,50.8,8635.6,8376.2,7.0,75.2,15.3,402.87,0.0,0.1269,0.0,0.0026,0.0066,64.784,242,2812,5733.8,82.0,1
7232bc533c21ce408d45d473,5bca2646-6745-4bbb-987d-ccb0a4486506,2026-08-09T21:57:10.907000Z,13.3,2803.0,50.7,8625.5,8386.4,7.0,75.2,15.3,402.87,0.0,0.0348,0.0,0.0002,0.0051,77.553,241,2803,3250.0,82.0,1
7232bc533c21ce408d45d473,5bca2646-6745-4bbb-987d-ccb0a4486506,2026-08-09T21:57:12.875000Z,12.4,2803.0,50.7,8624.3,8387.5,7.0,75.2,15.3,402.87,0.0,0.0573,0.0,0.0001,0.0022,40.736,241,2802,2551.1,82.0,1
7232bc533c21ce408d45d473,5bca2646-6745-4bbb-987d-ccb0a4486506,2026-08-09T21:57:15.280000Z,16.1,2803.0,50.7,8624.1,8387.8,7.0,75.2,15.3,402.87,0.0,0.0123,0.0,0.0001,0.0027,49.355,241,2803,2241.3,82.0,1
7232bc533c21ce408d45d473,5bca2646-6745-4bbb-987d-ccb0a4486506,2026-08-09T21:57:16.859000Z,14.1,2803.0,50.7,8625.7,8386.1,7.0,75.2,15.3,402.87,0.0,0.1148,0.0,0.0002,0.0006,37.684,241,2805,5672.0,82.0,1
7232bc533c21ce408d45d473,5bca2646-6745-4bbb-987d-ccb0a4486506,2026-08-09T21:57:18.885000Z,11.1,2803.0,50.7,8623.3,8388.6,7.0,75.2,15.3,402.87,0.0,0.0758,0.0,0.0001,0.0013,50.144,241,2802,2442.1,82.0,1
7232bc533c21ce408d45d473,5bca2646-6745-4bbb-987d-ccb0a4486506,2026-08-09T21:57:20.860000Z,12.1,2803.0,50.7,8622.8,8389.0,7.0,75.2,15.3,402.87,0.0,0.0123,0.0,0.0001,0.0055,36.912,241,2803,2221.3,82.0,1
7232bc533c21ce408d45d473,5bca2646-6745-4bbb-987d-ccb0a4486506,2026-08-09T21:57:22.956000Z,11.9,2803.0,50.7,8622.6,8389.3,7.0,75.2,15.3,402.87,0.0,0.0737,0.0,0.0001,0.0006,115.134,241,2800,2307.1,82.0,1
7232bc533c21ce408d45d473,5bca2646-6745-4bbb-987d-ccb0a4486506,2026-08-09T21:57:24.881000Z,11.0,2803.0,50.7,8622.4,8389.4,7.0,75.2,15.3,402.87,0.0,0.0143,0.0,0.0001,0.0012,58.43,241,2800,2461.2,82.0,1
7232bc533c21ce408d45d473,5bca2646-6745-4bbb-987d-ccb0a4486506,2026-08-09T21:57:27.263000Z,17.7,2803.0,50.7,8622.2,8389.6,7.0,75.2,15.3,402.87,0.0246,0.0614,0.0,0.0001,0.0012,53.461,241,2798,2455.6,82.0,1
7232bc533c21ce408d45d473,5bca2646-6745-4bbb-987d-ccb0a4486506,2026-08-09T21:57:28.886000Z,14.3,2803.0,50.7,8623.3,8388.5,7.0,75.2,15.3,402.87,0.0,0.0266,0.0,0.0001,0.0005,51.487,241,2805,5912.3,83.0,1
7232bc533c21ce408d45d473,5bca2646-6745-4bbb-987d-ccb0a4486506,2026-08-09T21:57:30.872000Z,11.1,2803.0,50.7,8624.1,8387.8,7.0,75.2,15.3,402.87,0.0,0.0205,0.0,0.0001,0.0012,42.863,241,2804,2165.2,83.0,1
7232bc533c21ce408d45d473,5bca2646-6745-4bbb-987d-ccb0a4486506,2026-08-09T21:57:32.897000Z,12.8,2803.0,50.7,8624.0,8387.9,7.0,75.2,15.3,402.87,0.0,0.0635,0.0,0.0001,0.0059,67.371,241,2804,2261.0,83.0,1
7232bc533c21ce408d45d473,5bca2646-6745-4bbb-987d-ccb0a4486506,2026-08-09T21:57:34.873000Z,13.1,2803.0,50.7,8623.9,8387.9,7.0,75.2,15.3,402.87,0.0,0.0492,0.0,0.0001,0.0004,41.253,241,2805,2269.6,83.0,1
7232bc533c21ce408d45d473,5bca2646-6745-4bbb-987d-ccb0a4486506,2026-08-09T21:57:36.870000Z,12.5,2803.0,50.7,8624.1,8387.7,7.0,75.2,15.3,402.87,0.0328,0.0123,0.333,0.0001,0.0013,36.865,241,2805,2110.4,83.0,1
7232bc533c21ce408d45d473,5bca2646-6745-4bbb-987d-ccb0a4486506,2026-08-09T21:57:39.237000Z,17.7,2803.0,50.7,8624.1,8387.7,7.0,75.2,15.3,402.87,0.0,0.084,0.0,0.0001,0.0013,27.191,241,2804,1994.9,83.0,1
7232bc533c21ce408d45d473,5bca2646-6745-4bbb-987d-ccb0a4486506,2026-08-09T21:57:40.879000Z,14.2,2803.0,50.7,8628.1,8383.8,7.0,75.2,15.3,402.87,0.0,0.0225,0.0,0.0001,0.0003,51.337,241,2805,5530.6,83.0,1
7232bc533c21ce408d45d473,5bca2646-6745-4bbb-987d-ccb0a4486506,2026-08-09T21:57:42.883000Z,13.1,2803.0,50.7,8627.4,8384.5,7.0,75.2,15.3,402.87,0.0082,0.0758,0.0,0.0001,0.0053,44.602,241,2802,2269.5,83.0,1
7232bc533c21ce408d45d473,5bca2646-6745-4bbb-987d-ccb0a4486506,2026-08-09T21:57:44.865000Z,13.5,2803.0,50.6,8616.0,8395.9,7.0,75.2,15.3,402.87,0.0,0.0246,0.0,0.0001,0.0018,38.856,241,2798,2421.7,83.0,1
7232bc533c21ce408d45d473,5bca2646-6745-4bbb-987d-ccb0a4486506,2026-08-09T21:57:46.883000Z,13.2,2803.0,50.6,8615.4,8396.4,7.0,75.2,15.3,402.87,0.0,0.0123,0.0,0.0019,0.0057,53.155,241,2794,2427.6,83.0,1
7232bc533c21ce408d45d473,5bca2646-6745-4bbb-987d-ccb0a4486506,2026-08-09T21:57:49.261000Z,16.3,2803.0,50.6,8614.5,8397.4,7.0,75.2,15.3,402.87,0.0,0.1044,0.0,0.0002,0.0015,42.78,241,2801,2407.9,83.0,1
7232bc533c21ce408d45d473,5bca2646-6745-4bbb-987d-ccb0a4486506,2026-08-09T21:57:50.877000Z,22.4,2803.0,50.7,8626.4,8385.4,7.0,75.2,15.3,402.87,0.0328,0.0881,0.0,0.0004,0.0014,28.65,243,2837,9247.5,83.0,1
7232bc533c21ce408d45d473,5bca2646-6745-4bbb-987d-ccb0a4486506,2026-08-09T21:57:52.890000Z,20.2,2803.0,50.8,8634.0,8377.9,7.0,75.2,15.3,402.87,0.0,0.0778,0.0,0.0014,0.0032,41.16,244,2853,3981.1,83.0,1
7232bc533c21ce408d45d473,5bca2646-6745-4bbb-987d-ccb0a4486506,2026-08-09T21:57:54.914000Z,13.6,2803.0,50.7,8628.1,8383.7,7.0,75.2,15.3,402.87,0.0,0.1701,0.0,0.0012,0.008,71.672,243,2843,2887.1,83.0,1
7232bc533c21ce408d45d473,5bca2646-6745-4bbb-987d-ccb0a4486506,2026-08-09T21:57:56.913000Z,12.4,2803.0,50.7,8627.9,8384.0,7.0,75.2,15.3,402.87,0.0,0.0205,0.0,0.0001,0.0013,69.674,243,2844,2439.3,83.0,1
7232bc533c21ce408d45d473,5bca2646-6745-4bbb-987d-ccb0a4486506,2026-08-09T21:57:58.910000Z,12.2,2803.0,50.7,8627.4,8384.4,7.0,75.2,15.3,402.87,0.0328,0.0471,0.167,0.0001,0.0004,67.723,243,2842,2409.8,83.0,1
7232bc533c21ce408d45d473,5bca2646-6745-4bbb-987d-ccb0a4486506,2026-08-09T21:58:01.294000Z,17.5,2803.0,50.7,8628.3,8383.6,7.0,75.2,15.3,402.87,0.0164,0.0614,0.0,0.0001,0.0012,58.035,243,2839,2451.9,83.0,1
7232bc533c21ce408d45d473,5bca2646-6745-4bbb-987d-ccb0a4486506,2026-08-09T21:58:02.892000Z,13.4,2803.0,50.7,8630.2,8381.7,7.0,75.2,15.3,402.87,0.0,0.1003,0.0,0.0001,0.0012,56.101,243,2839,5814.8,83.0,1
7232bc533c21ce408d45d473,5bca2646-6745-4bbb-987d-ccb0a4486506,2026-08-09T21:58:04.897000Z,12.9,2803.0,50.7,8629.4,8382.5,7.0,75.2,15.3,402.87,0.0,0.0819,0.0,0.0002,0.0041,58.371,243,2845,2533.8,83.0,1
7232bc533c21ce408d45d473,5bca2646-6745-4bbb-987d-ccb0a4486506,2026-08-09T21:58:06.930000Z,12.9,2803.0,50.7,8629.4,8382.5,7.0,75.2,15.3,402.87,0.0,0.127,0.0,0.0001,0.0027,92.738,243,2845,2716.0,83.0,1
7232bc533c21ce408d45d473,5bca2646-6745-4bbb-987d-ccb0a4486506,2026-08-09T21:58:08.890000Z,11.6,2803.0,50.7,8629.3,8382.5,7.0,75.2,15.3,402.87,0.0,0.0573,0.0,0.0001,0.0011,39.913,243,2845,2357.8,83.0,1
7232bc533c21ce408d45d473,5bca2646-6745-4bbb-987d-ccb0a4486506,2026-08-09T21:58:10.897000Z,12.8,2803.0,50.7,8629.3,8382.6,7.0,75.2,15.3,402.87,0.0,0.0164,0.0,0.0001,0.0003,51.741,243,2846,2514.8,83.0,1
7232bc533c21ce408d45d473,5bca2646-6745-4bbb-987d-ccb0a4486506,2026-08-09T21:58:13.264000Z,17.7,2803.0,50.7,8629.2,8382.6,7.0,75.2,15.3,402.87,0.0,0.0328,0.0,0.0001,0.0012,47.275,243,2845,2176.5,83.0,1
7232bc533c21ce408d45d473,5bca2646-6745-4bbb-987d-ccb0a4486506,2026-08-09T21:58:14.921000Z,14.2,2803.0,50.7,8631.6,8380.3,7.0,75.2,15.3,402.87,0.0,0.0717,0.0,0.0001,0.0016,78.455,243,2845,5347.1,83.0,1
7232bc533c21ce408d45d473,5bca2646-6745-4bbb-987d-ccb0a4486506,2026-08-09T21:58:16.868000Z,11.0,2803.0,50.7,8629.5,8382.3,7.0,75.2,15.3,402.87,0.0,0.0205,0.0,0.0001,0.0048,33.102,243,2845,2243.7,83.0,1
7232bc533c21ce408d45d473,5bca2646-6745-4bbb-987d-ccb0a4486506,2026-08-09T21:58:18.875000Z,11.5,2803.0,50.7,8628.4,8383.4,7.0,75.2,15.3,402.87,0.0,0.1495,0.0,0.0001,0.0013,46.655,243,2844,2584.9,83.0,1
7232bc533c21ce408d45d473,5bca2646-6745-4bbb-987d-ccb0a4486506,2026-08-09T21:58:20.882000Z,12.4,2803.0,50.7,8627.8,8384.0,7.0,75.2,15.3,402.87,0.0,0.0123,0.0,0.0001,0.0012,43.336,243,2840,2301.9,83.0,1
7232bc533c21ce408d45d473,5bca2646-6745-4bbb-987d-ccb0a4486506,2026-08-09T21:58:23.276000Z,18.1,2803.0,50.7,8620.2,8391.7,7.0,75.2,15.3,402.87,0.0,0.1208,0.0,0.0001,0.0004,67.672,242,2832,2496.2,83.0,1
7232bc533c21ce408d45d473,5bca2646-6745-4bbb-987d-ccb0a4486506,2026-08-09T21:58:24.858000Z,15.5,2803.0,50.7,8620.8,8391.0,7.0,75.2,15.3,402.87,0.0,0.0696,0.0,0.0001,0.0013,31.508,242,2830,5570.2,83.0,1
7232bc533c21ce408d45d473,5bca2646-6745-4bbb-987d-ccb0a4486506,2026-08-09T21:58:26.888000Z,10.8,2803.0,50.7,8620.9,8390.9,7.0,75.2,15.3,402.87,0.0,0.0184,0.0,0.0001,0.0054,60.397,242,2832,2306.2,83.0,1
7232bc533c21ce408d45d473,5bca2646-6745-4bbb-987d-ccb0a4486506,2026-08-09T21:58:28.907000Z,10.7,2803.0,50.7,8620.9,8390.9,7.0,75.2,15.3,402.87,0.0,0.0164,0.0,0.0001,0.0007,74.457,242,2832,2171.9,83.0,1
7232bc533c21ce408d45d473,5bca2646-6745-4bbb-987d-ccb0a4486506,2026-08-09T21:58:30.930000Z,12.4,2803.0,50.7,8620.5,8391.4,7.0,75.2,15.3,402.87,0.0,0.0225,0.0,0.0001,0.0011,84.638,241,2820,2472.0,83.0,1
7232bc533c21ce408d45d473,5bca2646-6745-4bbb-987d-ccb0a4486506,2026-08-09T21:58:33.274000Z,17.6,2803.0,50.7,8620.4,8391.5,7.0,75.2,15.3,402.87,0.0328,0.0184,0.0,0.0001,0.0012,73.409,241,2820,2326.0,83.0,1
7232bc533c21ce408d45d473,5bca2646-6745-4bbb-987d-ccb0a4486506,2026-08-09T21:58:34.880000Z,12.6,2803.0,50.7,8621.1,8390.8,7.0,75.2,15.3,402.87,0.0164,0.1147,0.0,0.0001,0.0005,53.094,241,2821,5416.7,83.0,1
7232bc533c21ce408d45d473,5bca2646-6745-4bbb-987d-ccb0a4486506,2026-08-09T21:58:36.860000Z,11.8,2803.0,50.7,8621.0,8390.8,7.0,75.2,15.3,402.87,0.0,0.0553,0.0,0.0001,0.0015,40.282,241,2820,2187.0,83.0,1
7232bc533c21ce408d45d473,5bca2646-6745-4bbb-987d-ccb0a4486506,2026-08-09T21:58:38.885000Z,16.2,2803.0,50.7,8618.2,8393.7,7.0,75.2,15.3,402.87,0.0,0.0143,0.0,0.0001,0.0055,39.342,241,2962,9554.1,83.0,1
7232bc533c21ce408d45d473,5bca2646-6745-4bbb-987d-ccb0a4486506,2026-08-09T21:58:40.867000Z,12.2,2803.0,50.6,8615.3,8396.6,7.0,75.2,15.3,402.87,0.0,0.0799,0.0,0.0001,0.0004,28.078,241,2967,2454.5,83.0,1
7232bc533c21ce408d45d473,5bca2646-6745-4bbb-987d-ccb0a4486506,2026-08-09T21:58:43.260000Z,16.3,2803.0,50.6,8615.2,8396.7,7.0,75.2,15.3,402.87,0.0,0.0123,0.0,0.0001,0.0012,49.528,241,2966,2114.7,83.0,1
7232bc533c21ce408d45d473,5bca2646-6745-4bbb-987d-ccb0a4486506,2026-08-09T21:58:45.826000Z,12.1,2803.0,50.6,8613.2,8398.7,7.0,75.2,15.3,402.87,0.0,0.0717,0.0,0.0001,0.0012,974.214,241,2965,5797.9,83.0,1
7232bc533c21ce408d45d473,5bca2646-6745-4bbb-987d-ccb0a4486506,2026-08-09T21:58:46.880000Z,8.6,2803.0,50.6,8612.9,8399.0,7.0,75.2,15.3,402.87,0.0,0.0143,0.0,0.0018,0.0005,42.715,241,2958,2307.5,83.0,1
7232bc533c21ce408d45d473,5bca2646-6745-4bbb-987d-ccb0a4486506,2026-08-09T21:58:48.915000Z,13.2,2803.0,50.6,8612.3,8399.6,7.0,75.2,15.3,402.87,0.0,0.0143,0.0,0.0002,0.0057,62.753,241,2963,2152.2,83.0,1
7232bc533c21ce408d45d473,5bca2646-6745-4bbb-987d-ccb0a4486506,2026-08-09T21:58:50.937000Z,12.0,2803.0,50.6,8611.5,8400.3,7.0,75.2,15.3,402.87,0.0,0.0123,0.0,0.0001,0.0013,84.281,241,2965,2379.5,83.0,1
7232bc533c21ce408d45d473,5bca2646-6745-4bbb-987d-ccb0a4486506,2026-08-09T21:58:52.949000Z,10.5,2803.0,50.6,8610.9,8401.0,7.0,75.2,15.3,402.87,0.0,0.043,0.0,0.0001,0.0003,59.382,241,2963,2227.2,83.0,1
7232bc533c21ce408d45d473,5bca2646-6745-4bbb-987d-ccb0a4486506,2026-08-09T21:58:55.264000Z,19.0,2803.0,50.6,8607.0,8404.9,7.0,75.2,15.3,402.87,0.0,0.6284,0.0,0.0001,0.0012,47.912,241,2963,2775.6,83.0,1
7232bc533c21ce408d45d473,5bca2646-6745-4bbb-987d-ccb0a4486506,2026-08-09T21:58:56.907000Z,12.6,2803.0,50.6,8608.8,8403.1,7.0,75.2,15.3,402.87,0.0,0.1065,0.0,0.0001,0.0012,66.222,241,2963,5729.3,83.0,1
7232bc533c21ce408d45d473,5bca2646-6745-4bbb-987d-ccb0a4486506,2026-08-09T21:58:58.910000Z,11.3,2803.0,50.6,8609.7,8402.1,7.0,75.2,15.3,402.87,0.0,0.0655,0.0,0.0002,0.0006,70.847,241,2961,2068.4,83.0,1
7232bc533c21ce408d45d473,5bca2646-6745-4bbb-987d-ccb0a4486506,2026-08-09T21:59:00.890000Z,11.6,2803.0,50.6,8611.0,8400.8,7.0,75.2,15.3,402.87,0.0,0.0123,0.0,0.0001,0.0082,39.988,241,2961,2253.8,83.0,1
7232bc533c21ce408d45d473,5bca2646-6745-4bbb-987d-ccb0a4486506,2026-08-09T21:59:02.882000Z,10.7,2803.0,50.6,8611.0,8400.9,7.0,75.2,15.3,402.87,0.0,0.0123,0.0,0.0001,0.0012,43.689,241,2959,2108.9,83.0,1
7232bc533c21ce408d45d473,5bca2646-6745-4bbb-987d-ccb0a4486506,2026-08-09T21:59:05.641000Z,43.2,2803.0,51.9,8823.3,8188.5,7.0,75.2,15.3,402.87,0.032,0.05,0.0,0.0077,0.0487,34.545,243,3025,11325.9,83.0,1
7232bc533c21ce408d45d473,5bca2646-6745-4bbb-987d-ccb0a4486506,2026-08-09T21:59:07.129000Z,56.5,2803.0,52.1,8859.6,8152.3,6.9,73.8,15.3,402.87,0.4496,1.2129,0.0,0.0095,0.066,45.991,243,3026,18360.0,83.0,1
7232bc533c21ce408d45d473,5bca2646-6745-4bbb-987d-ccb0a4486506,2026-08-09T21:59:09.110000Z,28.1,2803.0,52.1,8868.8,8143.0,6.9,73.8,15.3,402.87,0.1534,0.3907,0.0,0.0006,0.012,49.072,243,3026,7113.4,83.0,1
7232bc533c21ce408d45d473,5bca2646-6745-4bbb-987d-ccb0a4486506,2026-08-09T21:59:10.986000Z,22.8,2803.0,52.2,8886.1,8125.8,6.9,73.8,15.3,402.87,0.0902,0.7562,0.016,0.0001,0.0041,31.081,243,3028,6389.0,83.0,1
7232bc533c21ce408d45d473,5bca2646-6745-4bbb-987d-ccb0a4486506,2026-08-09T21:59:12.935000Z,19.9,2803.0,52.2,8883.1,8128.8,6.9,73.8,15.3,402.87,0.0,0.2355,0.0,0.0001,0.002,46.995,243,3027,4038.9,83.0,1
7232bc533c21ce408d45d473,5bca2646-6745-4bbb-987d-ccb0a4486506,2026-08-09T21:59:15.217000Z,20.8,2803.0,53.6,9115.6,7896.2,6.9,73.8,15.3,402.87,0.0164,0.1106,0.0,0.0001,0.0012,57.994,243,3027,4828.2,83.0,1
7232bc533c21ce408d45d473,5bca2646-6745-4bbb-987d-ccb0a4486506,2026-08-09T21:59:17.293000Z,30.3,2803.0,53.5,9107.2,7904.6,6.9,73.8,15.3,402.87,0.0246,0.0983,0.0,0.0001,0.0004,41.904,243,3025,3828.4,83.0,1
7232bc533c21ce408d45d473,5bca2646-6745-4bbb-987d-ccb0a4486506,2026-08-09T21:59:18.907000Z,15.9,2803.0,53.3,9070.2,7941.7,6.9,73.8,15.3,402.87,0.0,0.1106,0.0,0.0001,0.0012,48.828,243,3023,6412.1,83.0,1
7232bc533c21ce408d45d473,5bca2646-6745-4bbb-987d-ccb0a4486506,2026-08-09T21:59:20.908000Z,12.8,2803.0,53.3,9069.8,7942.1,6.9,73.8,15.3,402.87,0.0,0.0123,0.0,0.0001,0.0015,30.525,243,3029,3434.1,83.0,1
7232bc533c21ce408d45d473,5bca2646-6745-4bbb-987d-ccb0a4486506,2026-08-09T21:59:22.910000Z,15.1,2803.0,53.1,9033.9,7978.0,6.9,73.8,15.3,402.87,0.0,0.0246,0.0,0.0001,0.0045,31.568,243,3029,2784.7,83.0,1
7232bc533c21ce408d45d473,5bca2646-6745-4bbb-987d-ccb0a4486506,2026-08-09T21:59:24.960000Z,13.2,2803.0,53.2,9042.2,7969.7,6.9,73.8,15.3,402.87,0.0,0.0143,0.0,0.0001,0.0012,41.245,243,3030,2816.1,83.0,1
7232bc533c21ce408d45d473,5bca2646-6745-4bbb-987d-ccb0a4486506,2026-08-09T21:59:30.732000Z,76.8,2803.0,53.6,9116.9,7894.9,6.9,73.8,15.3,402.87,0.0486,0.344,0.0,0.0001,0.0011,102.459,245,3047,7619.3,83.0,1
7232bc533c21ce408d45d473,5bca2646-6745-4bbb-987d-ccb0a4486506,2026-08-09T21:59:33.790000Z,100.0,2803.0,58.4,9938.1,7073.7,6.9,73.8,15.3,402.87,0.011,0.3269,0.0,0.0,0.0022,57.246,245,3047,8363.4,83.0,1
7232bc533c21ce408d45d473,5bca2646-6745-4bbb-987d-ccb0a4486506,2026-08-09T21:59:35.777000Z,100.0,2803.0,58.4,9933.3,7078.5,6.9,73.8,15.3,402.87,0.0164,0.2313,0.0,0.0001,0.0009,27.104,245,3043,6598.8,83.0,1
7232bc533c21ce408d45d473,5bca2646-6745-4bbb-987d-ccb0a4486506,2026-08-09T21:59:37.790000Z,100.0,2803.0,58.3,9919.0,7092.8,6.9,73.8,15.3,402.87,0.0409,0.2188,0.0,0.0001,0.0011,47.584,245,3037,6684.3,83.0,1
7232bc533c21ce408d45d473,5bca2646-6745-4bbb-987d-ccb0a4486506,2026-08-09T21:59:40.913000Z,100.0,2803.0,58.3,9917.4,7094.4,6.9,73.8,15.3,402.87,0.0328,0.1642,0.0,0.0001,0.0011,39.761,245,3038,6488.9,83.0,1
7232bc533c21ce408d45d473,5bca2646-6745-4bbb-987d-ccb0a4486506,2026-08-09T21:59:43.821000Z,100.0,2803.0,58.3,9915.3,7096.5,6.9,73.8,15.3,402.87,0.0205,0.1403,0.0,0.0001,0.0008,61.834,245,3033,8356.5,83.0,1
7232bc533c21ce408d45d473,5bca2646-6745-4bbb-987d-ccb0a4486506,2026-08-09T21:59:45.768000Z,100.0,2803.0,58.2,9908.1,7103.8,6.9,73.8,15.3,402.87,0.0,0.1474,0.0,0.0001,0.0054,33.167,245,3032,6791.8,83.0,1
7232bc533c21ce408d45d473,5bca2646-6745-4bbb-987d-ccb0a4486506,2026-08-09T21:59:47.748000Z,100.0,2803.0,58.2,9907.4,7104.4,6.9,73.8,15.3,402.87,0.0,0.166,0.0,0.002,0.0056,41.265,245,3018,6937.6,83.0,1
7232bc533c21ce408d45d473,5bca2646-6745-4bbb-987d-ccb0a4486506,2026-08-09T21:59:50.927000Z,100.0,2803.0,58.2,9907.4,7104.4,6.9,73.8,15.3,402.87,0.0082,0.1659,0.0,0.0002,0.0015,47.349,245,3027,6584.6,83.0,1
7232bc533c21ce408d45d473,5bca2646-6745-4bbb-987d-ccb0a4486506,2026-08-09T21:59:53.771000Z,100.0,2803.0,58.3,9910.2,7101.6,6.9,73.8,15.3,402.87,0.0,0.1055,0.0,0.0001,0.0007,44.239,245,3024,8177.6,84.0,1
7232bc533c21ce408d45d473,5bca2646-6745-4bbb-987d-ccb0a4486506,2026-08-09T21:59:55.791000Z,100.0,2803.0,58.3,9909.5,7102.3,6.9,73.8,15.3,402.87,0.0,0.0799,0.0,0.0001,0.0054,57.24,245,3023,6730.1,84.0,1
7232bc533c21ce408d45d473,5bca2646-6745-4bbb-987d-ccb0a4486506,2026-08-09T21:59:57.728000Z,100.0,2803.0,58.2,9908.7,7103.2,6.9,73.8,15.3,402.87,0.0082,0.1392,0.0,0.0001,0.0018,30.357,245,3014,6620.7,84.0,1
7232bc533c21ce408d45d473,5bca2646-6745-4bbb-987d-ccb0a4486506,2026-08-09T21:59:59.773000Z,100.0,2803.0,58.2,9908.0,7103.9,6.9,73.8,15.3,402.87,0.0,0.137,0.0,0.0001,0.0003,63.154,245,3012,6847.0,84.0,1
7232bc533c21ce408d45d473,5bca2646-6745-4bbb-987d-ccb0a4486506,2026-08-09T22:00:02.990000Z,100.0,2803.0,58.2,9908.4,7103.5,6.9,73.8,15.3,402.87,0.0574,0.2235,0.0,0.0001,0.0011,55.9,245,3014,6796.7,84.0,1
7232bc533c21ce408d45d473,5bca2646-6745-4bbb-987d-ccb0a4486506,2026-08-09T22:00:05.845000Z,100.0,2803.0,58.3,9918.2,7093.7,6.9,73.8,15.3,402.87,0.0368,0.226,0.0,0.0001,0.0008,47.932,245,3015,9077.8,84.0,1
7232bc533c21ce408d45d473,5bca2646-6745-4bbb-987d-ccb0a4486506,2026-08-09T22:00:07.753000Z,100.0,2803.0,58.3,9914.4,7097.4,6.9,73.8,15.3,402.87,0.0247,0.1624,0.0,0.0001,0.0065,28.324,245,3011,6677.9,84.0,1
7232bc533c21ce408d45d473,5bca2646-6745-4bbb-987d-ccb0a4486506,2026-08-09T22:00:09.769000Z,100.0,2803.0,58.3,9914.2,7097.7,6.9,73.8,15.3,402.87,0.0164,0.1454,0.0,0.0001,0.0012,41.049,245,3010,6825.1,84.0,1
7232bc533c21ce408d45d473,5bca2646-6745-4bbb-987d-ccb0a4486506,2026-08-09T22:00:12.983000Z,100.0,2803.0,58.3,9914.1,7097.8,6.9,73.8,15.3,402.87,0.0491,0.3357,0.0,0.0001,0.0002,63.167,245,3000,6507.8,84.0,1
7232bc533c21ce408d45d473,5bca2646-6745-4bbb-987d-ccb0a4486506,2026-08-09T22:00:15.813000Z,100.0,2803.0,58.3,9923.9,7087.9,6.9,73.8,15.3,402.87,0.0123,0.1648,0.0,0.0001,0.0011,59.295,245,2992,8298.9,84.0,1
7232bc533c21ce408d45d473,5bca2646-6745-4bbb-987d-ccb0a4486506,2026-08-09T22:00:17.803000Z,100.0,2803.0,58.3,9923.2,7088.7,6.9,73.8,15.3,402.87,0.0,0.0759,0.0,0.0001,0.0039,31.787,245,2988,6426.5,84.0,1
7232bc533c21ce408d45d473,5bca2646-6745-4bbb-987d-ccb0a4486506,2026-08-09T22:00:19.770000Z,100.0,2803.0,58.3,9923.0,7088.8,6.9,73.8,15.3,402.87,0.0,0.2354,0.0,0.0001,0.0024,26.946,245,2981,6652.5,84.0,1
7232bc533c21ce408d45d473,5bca2646-6745-4bbb-987d-ccb0a4486506,2026-08-09T22:00:23.572000Z,100.0,2803.0,58.5,9945.5,7066.4,6.9,73.8,15.3,402.87,0.0324,0.0832,0.0,0.0001,0.0011,26.421,245,2976,7394.8,84.0,1
7232bc533c21ce408d45d473,5bca2646-6745-4bbb-987d-ccb0a4486506,2026-08-09T22:00:31.450000Z,100.0,2803.0,58.9,10026.0,6985.9,6.9,73.8,15.3,402.87,0.1102,0.1551,0.012,0.0001,0.0009,27.08,245,2968,18901.1,84.0,1
7232bc533c21ce408d45d473,5bca2646-6745-4bbb-987d-ccb0a4486506,2026-08-09T22:00:37.373000Z,100.0,2803.0,60.6,10306.8,6705.0,6.9,73.8,15.3,402.87,0.0084,0.2335,0.0,0.0401,0.0792,50.042,246,2985,21456.2,84.0,1
7232bc533c21ce408d45d473,5bca2646-6745-4bbb-987d-ccb0a4486506,2026-08-09T22:00:40.357000Z,99.9,2803.0,60.5,10293.9,6717.9,6.9,73.8,15.3,402.87,0.0082,0.1791,0.0,0.0015,0.0025,86.24,246,2987,16572.7,84.0,1
7232bc533c21ce408d45d473,5bca2646-6745-4bbb-987d-ccb0a4486506,2026-08-09T22:00:42.563000Z,100.0,2803.0,60.7,10319.9,6692.0,6.9,73.8,15.3,402.87,0.0082,0.1543,0.0,0.0219,0.0128,45.714,246,2984,20040.3,84.0,1
7232bc533c21ce408d45d473,5bca2646-6745-4bbb-987d-ccb0a4486506,2026-08-09T22:00:47.497000Z,100.0,2803.0,60.3,10260.1,6751.8,6.9,73.8,15.3,402.87,0.044,0.2037,0.0,0.0049,0.003,74.645,246,2963,19947.2,84.0,1
7232bc533c21ce408d45d473,5bca2646-6745-4bbb-987d-ccb0a4486506,2026-08-09T22:00:49.919000Z,100.0,2803.0,60.3,10251.1,6760.8,6.9,73.8,15.3,402.87,0.0,0.1506,0.0,0.0024,0.0233,62.041,246,2950,11951.9,84.0,1
7232bc533c21ce408d45d473,5bca2646-6745-4bbb-987d-ccb0a4486506,2026-08-09T22:00:52.002000Z,100.0,2803.0,60.2,10236.4,6775.4,6.9,73.8,15.3,402.87,0.0082,0.1411,0.0,0.0001,0.0055,173.535,246,2944,9621.7,84.0,1
7232bc533c21ce408d45d473,5bca2646-6745-4bbb-987d-ccb0a4486506,2026-08-09T22:00:54.226000Z,100.0,2803.0,59.9,10194.8,6817.0,6.9,73.8,15.3,402.87,0.0,0.1086,0.0,0.0001,0.0003,36.019,246,2939,14930.9,84.0,1
7232bc533c21ce408d45d473,5bca2646-6745-4bbb-987d-ccb0a4486506,2026-08-09T22:00:58.021000Z,100.0,2803.0,60.0,10207.6,6804.3,6.9,73.8,15.3,402.87,0.0,0.1045,0.0,0.0002,0.0013,81.013,246,2939,13611.1,84.0,1
7232bc533c21ce408d45d473,5bca2646-6745-4bbb-987d-ccb0a4486506,2026-08-09T22:00:59.850000Z,100.0,2803.0,60.1,10216.9,6795.0,6.9,73.8,15.3,402.87,0.0358,0.1556,0.0,0.0001,0.0008,73.639,246,2937,16797.7,84.0,1
7232bc533c21ce408d45d473,5bca2646-6745-4bbb-987d-ccb0a4486506,2026-08-09T22:01:01.803000Z,100.0,2803.0,60.1,10217.0,6794.9,6.9,73.8,15.3,402.87,0.0082,0.1005,0.0,0.0018,0.0053,39.263,246,2934,7774.9,84.0,1
7232bc533c21ce408d45d473,5bca2646-6745-4bbb-987d-ccb0a4486506,2026-08-09T22:01:04.148000Z,100.0,2803.0,60.0,10215.0,6796.9,6.9,73.8,15.3,402.87,0.0,0.0778,0.0,0.0001,0.0015,73.307,246,2937,8693.3,84.0,1
7232bc533c21ce408d45d473,5bca2646-6745-4bbb-987d-ccb0a4486506,2026-08-09T22:01:06.509000Z,100.0,2803.0,60.1,10216.1,6795.7,6.9,73.8,15.3,402.87,0.0,0.0757,0.0,0.0002,0.0007,76.195,246,2944,14909.1,84.0,1
7232bc533c21ce408d45d473,5bca2646-6745-4bbb-987d-ccb0a4486506,2026-08-09T22:01:11.433000Z,100.0,2803.0,60.2,10244.3,6767.5,6.9,73.8,15.3,402.87,0.0041,0.1147,0.0,0.0001,0.0013,34.321,246,2941,17031.1,84.0,1
7232bc533c21ce408d45d473,5bca2646-6745-4bbb-987d-ccb0a4486506,2026-08-09T22:01:14.087000Z,100.0,2803.0,60.1,10229.1,6782.7,6.9,73.8,15.3,402.87,0.0,0.256,0.0,0.0001,0.0033,54.904,246,2940,13791.0,84.0,1
7232bc533c21ce408d45d473,5bca2646-6745-4bbb-987d-ccb0a4486506,2026-08-09T22:01:16.061000Z,100.0,2803.0,60.1,10226.4,6785.5,6.9,73.8,15.3,402.87,0.0,0.1351,0.0,0.0001,0.0012,44.877,246,2937,12549.5,84.0,1
7232bc533c21ce408d45d473,5bca2646-6745-4bbb-987d-ccb0a4486506,2026-08-09T22:01:18.206000Z,100.0,2803.0,60.0,10199.5,6812.3,6.9,73.8,15.3,402.87,0.0732,0.0915,0.0,0.0001,0.0006,38.121,246,2929,13274.2,84.0,1
7232bc533c21ce408d45d473,5bca2646-6745-4bbb-987d-ccb0a4486506,2026-08-09T22:01:19.947000Z,100.0,2803.0,60.3,10251.8,6760.0,6.9,73.8,15.3,402.87,0.9094,0.2208,0.0,0.0001,0.0016,77.657,246,2926,13388.3,84.0,1
7232bc533c21ce408d45d473,5bca2646-6745-4bbb-987d-ccb0a4486506,2026-08-09T22:01:23.412000Z,100.0,2803.0,59.2,10074.6,6937.2,6.9,73.8,15.3,402.87,0.0,0.0798,0.0,0.0019,0.0014,60.129,246,2924,16902.9,84.0,1
7232bc533c21ce408d45d473,5bca2646-6745-4bbb-987d-ccb0a4486506,2026-08-09T22:01:25.761000Z,100.0,2803.0,58.6,9962.1,7049.8,6.9,73.8,15.3,402.87,0.0041,0.1659,0.0,0.0001,0.003,29.722,246,2920,11026.1,84.0,1
7232bc533c21ce408d45d473,5bca2646-6745-4bbb-987d-ccb0a4486506,2026-08-09T22:01:27.765000Z,100.0,2803.0,58.4,9927.3,7084.6,6.9,73.8,15.3,402.87,0.0,0.0717,0.0,0.0001,0.0012,43.287,246,2921,6425.0,84.0,1
7232bc533c21ce408d45d473,5bca2646-6745-4bbb-987d-ccb0a4486506,2026-08-09T22:01:29.749000Z,100.0,2803.0,58.3,9924.3,7087.5,6.9,73.8,15.3,402.87,0.0,0.164,0.0,0.0001,0.0004,49.637,246,2912,6649.8,84.0,1
7232bc533c21ce408d45d473,5bca2646-6745-4bbb-987d-ccb0a4486506,2026-08-09T22:01:31.883000Z,100.0,2803.0,58.3,9923.9,7087.9,6.9,73.8,15.3,402.87,0.0,0.1433,0.0,0.0001,0.0012,48.999,246,2923,6757.3,84.0,1
7232bc533c21ce408d45d473,5bca2646-6745-4bbb-987d-ccb0a4486506,2026-08-09T22:01:35.174000Z,100.0,2803.0,58.3,9923.7,7088.1,6.9,73.8,15.3,402.87,0.0,0.0799,0.0,0.0001,0.0017,41.956,246,2925,8500.4,84.0,1
7232bc533c21ce408d45d473,5bca2646-6745-4bbb-987d-ccb0a4486506,2026-08-09T22:01:37.821000Z,100.0,2803.0,58.4,9928.2,7083.7,6.9,73.8,15.3,402.87,0.0041,0.0911,0.018,0.0001,0.0028,56.377,246,2931,11808.8,84.0,1
7232bc533c21ce408d45d473,5bca2646-6745-4bbb-987d-ccb0a4486506,2026-08-09T22:01:39.980000Z,100.0,2803.0,58.4,9928.1,7083.7,6.9,73.8,15.3,402.87,0.0,0.1064,0.0,0.0001,0.0012,50.883,246,2930,15893.6,84.0,1
7232bc533c21ce408d45d473,5bca2646-6745-4bbb-987d-ccb0a4486506,2026-08-09T22:01:41.744000Z,100.0,2803.0,58.4,9933.5,7078.3,6.9,73.8,15.3,402.87,0.0,0.2234,0.0,0.0001,0.0003,29.012,246,2932,18838.9,84.0,1
7232bc533c21ce408d45d473,5bca2646-6745-4bbb-987d-ccb0a4486506,2026-08-09T22:01:43.810000Z,100.0,2803.0,58.4,9933.5,7078.3,6.9,73.8,15.3,402.87,0.0082,0.1332,0.0,0.0001,0.001,82.933,246,2932,6803.8,84.0,1
7232bc533c21ce408d45d473,5bca2646-6745-4bbb-987d-ccb0a4486506,2026-08-09T22:01:47.007000Z,100.0,2803.0,58.3,9910.8,7101.1,6.9,73.8,15.3,402.87,0.0,0.0942,0.0,0.0001,0.005,77.672,246,2926,6591.2,84.0,1
7232bc533c21ce408d45d473,5bca2646-6745-4bbb-987d-ccb0a4486506,2026-08-09T22:01:49.974000Z,100.0,2803.0,58.2,9908.8,7103.1,6.9,73.8,15.3,402.87,0.0287,0.1904,0.0,0.001,0.0024,71.039,246,2921,8155.7,84.0,1
7232bc533c21ce408d45d473,5bca2646-6745-4bbb-987d-ccb0a4486506,2026-08-09T22:01:52.054000Z,100.0,2803.0,58.3,9910.0,7101.9,6.9,73.8,15.3,402.87,0.0,0.1414,0.0,0.0057,0.0046,31.112,247,2913,15759.6,84.0,1
7232bc533c21ce408d45d473,5bca2646-6745-4bbb-987d-ccb0a4486506,2026-08-09T22:01:54.010000Z,100.0,2803.0,58.4,9927.6,7084.3,6.9,73.8,15.3,402.87,0.0082,0.0982,0.0,0.0001,0.0001,70.751,247,2902,12135.7,84.0,1
7232bc533c21ce408d45d473,5bca2646-6745-4bbb-987d-ccb0a4486506,2026-08-09T22:01:55.941000Z,100.0,2803.0,58.4,9928.7,7083.1,6.9,73.8,15.3,402.87,0.0164,0.1433,0.0,0.0001,0.0015,41.473,247,2897,11453.9,84.0,1
7232bc533c21ce408d45d473,5bca2646-6745-4bbb-987d-ccb0a4486506,2026-08-09T22:01:59.127000Z,100.0,2803.0,58.4,9932.1,7079.7,6.9,73.8,15.3,402.87,0.0,0.0861,0.0,0.0001,0.0052,56.845,247,2897,9343.6,84.0,1
7232bc533c21ce408d45d473,5bca2646-6745-4bbb-987d-ccb0a4486506,2026-08-09T22:02:01.949000Z,100.0,2803.0,58.4,9937.0,7074.9,6.9,73.8,15.3,402.87,0.0041,0.1474,0.0,0.0009,0.0006,25.216,247,2898,12277.4,84.0,1
7232bc533c21ce408d45d473,5bca2646-6745-4bbb-987d-ccb0a4486506,2026-08-09T22:02:04.034000Z,100.0,2803.0,58.6,9974.5,7037.3,6.9,73.8,15.4,402.83,0.0254,0.3348,0.0,0.0001,0.001,51.196,248,2904,18388.8,84.0,1
7232bc533c21ce408d45d473,5bca2646-6745-4bbb-987d-ccb0a4486506,2026-08-09T22:02:06.029000Z,100.0,2803.0,58.6,9972.3,7039.6,6.9,73.8,15.4,402.83,0.0,2.2594,0.0,0.0002,0.0002,44.368,251,2934,13234.7,84.0,1
7232bc533c21ce408d45d473,5bca2646-6745-4bbb-987d-ccb0a4486506,2026-08-09T22:02:09.412000Z,100.0,2803.0,58.7,9994.0,7017.8,6.9,73.8,15.4,402.83,0.0,1.1289,0.0,0.0001,0.0058,49.744,251,2930,12927.4,84.0,1
7232bc533c21ce408d45d473,5bca2646-6745-4bbb-987d-ccb0a4486506,2026-08-09T22:02:12.311000Z,100.0,2803.0,58.8,10001.8,7010.0,6.9,73.8,15.4,402.83,0.0,1.6884,0.0,0.0001,0.0005,25.837,251,2930,11521.2,84.0,1
7232bc533c21ce408d45d473,5bca2646-6745-4bbb-987d-ccb0a4486506,2026-08-09T22:02:15.320000Z,100.0,2803.0,58.9,10012.1,6999.8,6.9,73.8,15.4,402.83,0.3505,2.164,0.0,0.0001,0.0009,35.792,251,2935,14782.4,84.0,1
7232bc533c21ce408d45d473,5bca2646-6745-4bbb-987d-ccb0a4486506,2026-08-09T22:02:17.964000Z,100.0,2803.0,58.8,10007.2,7004.7,6.9,73.8,15.4,402.83,0.6906,5.1783,0.0,0.0031,0.0027,68.866,251,2932,20129.8,84.0,1
7232bc533c21ce408d45d473,5bca2646-6745-4bbb-987d-ccb0a4486506,2026-08-09T22:02:21.217000Z,100.0,2803.0,58.8,10006.6,7005.3,6.9,73.8,15.4,402.83,0.0,0.1354,0.0,0.0001,0.0056,34.135,250,2951,9262.8,84.0,1
7232bc533c21ce408d45d473,5bca2646-6745-4bbb-987d-ccb0a4486506,2026-08-09T22:02:24.134000Z,100.0,2803.0,58.7,9988.2,7023.6,6.9,73.8,15.4,402.83,0.0,0.2289,0.0,0.0001,0.0005,40.622,250,2955,11462.7,84.0,1
7232bc533c21ce408d45d473,5bca2646-6745-4bbb-987d-ccb0a4486506,2026-08-09T22:02:26.152000Z,100.0,2803.0,58.7,9989.2,7022.7,6.9,73.8,15.4,402.83,0.0,0.1812,0.0,0.0001,0.0009,83.076,250,2960,12157.8,84.0,1
7232bc533c21ce408d45d473,5bca2646-6745-4bbb-987d-ccb0a4486506,2026-08-09T22:02:28.249000Z,100.0,2803.0,58.7,9990.6,7021.2,6.9,73.8,15.4,402.83,0.0,0.1228,0.0,0.0001,0.0009,59.041,250,2961,13789.0,85.0,1
7232bc533c21ce408d45d473,5bca2646-6745-4bbb-987d-ccb0a4486506,2026-08-09T22:02:31.179000Z,100.0,2803.0,58.7,9987.4,7024.4,6.9,73.8,15.4,402.83,0.0326,0.0836,0.0,0.0001,0.0043,57.592,250,2960,13561.8,85.0,1
7232bc533c21ce408d45d473,5bca2646-6745-4bbb-987d-ccb0a4486506,2026-08-09T22:02:34.000000Z,100.0,2803.0,58.7,9980.7,7031.2,6.9,73.8,15.4,402.83,0.0082,0.1293,0.0,0.0001,0.0011,69.704,250,2962,11785.0,85.0,1
7232bc533c21ce408d45d473,5bca2646-6745-4bbb-987d-ccb0a4486506,2026-08-09T22:02:36.129000Z,100.0,2803.0,58.7,9977.6,7034.2,6.9,73.8,15.4,402.83,0.0,0.1536,0.031,0.0001,0.0001,61.5,250,2953,11059.5,85.0,1
7232bc533c21ce408d45d473,5bca2646-6745-4bbb-987d-ccb0a4486506,2026-08-09T22:02:39.241000Z,100.0,2803.0,58.5,9950.2,7061.7,6.9,73.8,15.4,402.83,0.0,0.0962,0.0,0.0001,0.001,74.455,250,2952,11108.6,85.0,1
7232bc533c21ce408d45d473,5bca2646-6745-4bbb-987d-ccb0a4486506,2026-08-09T22:02:47.036000Z,100.0,2803.0,58.4,9937.8,7074.1,6.9,73.8,15.4,402.83,0.0154,0.2713,0.0,0.0037,0.0052,61.586,249,2946,16951.2,85.0,1
7232bc533c21ce408d45d473,5bca2646-6745-4bbb-987d-ccb0a4486506,2026-08-09T22:02:50.435000Z,100.0,2803.0,60.3,10259.2,6752.7,6.9,73.8,15.4,402.83,0.0082,0.2681,0.0,0.0323,0.0594,63.735,251,2957,21301.1,85.0,1
7232bc533c21ce408d45d473,5bca2646-6745-4bbb-987d-ccb0a4486506,2026-08-09T22:02:56.489000Z,100.0,2803.0,59.1,10057.8,6954.1,6.9,73.8,15.4,402.83,0.0,0.161,0.0,0.0008,0.0048,52.356,252,2947,16576.9,85.0,1
7232bc533c21ce408d45d473,5bca2646-6745-4bbb-987d-ccb0a4486506,2026-08-09T22:03:00.830000Z,100.0,2803.0,59.3,10095.1,6916.8,6.9,73.8,15.4,402.83,0.0,0.3117,0.0,0.0056,0.005,64.206,252,2943,17093.7,85.0,1
7232bc533c21ce408d45d473,5bca2646-6745-4bbb-987d-ccb0a4486506,2026-08-09T22:03:06.341000Z,100.0,2803.0,59.4,10111.0,6900.9,6.9,73.8,15.4,402.83,0.0082,0.4441,0.0,0.0038,0.0053,42.297,252,2943,15370.4,85.0,1
7232bc533c21ce408d45d473,5bca2646-6745-4bbb-987d-ccb0a4486506,2026-08-09T22:03:07.969000Z,100.0,2803.0,59.6,10135.2,6876.6,6.9,73.8,15.4,402.83,0.0041,0.4208,0.0,0.0009,0.0008,42.72,252,2941,17283.1,85.0,1
7232bc533c21ce408d45d473,5bca2646-6745-4bbb-987d-ccb0a4486506,2026-08-09T22:03:10.075000Z,100.0,2803.0,59.5,10128.1,6883.7,6.9,73.8,15.4,402.83,0.0696,0.0799,0.0,0.0001,0.0009,68.766,252,2941,10142.8,85.0,1
7232bc533c21ce408d45d473,5bca2646-6745-4bbb-987d-ccb0a4486506,2026-08-09T22:03:12.096000Z,100.0,2803.0,59.5,10125.7,6886.1,6.9,73.8,15.4,402.83,0.0,0.1167,0.0,0.0001,0.0001,51.437,251,2941,11377.9,85.0,1
7232bc533c21ce408d45d473,5bca2646-6745-4bbb-987d-ccb0a4486506,2026-08-09T22:03:13.959000Z,100.0,2803.0,59.4,10099.3,6912.6,6.9,73.8,15.4,402.83,0.0,0.0838,0.0,0.0001,0.0067,42.162,251,2940,9359.2,85.0,1
7232bc533c21ce408d45d473,5bca2646-6745-4bbb-987d-ccb0a4486506,2026-08-09T22:03:17.100000Z,100.0,2803.0,59.2,10063.6,6948.3,6.9,73.8,15.4,402.83,0.0,0.2031,0.0,0.0001,0.0026,28.449,251,2939,8515.6,85.0,1
7232bc533c21ce408d45d473,5bca2646-6745-4bbb-987d-ccb0a4486506,2026-08-09T22:03:20.939000Z,100.0,2803.0,59.7,10158.7,6853.1,6.9,73.8,15.4,402.83,0.0,0.1587,0.0,0.0041,0.0031,50.501,252,2944,11909.3,85.0,1
7232bc533c21ce408d45d473,5bca2646-6745-4bbb-987d-ccb0a4486506,2026-08-09T22:03:23.917000Z,100.0,2803.0,59.8,10177.4,6834.5,6.9,73.8,15.4,402.83,0.1721,0.8163,0.0,0.0033,0.0731,37.072,252,2945,12275.3,85.0,1
7232bc533c21ce408d45d473,5bca2646-6745-4bbb-987d-ccb0a4486506,2026-08-09T22:03:27.380000Z,100.0,2803.0,59.9,10185.3,6826.5,6.9,73.8,15.4,402.83,0.0164,0.2107,0.0,0.0001,0.0048,32.252,252,2943,19325.6,85.0,1
7232bc533c21ce408d45d473,5bca2646-6745-4bbb-987d-ccb0a4486506,2026-08-09T22:03:30.088000Z,100.0,2803.0,59.9,10182.1,6829.8,6.9,73.8,15.4,402.83,0.0123,0.1291,0.0,0.0021,0.0022,44.571,252,2943,16661.5,85.0,1
7232bc533c21ce408d45d473,5bca2646-6745-4bbb-987d-ccb0a4486506,2026-08-09T22:03:32.354000Z,100.0,2803.0,59.8,10174.5,6837.3,6.9,73.8,15.4,402.83,0.3438,1.408,0.0,0.0002,0.0026,71.66,252,2937,12754.1,85.0,1
7232bc533c21ce408d45d473,5bca2646-6745-4bbb-987d-ccb0a4486506,2026-08-09T22:03:34.184000Z,100.0,2803.0,59.8,10176.1,6835.7,6.9,73.8,15.4,402.83,0.0409,0.1781,0.029,0.0001,0.001,48.333,252,2928,14498.4,85.0,1
7232bc533c21ce408d45d473,5bca2646-6745-4bbb-987d-ccb0a4486506,2026-08-09T22:03:41.093000Z,100.0,2803.0,59.7,10149.0,6862.8,6.9,73.8,15.4,402.83,0.0407,0.1993,0.0,0.0001,0.0042,44.522,253,3098,17147.9,85.0,1
7232bc533c21ce408d45d473,5bca2646-6745-4bbb-987d-ccb0a4486506,2026-08-09T22:03:44.846000Z,100.0,2803.0,60.2,10243.2,6768.7,6.9,73.8,15.4,402.83,0.0082,0.196,0.0,0.0034,0.002,93.484,253,3097,19277.7,85.0,1
7232bc533c21ce408d45d473,5bca2646-6745-4bbb-987d-ccb0a4486506,2026-08-09T22:03:49.571000Z,100.0,2803.0,60.4,10277.1,6734.7,6.9,73.8,15.4,402.83,0.0163,0.2011,0.0,0.0027,0.0053,79.854,253,3096,15318.2,85.0,1
7232bc533c21ce408d45d473,5bca2646-6745-4bbb-987d-ccb0a4486506,2026-08-09T22:03:53.189000Z,100.0,2803.0,60.4,10282.0,6729.9,6.9,73.8,15.4,402.83,0.0,0.1478,0.0,0.002,0.0012,41.646,253,3097,14676.9,85.0,1
7232bc533c21ce408d45d473,5bca2646-6745-4bbb-987d-ccb0a4486506,2026-08-09T22:03:56.243000Z,100.0,2803.0,60.5,10294.4,6717.4,6.9,73.8,15.4,402.83,0.0,0.3648,0.0,0.0001,0.0005,66.025,253,3097,16628.3,85.0,1
7232bc533c21ce408d45d473,5bca2646-6745-4bbb-987d-ccb0a4486506,2026-08-09T22:03:58.231000Z,100.0,2803.0,60.2,10249.5,6762.4,6.9,73.8,15.4,402.83,0.0,0.1372,0.0,0.0001,0.0033,142.298,253,3095,12699.1,85.0,1
7232bc533c21ce408d45d473,5bca2646-6745-4bbb-987d-ccb0a4486506,2026-08-09T22:04:01.589000Z,100.0,2803.0,60.2,10242.5,6769.3,6.9,73.8,15.4,402.83,0.0,0.1003,0.0,0.0001,0.0003,90.865,254,3085,12318.4,85.0,1
7232bc533c21ce408d45d473,5bca2646-6745-4bbb-987d-ccb0a4486506,2026-08-09T22:04:04.432000Z,100.0,2803.0,60.1,10229.2,6782.7,6.9,73.8,15.4,402.83,0.0041,0.13,0.0,0.0001,0.0009,40.287,254,3076,12511.7,85.0,1
7232bc533c21ce408d45d473,5bca2646-6745-4bbb-987d-ccb0a4486506,2026-08-09T22:04:08.204000Z,100.0,2803.0,59.8,10179.5,6832.4,6.9,73.8,15.4,402.83,0.0164,0.6013,0.0,0.0001,0.0008,48.81,253,3054,12700.1,85.0,1
7232bc533c21ce408d45d473,5bca2646-6745-4bbb-987d-ccb0a4486506,2026-08-09T22:04:11.707000Z,100.0,2803.0,59.8,10181.3,6830.6,6.9,73.8,15.4,402.83,0.0328,0.1781,0.0,0.0001,0.0048,79.444,253,3046,13257.6,85.0,1
7232bc533c21ce408d45d473,5bca2646-6745-4bbb-987d-ccb0a4486506,2026-08-09T22:04:14.030000Z,100.0,2803.0,59.8,10178.5,6833.3,6.9,73.8,15.4,402.83,0.0328,0.4035,0.0,0.0001,0.0005,54.336,253,3049,13272.1,85.0,1
7232bc533c21ce408d45d473,5bca2646-6745-4bbb-987d-ccb0a4486506,2026-08-09T22:04:17.234000Z,100.0,2803.0,60.0,10204.0,6807.8,6.9,73.8,15.4,402.83,0.0081,0.1612,0.0,0.0001,0.0009,76.937,253,3044,14067.5,85.0,1
7232bc533c21ce408d45d473,5bca2646-6745-4bbb-987d-ccb0a4486506,2026-08-09T22:04:22.186000Z,100.0,2803.0,60.6,10300.7,6711.1,6.9,73.8,15.4,402.83,0.0496,0.4233,0.0,0.0021,0.0029,71.475,253,3039,17055.7,85.0,1
7232bc533c21ce408d45d473,5bca2646-6745-4bbb-987d-ccb0a4486506,2026-08-09T22:04:24.687000Z,100.0,2803.0,60.5,10295.7,6716.2,6.9,73.8,15.4,402.82,0.3876,3.853,0.0,0.0036,0.003,72.692,252,3036,14010.4,85.0,1
7232bc533c21ce408d45d473,5bca2646-6745-4bbb-987d-ccb0a4486506,2026-08-09T22:04:28.092000Z,100.0,2803.0,60.1,10224.5,6787.4,6.9,73.8,15.4,402.8,1.2507,5.2826,0.0,0.0039,0.0027,81.663,253,3047,11904.0,85.0,1
7232bc533c21ce408d45d473,5bca2646-6745-4bbb-987d-ccb0a4486506,2026-08-09T22:04:30.226000Z,100.0,2803.0,60.1,10225.2,6786.6,6.9,73.8,15.4,402.8,0.0492,0.2502,0.0,0.0032,0.0052,67.576,252,3046,13058.7,85.0,1
7232bc533c21ce408d45d473,5bca2646-6745-4bbb-987d-ccb0a4486506,2026-08-09T22:04:35.956000Z,100.0,2803.0,60.1,10224.3,6787.5,6.9,73.8,15.4,402.8,0.2124,0.9516,0.0,0.0026,0.0052,71.612,252,3048,13741.2,85.0,1
7232bc533c21ce408d45d473,5bca2646-6745-4bbb-987d-ccb0a4486506,2026-08-09T22:04:37.966000Z,100.0,2803.0,61.4,10439.9,6572.0,6.9,73.8,15.4,402.8,0.0055,0.235,0.0,0.0018,0.002,86.607,251,3021,21546.1,85.0,1
7232bc533c21ce408d45d473,5bca2646-6745-4bbb-987d-ccb0a4486506,2026-08-09T22:04:39.901000Z,100.0,2803.0,61.4,10439.8,6572.1,6.9,73.8,15.4,402.8,0.0,0.1372,0.02,0.0035,0.0011,82.865,251,3021,9100.9,85.0,1
7232bc533c21ce408d45d473,5bca2646-6745-4bbb-987d-ccb0a4486506,2026-08-09T22:04:41.844000Z,100.0,2803.0,61.4,10439.8,6572.0,6.9,73.8,15.4,402.8,0.0328,0.0963,0.0,0.0002,0.0042,70.914,251,3017,6551.4,85.0,1
7232bc533c21ce408d45d473,5bca2646-6745-4bbb-987d-ccb0a4486506,2026-08-09T22:04:47.330000Z,100.0,2803.0,61.0,10376.5,6635.4,6.9,73.8,15.4,402.8,0.0164,0.1475,0.0,0.0001,0.0016,73.908,255,3027,7061.9,85.0,1
7232bc533c21ce408d45d473,5bca2646-6745-4bbb-987d-ccb0a4486506,2026-08-09T22:04:50.306000Z,100.0,2803.0,60.7,10317.8,6694.1,6.9,73.8,15.4,402.8,0.0027,0.1747,0.0,0.0389,0.0606,72.117,253,3026,14804.0,85.0,1
7232bc533c21ce408d45d473,5bca2646-6745-4bbb-987d-ccb0a4486506,2026-08-09T22:04:52.965000Z,100.0,2803.0,60.7,10325.4,6686.5,6.9,73.8,15.4,402.8,0.0,0.1656,0.0,0.0032,0.0096,64.625,253,3032,13434.1,85.0,1
7232bc533c21ce408d45d473,5bca2646-6745-4bbb-987d-ccb0a4486506,2026-08-09T22:04:57.881000Z,100.0,2803.0,60.9,10364.1,6647.8,6.9,73.8,15.4,402.8,0.0328,0.3505,0.0,0.0021,0.0082,68.108,253,3035,15776.2,85.0,1
7232bc533c21ce408d45d473,5bca2646-6745-4bbb-987d-ccb0a4486506,2026-08-09T22:05:00.378000Z,100.0,2803.0,61.2,10411.7,6600.1,6.9,73.8,15.4,402.79,0.0,1.6915,0.0,0.0019,0.0023,64.56,253,3028,12398.7,85.0,1
7232bc533c21ce408d45d473,5bca2646-6745-4bbb-987d-ccb0a4486506,2026-08-09T22:05:02.197000Z,100.0,2803.0,61.2,10415.2,6596.6,6.9,73.8,15.4,402.79,0.1476,6.6944,0.0,0.0014,0.0042,61.064,252,3025,11050.8,85.0,1
7232bc533c21ce408d45d473,5bca2646-6745-4bbb-987d-ccb0a4486506,2026-08-09T22:05:04.108000Z,100.0,2803.0,61.0,10369.0,6642.8,6.9,73.8,15.4,402.78,0.3765,3.6895,0.0,0.0012,0.0068,90.256,252,3023,11185.8,85.0,1
7232bc533c21ce408d45d473,5bca2646-6745-4bbb-987d-ccb0a4486506,2026-08-09T22:05:06.293000Z,100.0,2803.0,60.9,10361.7,6650.2,6.9,73.8,15.4,402.78,0.0307,1.8611,0.0,0.0012,0.0012,131.849,253,3015,11745.4,85.0,1
7232bc533c21ce408d45d473,5bca2646-6745-4bbb-987d-ccb0a4486506,2026-08-09T22:05:13.175000Z,100.0,2803.0,60.8,10341.2,6670.6,6.9,73.8,15.4,402.78,0.0,0.0778,0.0,0.0034,0.0029,112.705,253,2988,13540.1,85.0,1
7232bc533c21ce408d45d473,5bca2646-6745-4bbb-987d-ccb0a4486506,2026-08-09T22:05:16.511000Z,100.0,2803.0,62.1,10565.9,6446.0,6.9,73.8,15.4,402.78,0.0048,0.2489,0.0,0.0133,0.0076,54.544,254,2966,20984.7,85.0,1
7232bc533c21ce408d45d473,5bca2646-6745-4bbb-987d-ccb0a4486506,2026-08-09T22:05:22.320000Z,100.0,2803.0,61.3,10426.9,6585.0,6.9,73.8,15.4,402.78,0.0082,0.1811,0.0,0.0453,0.1028,54.388,254,2959,12993.8,85.0,1
7232bc533c21ce408d45d473,5bca2646-6745-4bbb-987d-ccb0a4486506,2026-08-09T22:05:24.829000Z,100.0,2803.0,61.6,10476.2,6535.6,6.9,73.8,15.4,402.78,0.0123,0.2295,0.0,0.0079,0.0087,71.599,254,2968,14280.2,86.0,1
7232bc533c21ce408d45d473,5bca2646-6745-4bbb-987d-ccb0a4486506,2026-08-09T22:05:28.261000Z,100.0,2803.0,61.7,10497.3,6514.5,6.9,73.8,15.4,402.78,0.0041,0.2808,0.0,0.0069,0.0073,54.798,254,2962,11585.8,86.0,1
7232bc533c21ce408d45d473,5bca2646-6745-4bbb-987d-ccb0a4486506,2026-08-09T22:05:33.994000Z,100.0,2803.0,61.7,10495.0,6516.8,6.9,73.8,15.4,402.78,0.0,0.6533,0.007,0.0008,0.001,57.362,255,2936,12714.3,86.0,1
7232bc533c21ce408d45d473,5bca2646-6745-4bbb-987d-ccb0a4486506,2026-08-09T22:05:36.231000Z,100.0,2803.0,61.6,10485.3,6526.5,6.9,73.8,15.4,402.76,0.2578,4.0588,0.0,0.0061,0.0033,86.734,255,2937,11631.6,86.0,1
7232bc533c21ce408d45d473,5bca2646-6745-4bbb-987d-ccb0a4486506,2026-08-09T22:05:38.356000Z,100.0,2803.0,61.6,10471.5,6540.3,6.9,73.8,15.4,402.76,1.5425,4.348,0.0,0.0002,0.0049,86.224,254,2933,9745.9,86.0,1
7232bc533c21ce408d45d473,5bca2646-6745-4bbb-987d-ccb0a4486506,2026-08-09T22:05:40.416000Z,100.0,2803.0,61.5,10466.1,6545.8,6.9,73.8,15.4,402.75,0.0412,2.8518,0.0,0.0001,0.0009,79.687,254,2921,9866.5,86.0,1
7232bc533c21ce408d45d473,5bca2646-6745-4bbb-987d-ccb0a4486506,2026-08-09T22:05:45.626000Z,100.0,2803.0,61.5,10457.1,6554.8,6.9,73.8,15.4,402.74,0.3847,3.9268,0.0,0.0001,0.0005,69.653,254,2918,11955.1,86.0,1
7232bc533c21ce408d45d473,5bca2646-6745-4bbb-987d-ccb0a4486506,2026-08-09T22:05:48.102000Z,100.0,2803.0,61.4,10448.6,6563.2,6.9,73.8,15.4,402.74,0.04,0.2346,0.0,0.003,0.0273,30.331,254,2898,13270.2,86.0,1
7232bc533c21ce408d45d473,5bca2646-6745-4bbb-987d-ccb0a4486506,2026-08-09T22:05:53.545000Z,100.0,2803.0,61.4,10453.7,6558.2,6.9,73.8,15.4,402.74,0.0164,0.2029,0.0,0.0034,0.0019,56.77,254,2910,13375.9,86.0,1
7232bc533c21ce408d45d473,5bca2646-6745-4bbb-987d-ccb0a4486506,2026-08-09T22:06:02.266000Z,100.0,2803.0,62.9,10696.1,6315.7,6.9,73.8,15.4,402.74,0.0457,0.397,0.0,0.004,0.0028,88.814,258,2951,21052.1,86.0,1
7232bc533c21ce408d45d473,5bca2646-6745-4bbb-987d-ccb0a4486506,2026-08-09T22:06:04.874000Z,100.0,2803.0,63.0,10722.9,6289.0,6.9,73.8,15.4,402.74,0.0205,0.2677,0.0,0.0443,0.0989,83.121,256,2960,15571.7,86.0,1
7232bc533c21ce408d45d473,5bca2646-6745-4bbb-987d-ccb0a4486506,2026-08-09T22:06:10.145000Z,100.0,2803.0,63.2,10759.3,6252.5,6.9,73.8,15.4,402.74,0.2592,0.4509,0.0,0.0083,0.0074,36.588,256,2967,13283.1,86.0,1
7232bc533c21ce408d45d473,5bca2646-6745-4bbb-987d-ccb0a4486506,2026-08-09T22:06:13.746000Z,100.0,2803.0,63.5,10802.1,6209.8,6.9,73.8,15.4,402.74,1.6096,0.1912,0.0,0.0001,0.0028,69.438,256,2973,14593.6,86.0,1
7232bc533c21ce408d45d473,5bca2646-6745-4bbb-987d-ccb0a4486506,2026-08-09T22:06:16.512000Z,100.0,2803.0,63.9,10871.7,6140.1,6.9,73.8,15.4,402.74,5.9773,0.9047,0.002,0.0035,0.0042,59.645,255,2972,17349.3,86.0,1
7232bc533c21ce408d45d473,5bca2646-6745-4bbb-987d-ccb0a4486506,2026-08-09T22:06:22.616000Z,100.0,2803.0,63.8,10850.3,6161.6,6.9,73.8,15.4,402.74,1.6074,0.7525,0.0,0.0001,0.0009,69.827,255,2964,14685.2,86.0,1
7232bc533c21ce408d45d473,5bca2646-6745-4bbb-987d-ccb0a4486506,2026-08-09T22:06:26.785000Z,100.0,2803.0,63.5,10794.5,6217.4,6.9,73.8,15.4,402.74,4.0691,0.4512,0.0,0.0027,0.0055,86.317,255,3017,18810.2,86.0,1
7232bc533c21ce408d45d473,5bca2646-6745-4bbb-987d-ccb0a4486506,2026-08-09T22:06:31.109000Z,100.0,2803.0,60.1,10220.8,6791.0,7.3,78.1,15.4,402.74,5.8476,2.583,0.001,0.0294,0.011,68.634,260,3113,22920.8,86.0,1
7232bc533c21ce408d45d473,5bca2646-6745-4bbb-987d-ccb0a4486506,2026-08-09T22:06:34.135000Z,100.0,2803.0,60.8,10351.3,6660.5,7.5,80.4,15.4,402.74,5.1622,3.6539,0.0,0.0518,0.2697,84.101,258,3142,28541.4,86.0,1
7232bc533c21ce408d45d473,5bca2646-6745-4bbb-987d-ccb0a4486506,2026-08-09T22:06:35.979000Z,100.0,2803.0,61.5,10456.2,6555.7,7.5,80.4,15.4,402.73,3.2349,0.9455,0.0,0.0252,0.348,155.05,260,3160,29227.8,86.0,1
7232bc533c21ce408d45d473,5bca2646-6745-4bbb-987d-ccb0a4486506,2026-08-09T22:06:37.669000Z,100.0,2803.0,62.5,10635.8,6376.1,7.5,80.4,15.4,402.73,4.8074,1.7803,0.0,0.0361,0.4596,70.706,261,3176,25347.4,86.0,1
7232bc533c21ce408d45d473,5bca2646-6745-4bbb-987d-ccb0a4486506,2026-08-09T22:06:39.540000Z,96.5,2803.0,62.8,10691.7,6320.1,7.5,80.4,15.4,402.73,9.4417,2.5893,0.0,0.0183,0.4754,73.35,259,3166,21665.7,86.0,1
7232bc533c21ce408d45d473,5bca2646-6745-4bbb-987d-ccb0a4486506,2026-08-09T22:06:42.720000Z,99.5,2803.0,63.2,10753.2,6258.6,7.5,80.4,15.4,402.73,0.7155,2.5491,0.0,0.0272,0.6739,88.272,259,3164,20674.7,86.0,1
7232bc533c21ce408d45d473,5bca2646-6745-4bbb-987d-ccb0a4486506,2026-08-09T22:06:45.798000Z,99.8,2803.0,63.5,10798.4,6213.5,7.5,80.4,15.4,402.73,3.2507,1.7856,0.0,0.02,0.3749,79.611,259,3172,24892.3,86.0,1
7232bc533c21ce408d45d473,5bca2646-6745-4bbb-987d-ccb0a4486506,2026-08-09T22:06:47.922000Z,100.0,2803.0,63.2,10746.5,6265.4,7.5,80.4,15.4,402.73,0.074,0.4059,0.0,0.0101,0.2409,122.669,259,3173,17371.1,86.0,1
7232bc533c21ce408d45d473,5bca2646-6745-4bbb-987d-ccb0a4486506,2026-08-09T22:06:50.014000Z,100.0,2803.0,63.3,10774.1,6237.7,7.5,80.4,15.4,402.73,0.1218,0.9108,0.0,0.0124,0.2671,86.136,259,3179,17050.4,86.0,1
7232bc533c21ce408d45d473,5bca2646-6745-4bbb-987d-ccb0a4486506,2026-08-09T22:06:52.974000Z,100.0,2803.0,63.3,10776.5,6235.4,7.5,80.4,15.4,402.73,0.107,0.6294,0.0,0.0075,0.34,62.829,259,3179,18713.2,86.0,1
7232bc533c21ce408d45d473,5bca2646-6745-4bbb-987d-ccb0a4486506,2026-08-09T22:06:56.092000Z,100.0,2803.0,63.4,10789.1,6222.7,7.5,80.4,15.4,402.72,0.0124,0.4499,0.0,0.0053,0.2635,60.069,259,3172,18746.0,86.0,1
7232bc533c21ce408d45d473,5bca2646-6745-4bbb-987d-ccb0a4486506,2026-08-09T22:06:57.853000Z,100.0,2803.0,63.3,10762.6,6249.3,7.5,80.4,15.4,402.72,0.0164,0.2236,0.0,0.0046,0.2311,58.094,259,3161,17836.8,86.0,1
7232bc533c21ce408d45d473,5bca2646-6745-4bbb-987d-ccb0a4486506,2026-08-09T22:06:59.697000Z,100.0,2803.0,63.2,10752.1,6259.8,7.5,80.4,15.4,402.72,0.0,0.2233,0.0,0.0014,0.0535,62.057,259,3159,14109.5,86.0,1
7232bc533c21ce408d45d473,5bca2646-6745-4bbb-987d-ccb0a4486506,2026-08-09T22:07:01.938000Z,100.0,2803.0,63.1,10738.8,6273.0,7.5,80.4,15.4,402.72,0.041,0.1743,0.0,0.0015,0.0703,84.129,259,3161,13957.3,86.0,1
7232bc533c21ce408d45d473,5bca2646-6745-4bbb-987d-ccb0a4486506,2026-08-09T22:07:06.357000Z,100.0,2803.0,63.2,10745.4,6266.4,7.5,80.4,15.4,402.72,0.0573,0.5424,0.0,0.0023,0.1177,83.363,259,3182,17616.8,86.0,1
7232bc533c21ce408d45d473,5bca2646-6745-4bbb-987d-ccb0a4486506,2026-08-09T22:07:09.902000Z,100.0,2803.0,64.2,10928.2,6083.7,7.5,80.4,15.4,402.73,4.2123,1.0382,0.0,0.0028,0.1187,107.372,262,3215,22293.3,86.0,1
7232bc533c21ce408d45d473,5bca2646-6745-4bbb-987d-ccb0a4486506,2026-08-09T22:07:17.023000Z,100.0,2803.0,64.2,10924.0,6087.9,7.5,80.4,15.4,402.73,0.0539,0.2266,0.0,0.0023,0.0007,75.741,261,3210,13926.6,86.0,1
7232bc533c21ce408d45d473,5bca2646-6745-4bbb-987d-ccb0a4486506,2026-08-09T22:07:21.046000Z,100.0,2803.0,64.7,11011.4,6000.5,7.5,80.4,15.4,402.73,0.2251,0.2551,0.004,0.0017,0.0037,76.03,263,3231,15130.0,86.0,1
7232bc533c21ce408d45d473,5bca2646-6745-4bbb-987d-ccb0a4486506,2026-08-09T22:07:23.589000Z,100.0,2803.0,65.2,11097.7,5914.1,7.5,80.4,15.4,402.73,0.5184,0.5538,0.0,0.0032,0.1031,67.496,263,3244,118428.4,86.0,1
7232bc533c21ce408d45d473,5bca2646-6745-4bbb-987d-ccb0a4486506,2026-08-09T22:07:25.551000Z,100.0,2803.0,65.1,11070.5,5941.4,7.5,80.4,15.4,402.73,0.0471,0.328,0.0,0.0068,0.005,56.256,264,3243,180478.7,86.0,1
7232bc533c21ce408d45d473,5bca2646-6745-4bbb-987d-ccb0a4486506,2026-08-09T22:07:27.529000Z,100.0,2803.0,65.0,11060.1,5951.8,7.5,80.4,15.4,402.73,0.0,0.0737,0.0,0.0033,0.0238,57.792,263,3239,186187.7,86.0,1
7232bc533c21ce408d45d473,5bca2646-6745-4bbb-987d-ccb0a4486506,2026-08-09T22:07:29.505000Z,100.0,2803.0,64.9,11047.6,5964.2,7.5,80.4,15.4,402.73,0.096,0.4556,0.0,0.0025,0.1045,75.898,263,3231,133357.4,86.0,1
7232bc533c21ce408d45d473,5bca2646-6745-4bbb-987d-ccb0a4486506,2026-08-09T22:07:32.227000Z,100.0,2803.0,64.9,11043.1,5968.8,7.5,80.4,15.4,402.73,0.0246,0.1272,0.0,0.0061,0.231,76.299,263,3226,141898.9,86.0,1
7232bc533c21ce408d45d473,5bca2646-6745-4bbb-987d-ccb0a4486506,2026-08-09T22:07:33.754000Z,100.0,2803.0,64.9,11041.3,5970.5,7.5,80.4,15.4,402.73,0.6232,1.478,0.0,0.0047,0.1323,79.914,263,3229,151473.3,86.0,1
7232bc533c21ce408d45d473,5bca2646-6745-4bbb-987d-ccb0a4486506,2026-08-09T22:07:35.425000Z,100.0,2803.0,65.1,11074.7,5937.2,7.5,80.4,15.4,402.73,0.1027,0.3379,0.0,0.0014,0.0341,56.987,264,3219,95867.4,86.0,1
7232bc533c21ce408d45d473,5bca2646-6745-4bbb-987d-ccb0a4486506,2026-08-09T22:07:37.543000Z,100.0,2803.0,65.7,11168.5,5843.3,7.5,80.4,15.4,402.72,0.6739,1.6684,0.009,0.0099,0.0385,84.258,264,3223,17961.1,86.0,1
7232bc533c21ce408d45d473,5bca2646-6745-4bbb-987d-ccb0a4486506,2026-08-09T22:07:39.985000Z,100.0,2803.0,66.0,11231.8,5780.1,7.5,80.4,15.4,402.72,1.0178,2.1971,0.0,0.0098,0.286,56.612,264,3225,49326.6,86.0,1
7232bc533c21ce408d45d473,5bca2646-6745-4bbb-987d-ccb0a4486506,2026-08-09T22:07:41.466000Z,100.0,2803.0,65.8,11198.5,5813.3,7.5,80.4,15.4,402.72,0.4878,1.5592,0.0,0.0184,0.1242,58.772,265,3234,21259.9,86.0,1
7232bc533c21ce408d45d473,5bca2646-6745-4bbb-987d-ccb0a4486506,2026-08-09T22:07:44.922000Z,100.0,2803.0,65.5,11135.5,5876.4,7.5,80.4,15.4,402.72,0.7962,2.0728,0.0,0.0374,0.1423,80.817,265,3236,17218.6,86.0,1
7232bc533c21ce408d45d473,5bca2646-6745-4bbb-987d-ccb0a4486506,2026-08-09T22:07:47.398000Z,100.0,2803.0,65.6,11164.1,5847.7,7.5,80.4,15.4,402.72,1.4396,5.3597,0.0,0.0246,0.3025,64.015,266,3238,43857.4,86.0,1
7232bc533c21ce408d45d473,5bca2646-6745-4bbb-987d-ccb0a4486506,2026-08-09T22:07:49.498000Z,97.3,2803.0,64.4,10953.0,6058.9,7.5,80.4,15.4,402.72,1.0692,3.6245,0.0,0.0211,0.5117,197.149,264,3239,17652.6,86.0,1
7232bc533c21ce408d45d473,5bca2646-6745-4bbb-987d-ccb0a4486506,2026-08-09T22:07:51.320000Z,88.6,2803.0,64.9,11048.4,5963.4,7.5,80.4,15.4,402.72,2.2734,1.6528,0.0,0.0189,0.4018,58.575,264,3253,17493.7,86.0,1
7232bc533c21ce408d45d473,5bca2646-6745-4bbb-987d-ccb0a4486506,2026-08-09T22:07:54.310000Z,90.6,2803.0,65.1,11076.9,5935.0,7.5,80.4,15.4,402.72,1.8833,6.0885,0.0,0.0186,0.4105,83.115,264,3249,13880.8,86.0,1
7232bc533c21ce408d45d473,5bca2646-6745-4bbb-987d-ccb0a4486506,2026-08-09T22:07:56.367000Z,85.6,2803.0,65.2,11098.0,5913.8,7.5,80.4,15.4,402.71,1.0622,4.8519,0.0,0.0889,0.6206,63.167,264,3248,32333.6,86.0,1
7232bc533c21ce408d45d473,5bca2646-6745-4bbb-987d-ccb0a4486506,2026-08-09T22:07:57.830000Z,100.0,2803.0,65.7,11174.2,5837.7,7.5,80.4,15.4,402.71,1.2201,4.7804,0.0,0.0171,0.113,72.747,264,3249,26357.2,86.0,1
7232bc533c21ce408d45d473,5bca2646-6745-4bbb-987d-ccb0a4486506,2026-08-09T22:07:59.824000Z,100.0,2803.0,66.0,11230.5,5781.3,7.5,80.4,15.4,402.7,1.8762,6.9455,0.0,0.0098,0.0089,66.504,264,3248,23209.8,86.0,1
7232bc533c21ce408d45d473,5bca2646-6745-4bbb-987d-ccb0a4486506,2026-08-09T22:08:01.576000Z,100.0,2803.0,66.3,11287.0,5724.8,7.5,80.4,15.4,402.7,0.0082,0.428,0.0,0.0195,0.3208,71.062,264,3243,24067.1,86.0,1
7232bc533c21ce408d45d473,5bca2646-6745-4bbb-987d-ccb0a4486506,2026-08-09T22:08:04.806000Z,100.0,2803.0,66.5,11307.1,5704.8,7.5,80.4,15.4,402.7,0.0325,0.808,0.0,0.0155,0.0151,31.115,264,3243,20860.5,86.0,1
7232bc533c21ce408d45d473,5bca2646-6745-4bbb-987d-ccb0a4486506,2026-08-09T22:08:07.769000Z,99.9,2803.0,67.7,11512.8,5499.1,7.5,80.4,15.4,402.7,0.1353,0.5823,0.0,0.0088,0.0562,78.125,264,3222,26006.8,86.0,1
7232bc533c21ce408d45d473,5bca2646-6745-4bbb-987d-ccb0a4486506,2026-08-09T22:08:10.527000Z,100.0,2803.0,67.9,11559.4,5452.5,7.5,80.4,15.4,402.7,0.0483,0.1965,0.0,0.0233,0.0755,63.539,264,3224,24911.3,86.0,1
7232bc533c21ce408d45d473,5bca2646-6745-4bbb-987d-ccb0a4486506,2026-08-09T22:08:13.640000Z,100.0,2803.0,66.6,11338.2,5673.7,7.5,80.4,15.4,402.7,0.761,4.8733,0.003,0.0161,0.1338,46.327,264,3218,23170.5,86.0,1
7232bc533c21ce408d45d473,5bca2646-6745-4bbb-987d-ccb0a4486506,2026-08-09T22:08:16.696000Z,100.0,2803.0,67.2,11439.1,5572.7,7.5,80.4,15.4,402.69,4.8343,10.2175,0.0,0.0268,0.0179,57.853,265,3221,21394.3,86.0,1
7232bc533c21ce408d45d473,5bca2646-6745-4bbb-987d-ccb0a4486506,2026-08-09T22:08:19.258000Z,90.0,2803.0,65.6,11153.8,5858.0,7.5,80.7,15.4,402.71,0.2212,3.8686,0.0,0.0186,0.143,72.325,265,3232,24432.3,86.0,1
7232bc533c21ce408d45d473,5bca2646-6745-4bbb-987d-ccb0a4486506,2026-08-09T22:08:21.256000Z,52.7,2803.0,65.6,11156.4,5855.4,7.5,80.7,15.4,402.7,0.0328,0.6043,0.0,0.0017,0.0545,78.074,265,3232,13779.6,86.0,1
7232bc533c21ce408d45d473,5bca2646-6745-4bbb-987d-ccb0a4486506,2026-08-09T22:08:23.179000Z,51.4,2803.0,65.5,11142.4,5869.5,7.5,80.7,15.4,402.7,0.0246,0.1453,0.0,0.0008,0.0005,65.956,265,3227,13412.8,86.0,1
7232bc533c21ce408d45d473,5bca2646-6745-4bbb-987d-ccb0a4486506,2026-08-09T22:08:25.243000Z,53.9,2803.0,64.7,11014.2,5997.6,7.5,80.7,15.4,402.7,0.0,0.1946,0.0,0.0001,0.0009,86.781,265,3228,11036.3,86.0,1
7232bc533c21ce408d45d473,5bca2646-6745-4bbb-987d-ccb0a4486506,2026-08-09T22:08:27.850000Z,60.1,2803.0,64.6,10982.5,6029.4,7.5,80.7,15.4,402.7,0.0,0.041,0.0,0.0002,0.001,75.157,265,3229,12235.7,86.0,1
7232bc533c21ce408d45d473,5bca2646-6745-4bbb-987d-ccb0a4486506,2026-08-09T22:08:29.165000Z,50.7,2803.0,64.2,10929.9,6081.9,7.5,80.7,15.4,402.7,0.0,0.0573,0.0,0.0002,0.0003,53.517,265,3229,18498.7,86.0,1
7232bc533c21ce408d45d473,5bca2646-6745-4bbb-987d-ccb0a4486506,2026-08-09T22:08:31.213000Z,45.6,2803.0,64.3,10937.8,6074.0,7.5,80.7,15.4,402.7,0.0,0.0573,0.0,0.0002,0.0009,66.105,265,3224,7793.9,86.0,1
7232bc533c21ce408d45d473,5bca2646-6745-4bbb-987d-ccb0a4486506,2026-08-09T22:08:33.233000Z,53.7,2803.0,64.4,10954.5,6057.3,7.5,80.7,15.4,402.7,0.0,0.0123,0.0,0.0001,0.0053,87.15,265,3215,12540.3,86.0,1
7232bc533c21ce408d45d473,5bca2646-6745-4bbb-987d-ccb0a4486506,2026-08-09T22:08:35.059000Z,37.5,2803.0,64.4,10954.2,6057.7,7.5,80.7,15.4,402.7,0.0,0.1352,0.0,0.0003,0.0003,82.319,265,3207,8265.2,86.0,1
7232bc533c21ce408d45d473,5bca2646-6745-4bbb-987d-ccb0a4486506,2026-08-09T22:08:37.548000Z,26.2,2803.0,64.4,10953.5,6058.3,7.5,80.7,15.4,402.7,0.0,0.041,0.0,0.0001,0.001,71.497,265,3202,5083.4,86.0,1
7232bc533c21ce408d45d473,5bca2646-6745-4bbb-987d-ccb0a4486506,2026-08-09T22:08:39.125000Z,26.6,2803.0,64.3,10935.1,6076.7,7.5,80.7,15.4,402.7,0.0,0.1085,0.0,0.0002,0.001,81.615,265,3194,10538.8,86.0,1
7232bc533c21ce408d45d473,5bca2646-6745-4bbb-987d-ccb0a4486506,2026-08-09T22:08:41.049000Z,29.0,2803.0,64.2,10927.0,6084.9,7.5,80.7,15.4,402.7,0.0,0.0389,0.0,0.0011,0.0002,66.495,265,3200,10885.2,87.0,1
7232bc533c21ce408d45d473,5bca2646-6745-4bbb-987d-ccb0a4486506,2026-08-09T22:08:43.108000Z,41.1,2803.0,63.5,10799.1,6212.7,7.5,80.7,15.4,402.7,0.0,0.1639,0.0,0.0011,0.0056,87.492,265,3354,20884.1,87.0,1
7232bc533c21ce408d45d473,5bca2646-6745-4bbb-987d-ccb0a4486506,2026-08-09T22:08:45.536000Z,52.0,2803.0,64.7,11012.3,5999.5,7.5,80.7,15.4,402.7,0.0,1.0226,0.0,0.0073,0.009,66.398,266,3373,13240.7,87.0,1
