comparison,feature,feature_type,train_mean,difficult_mean,train_median,difficult_median,train_std,difficult_std,train_p10,train_p25,train_p75,train_p90,train_p95,difficult_p10,difficult_p25,difficult_p75,difficult_p90,difficult_p95,train_missing_pct,difficult_missing_pct,missing_pct_difference,standardized_mean_difference,absolute_smd,psi,ks_statistic,shift_metric,shift_rank
train_negative_vs_difficult_negative,disk_free_gb,raw,295.95820423694704,140.1602975929978,366.44,140.13,108.50230392907557,0.6370571970586559,161.27,178.24,389.72,404.46,408.53,139.56,139.8,140.32,140.57,142.49,0.0,0.0,0.0,-2.030627064514535,2.030627064514535,12.444539386548897,1.0,8.030627064514535,1
train_negative_vs_difficult_negative,disk_usage_pct,raw,32.3618967472833,70.55501094091905,23.0,70.6,28.074869090142965,0.13288200334679162,2.0,3.1,62.6,66.1,66.3,70.5,70.5,70.6,70.7,70.7,0.0,0.0,0.0,1.9238777179174307,1.9238777179174307,11.683763241303438,1.0,7.9238777179174305,2
train_negative_vs_difficult_negative,thread_count_min_120s,engineered,2868.6293403095387,4263.4598103574035,2945.0,4221.0,1199.670764515453,173.0016372277364,1441.0,1561.0,3853.0,4503.0,4674.0,4118.0,4175.0,4283.0,4443.0,4753.0,0.0,0.0,0.0,1.627439694580209,1.627439694580209,9.99485817166632,0.787192542267778,7.414632236847988,3
train_negative_vs_difficult_negative,thread_count_min_60s,engineered,2884.5157696388715,4282.720204230489,2954.0,4240.0,1206.6924156443788,181.08869419866144,1444.0,1568.0,3879.0,4524.0,4703.0,4126.0,4185.0,4305.0,4518.0,4755.0,0.0,0.0,0.0,1.620514613147331,1.620514613147331,9.786304219312775,0.7852208069958259,7.405735420143157,4
train_negative_vs_difficult_negative,thread_count_mean_120s,engineered,2928.6330486895176,4339.160044824766,2993.0166666666664,4278.267857142857,1213.9259625467862,208.27114109733918,1475.25,1607.9631147540986,3933.368382352941,4569.351717171717,4745.940344062153,4159.932655367232,4227.388387978142,4357.456666666667,4604.539339875111,4837.983144654087,0.0,0.0,0.0,1.6195881709549134,1.6195881709549134,9.71121649488137,0.7830121966167736,7.402600367571687,5
train_negative_vs_difficult_negative,thread_count_min_30s,engineered,2898.076232117376,4299.76776075857,2964.0,4250.0,1210.1910992122648,191.17343947823574,1449.0,1582.0,3899.0,4538.0,4717.0,4134.0,4193.0,4326.0,4551.6,4796.5999999999985,0.0,0.0,0.0,1.617935555609779,1.617935555609779,9.76356608328996,0.781976075184515,7.399911630794294,6
train_negative_vs_difficult_negative,thread_count_mean_60s,engineered,2926.4941261184713,4332.655053791063,2989.883333333333,4275.129032258064,1213.5604654088618,204.79518012521783,1472.9354838709678,1606.821505376344,3932.3548387096776,4564.2229032258065,4745.213916256157,4158.967096774193,4221.294623655914,4356.88494623656,4610.3215,4832.105434782608,0.0,0.0,0.0,1.6158126442562137,1.6158126442562137,9.69043978995617,0.7793723491526108,7.395184993408824,7
train_negative_vs_difficult_negative,thread_count_mean_30s,engineered,2925.1716035635222,4329.233624124679,2986.614583333333,4274.133333333333,1213.3034688459784,202.50783126674244,1472.2712500000002,1608.953125,3930.375,4565.396363636363,4745.248214285714,4158.925,4217.466666666666,4354.6625,4606.369230769231,4825.86923076923,0.0,0.0,0.0,1.6142297995948935,1.6142297995948935,9.716710620963443,0.7777800426524107,7.392009842247304,8
train_negative_vs_difficult_negative,thread_count,raw,2923.478742087739,4325.259372720642,2984.0,4273.0,1212.8972676639312,198.63965980959316,1471.0,1614.0,3929.0,4564.0,4747.0,4157.0,4214.0,4351.0,4594.0,4816.299999999999,0.0,0.0,0.0,1.6129598139179802,1.6129598139179802,9.685546104790449,0.7773043922920141,7.390264206209994,9
train_negative_vs_difficult_negative,thread_count_max_60s,engineered,2975.107917749076,4382.710430342815,3026.0,4315.0,1216.560426638727,228.92242663239793,1515.0,1670.0,3985.0,4620.9000000000015,4797.0,4189.0,4253.0,4411.0,4705.0,4910.299999999999,0.0,0.0,0.0,1.6080718613287752,1.6080718613287752,9.517196134552545,0.7801309745153299,7.388202835844105,10
train_negative_vs_difficult_negative,thread_count_max_30s,engineered,2955.3941312063225,4358.835740335521,3005.0,4298.0,1214.1866207668256,215.73527715896995,1503.0,1653.25,3961.0,4591.9000000000015,4777.0,4181.0,4237.0,4384.0,4692.0,4861.0,0.0,0.0,0.0,1.6094392902875445,1.6094392902875445,9.585306357146688,0.7775968573503406,7.387036147637885,11
train_negative_vs_difficult_negative,thread_count_max_120s,engineered,3003.902436793385,4423.739752005835,3061.0,4340.0,1221.8206671226312,251.29611252708494,1540.0,1707.0,4025.0,4648.0,4828.0,4201.0,4279.0,4441.0,4817.0,4994.0,0.0,0.0,0.0,1.609716583708167,1.609716583708167,9.328292006081403,0.7752395178314976,7.3849561015396645,12
train_negative_vs_difficult_negative,ram_used_mb,raw,10128.034374885661,14395.972487235595,8772.05,14301.2,3694.357714227214,671.0396607972343,5663.52,6934.2,14195.6,14951.0,15345.695,13631.72,14023.6,14804.95,15287.020000000002,15750.19,0.0,0.0,0.0,1.6074798221263946,1.6074798221263946,7.527810981519366,0.6355280395527173,7.2430078616791125,13
train_negative_vs_difficult_negative,swap_used_mb,raw,2331.694074494164,4864.037126185266,1511.4,4697.6,2969.2979596807704,561.7154259179979,0.0,88.7,3737.3,5210.0,10888.1,4203.6,4408.65,5296.8,5610.2,5827.7,0.0,0.0,0.0,1.185082352653607,1.185082352653607,9.298047401775568,0.7931296317898301,6.978211984443437,14
train_negative_vs_difficult_negative,cpu_frequency_mhz,raw,2142.9651128754895,1101.0,1300.0,1101.0,1111.864891296214,0.0,1101.0,1101.0,3504.0,3504.0,3504.0,1101.0,1101.0,1101.0,1101.0,1101.0,0.0,0.0,0.0,-1.3253059842821822,1.3253059842821822,7.762516205934561,0.5711280231239253,6.896434007406107,15
train_negative_vs_difficult_negative,cpu_pct_min_120s,engineered,20.817807617723464,38.85239970824216,9.5,36.2,19.197550345374385,8.784725233937294,2.9,4.3,39.3,48.9,54.5,31.3,32.6,41.7,51.000000000000185,59.3,0.0,0.0,0.0,1.2080684940518547,1.2080684940518547,6.705098670426688,0.6019101006140755,6.80997859466593,16
train_negative_vs_difficult_negative,cpu_pct_min_60s,engineered,21.92646445428268,40.126345733041575,10.5,36.8,19.778440147157657,9.519846438494692,3.0,4.8,40.7,50.8,56.7,32.2,32.9,44.5,58.1,61.2,0.0,0.0,0.0,1.172583471853214,1.172583471853214,6.799464023538849,0.5955843351200312,6.768167806973245,17
train_negative_vs_difficult_negative,ram_pct_min_120s,engineered,70.3260327101094,83.44602479941648,74.9,82.8,14.833818309158415,3.864174623037968,47.0,57.4,82.1,86.7,89.1,79.2,81.5,85.8,88.4,91.4,0.0,0.0,0.0,1.2104271480917428,1.2104271480917428,5.337559181143617,0.5573179260299239,6.767745074121667,18
train_negative_vs_difficult_negative,ram_pct_mean_120s,engineered,71.33840251799404,84.612361466755,76.02622950819672,83.95762711864407,14.978946177655224,3.9416644415356292,47.88070175438597,58.06515625,83.36784200968523,87.69666101694915,90.0097828587863,80.30137931034483,82.41525423728814,86.83948345190225,89.7248484848485,92.66307050479767,0.0,0.0,0.0,1.2119796368152267,1.2119796368152267,5.378886372077447,0.5467656722897383,6.758745309104965,19
train_negative_vs_difficult_negative,ram_pct_max_120s,engineered,72.63274303903992,86.13076586433259,77.4,85.6,15.095358076834765,4.296062649267706,49.7,58.8,84.6,89.0,91.6,81.2,83.3,88.3,92.3,94.8,0.0,0.0,0.0,1.2162701205328783,1.2162701205328783,5.170479017501293,0.541498344270783,6.757768464803662,20
train_negative_vs_difficult_negative,ram_pct_min_60s,engineered,70.59429585452418,83.72090444930707,75.2,83.2,14.90394603044615,3.8688828123127674,47.2,57.7,82.5,87.1,89.5,79.3,81.7,86.0,88.5,91.9,0.0,0.0,0.0,1.2056064058567335,1.2056064058567335,5.350696996368371,0.5487621628371381,6.754368568693872,21
train_negative_vs_difficult_negative,ram_pct_mean_60s,engineered,71.30408144477549,84.52972117267215,75.92,83.90344827586208,15.01772660772544,3.9290119990232935,47.782758620689656,58.13125,83.31666666666666,87.69333333333334,90.0066559139785,80.04216091954024,82.35764367816091,86.84107526881719,89.39870967741936,92.54857142857144,0.0,0.0,0.0,1.2048996411752517,1.2048996411752517,5.368117311118081,0.5435950782050268,6.748494719380279,22
train_negative_vs_difficult_negative,ram_pct_min_30s,engineered,70.8016940470528,83.93139314369073,75.3,83.4,14.949833237329294,3.879221660826457,47.3,57.8,82.8,87.2,89.7,79.4,81.8,86.2,88.7,92.02999999999993,0.0,0.0,0.0,1.2022196327591677,1.2022196327591677,5.356947178968637,0.5399694818373377,6.7421891145965045,23
train_negative_vs_difficult_negative,ram_pct_mean_30s,engineered,71.28470202689685,84.4899436538419,75.8875,83.9090909090909,15.040946070901526,3.9256976620309345,47.68515384615385,58.166666666666664,83.30702380952381,87.67950000000002,89.99333333333334,80.01875,82.32666666666667,86.78375,89.604,92.47583333333333,0.0,0.0,0.0,1.2013675397311308,1.2013675397311308,5.350848175650798,0.536879422460171,6.738246962191301,24
train_negative_vs_difficult_negative,ram_available_mb,raw,4899.962101642823,2651.6979285193293,4147.5,2746.4,2558.98387795253,671.0393543247739,2096.7,2852.1,7102.95,8902.89,9507.769999999997,1760.6400000000003,2242.75,3024.05,3415.98,3792.679999999999,0.0,0.0,0.0,-1.2018600174367327,1.2018600174367327,5.362376532646331,0.5325710064217736,6.734431023858506,25
train_negative_vs_difficult_negative,ram_pct_max_60s,engineered,72.18952288610002,85.52119620714808,77.1,84.8,15.128946651935511,4.166859856857581,48.7,58.7,84.1,88.7,90.9,80.8,82.9,87.8,91.4,93.8,0.0,0.0,0.0,1.2014716494032522,1.2014716494032522,5.235609535950897,0.5261594594681869,6.72763110887144,26
train_negative_vs_difficult_negative,ram_pct,raw,71.2638871610991,84.4451787016776,75.8,83.9,15.063638428634112,3.936245609030881,47.6,58.2,83.3,87.7,90.0,80.0,82.3,86.8,89.7,92.4,0.0,0.0,0.0,1.1972922660457017,1.1972922660457017,5.32993118287358,0.5287916983680172,6.72608396441372,27
train_negative_vs_difficult_negative,cpu_pct_min_30s,engineered,23.107824448428524,41.42002917578411,11.9,37.6,20.44176326267369,10.331247910862723,3.2,5.4,42.1,53.3,59.0,32.4,33.7,46.8,60.0,62.2,0.0,0.0,0.0,1.1306842356125557,1.1306842356125557,6.709144802113717,0.5890347526864984,6.7197189882990545,28
train_negative_vs_difficult_negative,ram_pct_max_30s,engineered,71.87312392521312,85.11934354485777,76.8,84.5,15.136563655273394,4.066581388724717,48.2,58.6,83.8,88.2,90.6,80.5,82.7,87.4,90.6,93.2,0.0,0.0,0.0,1.1952155317471949,1.1952155317471949,5.258707400560786,0.5236388755073583,6.718854407254553,29
train_negative_vs_difficult_negative,cpu_pct_mean_30s,engineered,30.03672738819822,48.94539867301027,20.125,45.099999999999994,23.708727696781263,11.936980703342703,5.325,9.09375,50.15333333333333,66.20758974358975,71.51976923076921,35.62,40.61291666666666,56.4,68.17916666666667,71.25733333333332,0.0,0.0,0.0,1.0074097409219174,1.0074097409219174,6.225520555468587,0.5698015689603219,6.577211309882239,30
train_negative_vs_difficult_negative,cpu_pct_mean_60s,engineered,30.266328242827267,49.05567431499491,20.43935483870968,45.29666666666667,23.726277823633346,11.758665054664906,5.516129032258065,9.226021505376345,50.54391025641025,66.30666666666667,71.03219688542825,35.82709677419354,41.093333333333334,55.907255747126435,68.26866666666666,70.99550537634406,0.0,0.0,0.0,1.0034712792150662,1.0034712792150662,6.236332409102191,0.5680298774504446,6.571501156665511,31
train_negative_vs_difficult_negative,cpu_pct_mean_120s,engineered,30.69711813015567,49.21966436234026,20.72868852459016,45.65901639344263,23.934260579731063,11.601325813569447,5.763333333333334,9.392213114754098,51.01693262411347,66.93321428571429,71.28685869565219,35.91803278688525,41.25416666666666,55.88421985815604,68.15805084745762,71.2570467836257,0.0,0.0,0.0,0.9848520768619772,0.9848520768619772,6.253140453423004,0.5626948513857496,6.547546928247727,32
train_negative_vs_difficult_negative,cpu_pct,raw,29.68144963594453,48.73925601750547,19.2,44.6,24.192006870609823,13.226545527669698,4.6,8.5,49.5,65.6,73.3,34.7,38.3,57.8,68.86000000000004,74.9,0.0,0.0,0.0,0.9775196328122752,0.9775196328122752,5.612667128622628,0.5583954610417855,6.535915093854061,33
train_negative_vs_difficult_negative,cpu_pct_max_30s,engineered,40.56530679448245,60.177870167760766,35.6,57.5,27.722338546996355,15.05895104419854,9.5,14.8,63.8,81.3,87.1,41.9,47.7,72.3,82.3,86.9,0.0,0.0,0.0,0.8791689517701673,0.8791689517701673,6.180069494460177,0.5044222139793595,6.383591165749527,34
train_negative_vs_difficult_negative,cpu_pct_max_60s,engineered,44.45039332625956,63.98408460977388,40.7,62.7,28.570833600690147,15.331488590580875,11.8,17.0,68.9,85.6,91.1,45.2,50.7,76.3,85.9,90.2,0.0,0.0,0.0,0.8519738444427948,0.8519738444427948,5.102424971162052,0.4870842632907687,6.339058107733564,35
train_negative_vs_difficult_negative,cpu_pct_max_120s,engineered,48.978440232702795,68.00803792851933,47.7,68.5,29.42737409256364,15.237125459986158,14.4,21.1,76.0,90.4,96.7,47.1,54.7,79.4,88.9,93.7,0.0,0.0,0.0,0.8121115410527242,0.8121115410527242,4.913915653291604,0.46534333226556857,6.191370526609897,36
train_negative_vs_difficult_negative,swap_pct_mean_120s,engineered,19.154755061398866,12.567309613700198,12.2,12.1,19.86025812630443,1.4444332658071493,0.0,2.9,40.72451861360719,47.7,62.6,10.9,11.39422131147541,13.65220864661654,14.5,15.076666666666664,0.0,0.0,0.0,-0.4678445123838648,0.4678445123838648,10.568881343385414,0.4809739855841352,5.948818497967999,37
train_negative_vs_difficult_negative,swap_pct_mean_60s,engineered,19.163420321719762,12.577556350643716,12.2,12.1,19.858972974443674,1.4460644385400196,0.0,2.9,40.621266233766235,47.7,62.6,10.9,11.396609195402299,13.658796296296295,14.5,15.1,0.0,0.0,0.0,-0.46775952304769336,0.46775952304769336,10.555055763200986,0.47978580975624185,5.947545332803935,38
train_negative_vs_difficult_negative,swap_pct_max_60s,engineered,19.208519629724492,12.62405543398979,12.2,12.2,19.866350744072463,1.4528793372748974,0.0,2.9,40.9,47.7,62.6,10.9,11.5,13.8,14.5,15.1,0.0,0.0,0.0,-0.46747570646286235,0.46747570646286235,10.667801871039758,0.47921868817269203,5.946694394635554,39
train_negative_vs_difficult_negative,swap_pct_min_120s,engineered,19.082192382276535,12.481750547045952,12.1,12.0,19.857769626656918,1.4604066948097136,0.0,2.9,40.2,47.7,62.6,10.8,11.1,13.5,14.5,15.0,0.0,0.0,0.0,-0.4687985235881014,0.4687985235881014,9.817447872463763,0.47788225824155717,5.9466807818296585,40
train_negative_vs_difficult_negative,swap_pct_max_120s,engineered,19.240598587684318,12.647366885485047,12.2,12.2,19.873159929102023,1.45197459567253,0.0,2.9,41.0,47.7,62.6,10.9,11.5,13.8,14.5,15.1,0.0,0.0,0.0,-0.46794018708828417,0.46794018708828417,10.622275183891377,0.4784676740697376,5.946407861158022,41
train_negative_vs_difficult_negative,swap_pct_mean_30s,engineered,19.167401804141793,12.583375048810497,12.2,12.113333333333332,19.85820167447536,1.4473566365895822,0.0,2.9,40.6,47.7,62.6,10.9,11.4,13.7,14.5,15.1,0.0,0.0,0.0,-0.4676448970861602,0.4676448970861602,10.645210937337884,0.47790815307097384,5.945553050157134,42
train_negative_vs_difficult_negative,swap_pct_max_30s,engineered,19.190424792360325,12.608329686360321,12.2,12.2,19.862034109686213,1.451349671954149,0.0,2.9,40.9,47.7,62.6,10.9,11.4,13.8,14.5,15.1,0.0,0.0,0.0,-0.4674111464208982,0.4674111464208982,10.66711335058622,0.47763373940151427,5.945044885822412,43
train_negative_vs_difficult_negative,swap_pct,raw,19.170959716073323,12.588869438366155,12.2,12.2,19.857922114323728,1.4496732341700929,0.0,2.9,40.6,47.7,62.6,10.9,11.4,13.7,14.5,15.1,0.0,0.0,0.0,-0.4675099440718245,0.4675099440718245,10.645946925314986,0.47689484406805177,5.9444047881398765,44
train_negative_vs_difficult_negative,swap_pct_min_60s,engineered,19.124263656653618,12.530605397520059,12.2,12.1,19.856792613513186,1.4556651547785098,0.0,2.9,40.4,47.7,62.6,10.9,11.2,13.5,14.5,15.1,0.0,0.0,0.0,-0.4683478041828933,0.4683478041828933,9.763830673257976,0.47544912370568215,5.943796927888576,45
train_negative_vs_difficult_negative,swap_pct_min_30s,engineered,19.14618564999451,12.55738876732312,12.2,12.1,19.856621923592606,1.4517391067418541,0.0,2.9,40.5,47.7,62.6,10.9,11.3,13.6,14.5,15.1,0.0,0.0,0.0,-0.4680132402781458,0.4680132402781458,9.74331994241702,0.475657485944856,5.943670726223002,46
train_negative_vs_difficult_negative,process_count_mean_60s,engineered,344.195013605053,316.0859482756492,323.9614814814815,314.1034482758621,104.5996194771525,8.854506625147685,216.12,267.1887019230769,387.31451612903226,527.8064516129032,572.1290322580645,309.5,311.5925925925926,317.06666666666666,320.90911640953715,344.9583333333333,0.0,0.0,0.0,-0.3786873513338661,0.3786873513338661,10.063410385639802,0.42908430753855514,5.807771658872421,47
train_negative_vs_difficult_negative,process_count_mean_30s,engineered,344.14964301670466,316.0022853323838,323.91608391608395,314.0,104.64201523518152,8.849543965316142,216.0,266.925641025641,388.0,527.5595833333334,571.7333333333333,309.375,311.4,317.0,320.93142857142857,344.875,0.0,0.0,0.0,-0.37905219666629425,0.37905219666629425,10.055131482318696,0.4281814818957299,5.807233678562024,48
train_negative_vs_difficult_negative,process_count,raw,344.0964289634481,315.8987600291758,324.0,314.0,104.69822270523218,8.918819257655237,216.0,267.0,389.0,528.0,571.0,309.0,311.0,317.0,321.0,344.0,0.0,0.0,0.0,-0.37950615531667964,0.37950615531667964,9.109065572081908,0.4276442982897537,5.807150453606433,49
train_negative_vs_difficult_negative,process_count_mean_120s,engineered,344.2948522846075,316.22545095291844,323.94827586206895,314.1639344262295,104.54275853941047,8.876761115489302,215.91699999999997,267.2927419354839,386.5390710382514,527.9316666666666,572.7826912568305,309.86095238095237,311.63793103448273,317.1967741935484,320.77575757575755,345.1470588235294,0.0,0.0,0.0,-0.3783504269360388,0.3783504269360388,10.069825996119201,0.4274031371787329,5.805753564114772,50
train_negative_vs_difficult_negative,process_count_min_30s,engineered,341.9602466064176,314.5918307804522,322.0,313.0,103.72468552833783,8.43210359013265,215.0,265.0,382.0,527.0,568.0,308.0,310.0,316.0,319.0,342.0,0.0,0.0,0.0,-0.3719222997451577,0.3719222997451577,10.049727514297194,0.43148418951599143,5.80340648926115,51
train_negative_vs_difficult_negative,process_count_max_120s,engineered,350.7775785737807,322.35448577680523,332.0,320.0,106.20605744844516,10.162830996948449,219.0,271.0,397.0,535.0,581.0,315.0,317.0,323.0,330.0,352.0,0.0,0.0,0.0,-0.37675391718141293,0.37675391718141293,9.809549979433815,0.42433207926353106,5.801085996444944,52
train_negative_vs_difficult_negative,process_count_min_60s,engineered,340.75600965936115,314.0288840262582,320.5,312.0,103.03299439770312,8.329778960559349,215.0,265.0,380.0,526.0,567.0,308.0,310.0,315.0,318.0,341.0,0.0,0.0,0.0,-0.3656590003003858,0.3656590003003858,9.940676509268927,0.4340627279358133,5.799721728236198,53
train_negative_vs_difficult_negative,process_count_min_120s,engineered,339.8536643371995,313.4660831509847,320.0,312.0,102.86852241535055,8.231494036116324,214.0,264.0,379.0,526.0,567.0,308.0,309.0,314.0,317.0,340.0,0.0,0.0,0.0,-0.36161471038767395,0.36161471038767395,10.131745533189918,0.4355999195213361,5.797214629909011,54
train_negative_vs_difficult_negative,process_count_max_30s,engineered,347.00861658922105,319.3810357403355,327.0,317.0,105.28387481713891,9.568458776754575,218.0,269.0,393.0,531.0,576.0,312.0,314.0,320.0,325.0,349.0,0.0,0.0,0.0,-0.3695811463588215,0.3695811463588215,8.281555573301315,0.42164377537592546,5.791224921734747,55
train_negative_vs_difficult_negative,process_count_max_60s,engineered,348.63089532033223,320.78745441283735,329.0,318.0,105.69727508109501,9.713426019505306,218.0,270.0,395.0,535.0,577.0,314.0,316.0,321.0,326.0,351.0,0.0,0.0,0.0,-0.37097780640747,0.37097780640747,9.270674918103708,0.41927194190484485,5.790249748312315,56
train_negative_vs_difficult_negative,context_switches_per_s_min_120s,engineered,8770.905151809082,6847.846652078774,3557.7,6155.3,12122.083592341298,5283.356356041097,2.0,16.5,11380.2,33341.6,37152.0,4373.2,4855.0,7878.2,9830.7,11781.2,0.03841791372434232,0.0,-0.03841791372434232,-0.20566661026562894,0.20566661026562894,5.452473826059343,0.4896064065731027,5.6952730168387316,57
train_negative_vs_difficult_negative,context_switches_per_s_max_30s,engineered,21335.501209736456,24806.79442742524,11044.5,16920.9,29524.156140347546,27381.77236917992,1039.5,2668.9,27643.375,66474.8,71594.0,10179.060000000001,12022.2,27408.6,39721.0,49757.4,0.040247338187406244,0.0,-0.040247338187406244,0.12191474203766511,0.12191474203766511,5.07499081764108,0.4244950303985613,5.546409772436227,58
train_negative_vs_difficult_negative,network_latency_ms_min_120s,engineered,40.39301845733842,38.312122875620396,35.948,38.19,797.7224305517408,1.27564860632491,23.038,29.215,39.625,54.512,56.035,36.855,37.608,38.975,39.84,40.292,7.524422816581904,3.00510576221736,-4.519317054364544,-0.0036890362840491975,0.0036890362840491975,6.791178352385498,0.48839739658549136,5.492086432869541,59
train_negative_vs_difficult_negative,context_switches_per_s_mean_120s,engineered,14537.171668647556,14828.516045627272,7724.586885245902,11865.05,18107.15123933441,11737.448319312309,474.7368421052632,812.3516129032258,19552.95666666667,50460.60338983051,53022.613333333335,7382.174098360657,8118.7171857923495,17628.121474358974,23530.821233979135,29644.46,0.03841791372434232,0.0,-0.03841791372434232,0.019094050847004263,0.019094050847004263,5.173494294210902,0.4670867496882476,5.4861808005352515,60
train_negative_vs_difficult_negative,context_switches_per_s_mean_60s,engineered,14340.41895035132,14460.922633754224,7668.013333333333,11496.878571428571,18045.028152153052,11994.622465157208,442.27,799.8846153846154,19138.86,50097.73333333333,53151.53448275863,7263.589057471264,7900.151034482758,16791.558918406074,22350.159354838714,28388.366082949142,0.03841791372434232,0.0,-0.03841791372434232,0.007865028351022223,0.007865028351022223,5.1909673458267696,0.46566987587743836,5.473534904228461,61
train_negative_vs_difficult_negative,context_switches_per_s_mean_30s,engineered,14250.606054185528,14231.903530896165,7616.8875,11206.975000000002,18277.09848381961,12977.226584134563,388.5142857142857,817.8499999999991,18864.6328125,48468.894,54927.591874999984,7198.91625,7812.583333333334,16256.37222222222,21873.056500000002,24866.871587301546,0.040247338187406244,0.0,-0.040247338187406244,-0.0011799514431106684,0.0011799514431106684,5.205745985155459,0.4657280249852359,5.466907976428346,62
train_negative_vs_difficult_negative,network_latency_ms_min_60s,engineered,41.6720700647025,39.10434355179704,36.99,38.81,797.8645260261308,1.7319990424046865,23.327,30.325,40.778,55.154,56.68429999999999,37.353,37.9825,39.926,41.347,42.068,7.542717061212542,3.398978847556528,-4.143738213656014,-0.004551280304606125,0.004551280304606125,6.731985025090239,0.44951423653020445,5.4540655168348104,63
train_negative_vs_difficult_negative,network_latency_ms_min_30s,engineered,43.61239186299742,40.216613547021474,38.221,39.663,798.1515591136301,2.6651321987492946,23.831,31.466,42.942,56.141,58.18984999999997,37.741,38.5,41.319250000000004,43.2703,45.22,7.595770370641396,3.5156819839533187,-4.080088386688077,-0.0060168133758805465,0.0060168133758805465,4.889930461865974,0.40484286764269645,5.3007901428845505,64
train_negative_vs_difficult_negative,disk_latency_ms_max_120s,engineered,0.8986916334223914,0.019545878920495988,0.056,0.011,3.4577557774253407,0.05950974364521263,0.004,0.011,0.75,1.343,3.077,0.002,0.006,0.019,0.026,0.053,0.02927079140902272,0.0,-0.02927079140902272,-0.3595151990127062,0.3595151990127062,4.376269267030932,0.500998525540677,5.236782991584315,65
train_negative_vs_difficult_negative,context_switches_per_s_missing_pct_30s,engineered,19.404030415387375,0.0,0.0,0.0,27.48152175872669,0.0,0.0,0.0,46.666666666666664,62.5,68.75,0.0,0.0,0.0,0.0,0.0,0.0,0.0,0.0,-0.998541609851969,0.998541609851969,3.8051363651597865,0.35212762065054337,5.155805595662299,66
train_negative_vs_difficult_negative,context_switches_per_s_min_60s,engineered,9316.867619553082,7368.618453683443,4344.4,6486.4,12687.251142804571,5416.165048859394,5.0,35.0,12132.4,34647.9,38303.2,4517.2,4973.1,8372.1,11159.9,12946.9,0.03841791372434232,0.0,-0.03841791372434232,-0.19972790657961004,0.19972790657961004,4.465451896239647,0.4811784942898485,5.146358297109105,67
train_negative_vs_difficult_negative,context_switches_per_s_missing_pct_120s,engineered,19.48680357402871,0.0,0.0,0.0,26.988792283522958,0.0,0.0,0.0,50.0,60.65573770491803,65.0,0.0,0.0,0.0,0.0,0.0,0.0,0.0,0.0,-1.0211091186365076,1.0211091186365076,3.642181926883592,0.3603783249789617,5.023669370499062,68
train_negative_vs_difficult_negative,context_switches_per_s_max_60s,engineered,24764.96154169946,30531.071363967912,12878.3,20857.9,36518.30192869561,33962.73828965401,1599.9,3258.0,32655.7,70141.3,74824.4,11412.9,13656.3,33464.3,44712.1,104735.86999999708,0.03841791372434232,0.0,-0.03841791372434232,0.16351413562815953,0.16351413562815953,4.427488025236616,0.4191399385613764,5.010142099426152,69
train_negative_vs_difficult_negative,context_switches_per_s_min_30s,engineered,9914.901154831625,7962.452414296134,5106.0,6926.0,13342.861245394115,5628.89948944643,10.5,77.4,13023.2,36299.6,40088.6,4652.8,5150.9,9366.6,12566.4,14538.3,0.040247338187406244,0.0,-0.040247338187406244,-0.1906682515027996,0.1906682515027996,4.324681126277896,0.47082388217340365,4.986173259954099,70
train_negative_vs_difficult_negative,disk_latency_ms_std_120s,engineered,0.16754879791203764,0.0030162597303840487,0.0093989576039263,0.0017949534599808,0.8391927269107026,0.008046118762690613,0.0008114932552141,0.0019174701377917,0.1677880070223921,0.25270212648989876,0.4590612367926926,0.0005163977794943,0.0010693148944227,0.00294495988515075,0.0042985676237345,0.007034097233899,0.0823241008378764,0.0,-0.0823241008378764,-0.27725866191362314,0.27725866191362314,4.2025416831136075,0.5031228711328394,4.98292321616007,71
train_negative_vs_difficult_negative,context_switches_per_s_missing_pct_60s,engineered,19.434498862944924,0.0,0.0,0.0,27.127385017347393,0.0,0.0,0.0,50.0,61.29032258064516,66.66666666666666,0.0,0.0,0.0,0.0,0.0,0.0,0.0,0.0,-1.013165546635823,1.013165546635823,3.597856734507352,0.35505469979144566,4.96607698093462,72
train_negative_vs_difficult_negative,disk_latency_ms_std_60s,engineered,0.13966606077909582,0.002485806283736831,0.0063639610306789,0.0012998673672393,0.5499655408656915,0.008215439464332253,0.0003592106040535,0.0012517793603313,0.1550794870761249,0.24206161653077932,0.3555604136506984,0.0,0.0004775076741074,0.002711797587182,0.00443543349179092,0.005702686747921268,0.0823241008378764,0.0,-0.0823241008378764,-0.35271397955648087,0.35271397955648087,4.133699270691747,0.46606077382013844,4.9524740240683665,73
train_negative_vs_difficult_negative,disk_latency_ms_mean_60s,engineered,0.13088343077496897,0.0007926780016951693,0.0018695652173913,0.0004193548387096,0.3527211348574327,0.00239883537306144,7.142857142857143e-05,0.0004285714285714,0.255741935483871,0.3366666666666666,0.37891774193548383,0.0,0.0001333333333333,0.0008333333333333,0.0016,0.0023013043478260667,0.02927079140902272,0.0,-0.02927079140902272,-0.5215787605957917,0.5215787605957917,4.000373789514247,0.4303325511355056,4.952285101245543,74
train_negative_vs_difficult_negative,disk_latency_ms_mean_120s,engineered,0.14327842058842052,0.000786741129316972,0.0022131147540983,0.0004406779661016,0.6635640763789648,0.0017323188335553548,0.0002241379310344,0.0005090909090909,0.2604333333333333,0.3367131147540984,0.37174999999999986,8.333333333333333e-05,0.0002678571428571,0.0008196721311475,0.0015,0.0019502459016393294,0.02927079140902272,0.0,-0.02927079140902272,-0.30368277322015513,0.30368277322015513,4.114098045142823,0.4678974863555852,4.885678304718563,75
train_negative_vs_difficult_negative,disk_latency_ms_mean_30s,engineered,0.12814537322115296,0.0007955016753648953,0.0015333333333333,0.0003333333333333,0.33796149042243545,0.0033259793491937167,0.0,0.0001875,0.24812499999999998,0.3373333333333334,0.3868666666666666,0.0,0.0,0.000875,0.0017333333333333,0.0024375,0.02927079140902272,0.0,-0.02927079140902272,-0.5328748978923397,0.5328748978923397,3.8886603043345085,0.4080634902990624,4.82959869252591,76
train_negative_vs_difficult_negative,context_switches_per_s_max_120s,engineered,29435.928022913195,39291.99353756382,15715.2,25036.6,46473.75113177408,42063.46719689752,2344.7,4066.5,39838.6,72918.4,84577.5,12635.5,15545.5,39837.5,69144.7,167091.1,0.03841791372434232,0.0,-0.03841791372434232,0.22236660295853775,0.22236660295853775,4.180856087216893,0.4155408505495809,4.818763540725011,77
train_negative_vs_difficult_negative,disk_latency_ms_max_60s,engineered,0.6319536471104931,0.011926768781911016,0.029,0.006,2.3337667391776944,0.04297000405635911,0.001,0.005,0.667,1.0,1.851,0.0,0.002,0.013,0.021,0.027,0.02927079140902272,0.0,-0.02927079140902272,-0.3756595771723417,0.3756595771723417,3.675052061080451,0.46247199767281394,4.513183635925606,78
train_negative_vs_difficult_negative,disk_write_mb_s_min_120s,engineered,0.1322582000512389,0.10756256746900074,0.0164,0.0758,0.4041766952403327,0.17387165890191655,0.0123,0.0164,0.1249,0.2294,0.5007,0.0369,0.0512,0.1188,0.1807,0.2396,0.02927079140902272,0.0,-0.02927079140902272,-0.07937678770753452,0.07937678770753452,3.5783153262980516,0.5416585146014933,4.199350628607079,79
train_negative_vs_difficult_negative,disk_write_mb_s_min_30s,engineered,0.27008160707096585,0.3058359008023341,0.0225,0.1211,0.9421212026772627,0.9146432705374716,0.0123,0.0164,0.1675,0.4178,1.1360000000000001,0.0573,0.0799,0.1743,0.3234,0.7186999999999963,0.02927079140902272,0.0,-0.02927079140902272,0.038508254225735145,0.038508254225735145,3.440249301058737,0.5486253155479898,4.027382870832462,80
train_negative_vs_difficult_negative,net_recv_mb_s_min_60s,engineered,0.045195192694799255,0.00022927789934354487,0.0001,0.0002,0.12966767459079342,0.000669953541761026,0.0,0.0,0.0004,0.1986,0.2928,0.0001,0.0001,0.0002,0.0003,0.0004,0.02927079140902272,0.0,-0.02927079140902272,-0.4904118006853195,0.4904118006853195,3.1555368499152596,0.37772408649018807,4.023672737090767,81
train_negative_vs_difficult_negative,disk_latency_ms_max_30s,engineered,0.45788542619770894,0.007146024799416485,0.015,0.002,1.6684154062859073,0.03094690057132804,0.0,0.002,0.556,1.0,1.115,0.0,0.0,0.008,0.016,0.021,0.02927079140902272,0.0,-0.02927079140902272,-0.38199847796557057,0.38199847796557057,3.165900686323316,0.4167305951417348,3.9646297594306215,82
train_negative_vs_difficult_negative,context_switches_per_s_std_120s,engineered,4835.967156034747,7699.315588557233,2314.0097541135938,3794.903158004419,8747.83679692384,11928.948935632507,556.3392993941097,971.2341990541615,6000.773981371599,10306.311200481041,11997.462684316592,1945.9352822790424,2259.365982820872,6624.825012017747,13544.761300967804,40161.354548010815,0.091471223153196,0.0,-0.091471223153196,0.27374188477211836,0.27374188477211836,3.254556799823465,0.38812449905207547,3.916423183647659,83
train_negative_vs_difficult_negative,disk_write_mb_s_min_60s,engineered,0.19056142810086743,0.18788439095550694,0.0164,0.101,0.6276434176915926,0.5174429068181658,0.0123,0.0164,0.1413,0.3039,0.8179,0.045,0.0655,0.1395,0.2335,0.3769,0.02927079140902272,0.0,-0.02927079140902272,-0.0046541917108586075,0.0046541917108586075,3.04787773030867,0.55427885650211,3.6068107785216386,84
train_negative_vs_difficult_negative,context_switches_per_s,raw,17286.647172892426,13870.563034281548,10181.7,10466.4,19671.7309209561,15900.608085607919,298.4,3042.0,22403.5,47721.5,59984.25,5828.06,7772.549999999999,15150.05,21575.480000000003,28113.48,19.338845999048697,0.0,-19.338845999048697,-0.1909938084808423,0.1909938084808423,3.074668189073402,0.2887338087872471,3.5543958063414913,85
train_negative_vs_difficult_negative,context_switches_per_s_std_60s,engineered,4214.328583293688,6471.128158840865,2049.987058289065,3086.4842694960403,7985.676473813028,11213.339773097572,455.6630294799327,901.4851659076638,5235.469303357993,10044.866084390975,11371.319716084507,1745.0518043877005,2119.654637275008,5832.586442383281,10277.550788175746,19984.034440653995,0.091471223153196,0.0,-0.091471223153196,0.23184188719994556,0.23184188719994556,2.93818900802036,0.3786044891024343,3.54863538432274,86
train_negative_vs_difficult_negative,net_recv_mb_s_min_120s,engineered,0.03405071368444169,0.00017579868708971557,0.0001,0.0002,0.09698800083758852,0.00010041858860144434,0.0,0.0,0.0003,0.1503,0.2442,0.0001,0.0001,0.0002,0.0003,0.0003,0.02927079140902272,0.0,-0.02927079140902272,-0.4939408805432976,0.4939408805432976,2.6180383169785904,0.3509546932577089,3.462933890779597,87
train_negative_vs_difficult_negative,disk_latency_ms_std_30s,engineered,0.1222694029984446,0.002006776875671312,0.0042426406871192,0.0007745966692414,0.4694513854414601,0.008356194989927204,0.0,0.0005163977794943,0.1433591643390785,0.2296883473822786,0.3163147016074917,0.0,0.0,0.0021342317247536,0.004529560404167658,0.0059385744641847,0.0823241008378764,0.0,-0.0823241008378764,-0.362231543532366,0.362231543532366,2.6754865834181594,0.4218660714949872,3.459584198445513,88
train_negative_vs_difficult_negative,disk_latency_ms_min_60s,engineered,0.013705248325586502,2.9175784099197666e-07,0.0,0.0,0.02868802583215838,1.707967427860911e-05,0.0,0.0,0.027,0.057,0.065,0.0,0.0,0.0,0.0,0.0,0.02927079140902272,0.0,-0.02927079140902272,-0.675603547218081,0.675603547218081,2.383646873347506,0.25559052812648686,3.314840948692074,89
train_negative_vs_difficult_negative,net_recv_mb_s_min_30s,engineered,0.05974873549756616,0.0007172137126185268,0.0001,0.0002,0.17418402483989948,0.006893954003800965,0.0,0.0,0.0007,0.241,0.3544,0.0001,0.0002,0.0003,0.0004,0.0007,0.02927079140902272,0.0,-0.02927079140902272,-0.47890654070926914,0.47890654070926914,2.423327691865568,0.3789344602790941,3.281168692853931,90
train_negative_vs_difficult_negative,disk_latency_ms,raw,0.1261538264465835,0.000787600291757841,0.0,0.0,0.5499094512996592,0.008622169513733085,0.0,0.0,0.167,0.353,0.5,0.0,0.0,0.0,0.001,0.003,0.02927079140902272,0.0,-0.02927079140902272,-0.3223673059739207,0.3223673059739207,2.574451728266554,0.3486945817403938,3.2455136159808684,91
train_negative_vs_difficult_negative,disk_latency_ms_min_120s,engineered,0.010536965194158768,0.0,0.0,0.0,0.02539038085268894,0.0,0.0,0.0,0.0,0.048,0.056,0.0,0.0,0.0,0.0,0.0,0.02927079140902272,0.0,-0.02927079140902272,-0.5868962411508866,0.5868962411508866,2.386821865616236,0.21917432199978037,3.192892428766903,92
train_negative_vs_difficult_negative,disk_latency_ms_min_30s,engineered,0.018237107931047103,3.0634573304157547e-06,0.0,0.0,0.055165445402091624,5.526769535099821e-05,0.0,0.0,0.039,0.066,0.077,0.0,0.0,0.0,0.0,0.0,0.02927079140902272,0.0,-0.02927079140902272,-0.46744515271183307,0.46744515271183307,2.3709407776003406,0.2868828459539582,3.125268776266132,93
train_negative_vs_difficult_negative,disk_read_mb_s_mean_30s,engineered,1.664957652452749,2.3760805304732955,0.3612443750000005,0.580253333333333,5.68144220363828,5.681600454452927,0.0087124999999995,0.06617958333333318,1.1831166666666662,3.40979,5.902534285714285,0.1171773333333331,0.1955262499999998,1.9828229166666667,5.492014666666668,9.738537361111108,0.02927079140902272,0.0,-0.02927079140902272,0.1251641658574992,0.1251641658574992,2.4705590629802945,0.26371399466730133,2.859437223505095,94
train_negative_vs_difficult_negative,disk_read_mb_s_mean_120s,engineered,1.7413516204304964,2.372918999876405,0.6168839344262305,1.221867213114754,3.9170963041923765,3.1845820619340897,0.0237967213114754,0.12335726092896176,1.6120316120218583,3.727300595238095,7.766064775296776,0.21067313142539568,0.3618122950819671,2.9000996564482033,5.591869209039556,10.956095555555553,0.02927079140902272,0.0,-0.02927079140902272,0.1769255731022246,0.1769255731022246,2.4297537727370515,0.25088321135868386,2.85756255719796,95
train_negative_vs_difficult_negative,disk_read_mb_s_mean_60s,engineered,1.6992172189265546,2.397276888801169,0.466195,0.8383566666666676,4.749454573799748,4.385161348314935,0.015925,0.08698548387096772,1.487131896551724,3.3553535483870967,6.2353824933687,0.1579996559139785,0.2609378754171301,2.4487243103448266,5.464724887556222,9.422401999999975,0.02927079140902272,0.0,-0.02927079140902272,0.15271692221824779,0.15271692221824779,2.439222351321637,0.24850754406726802,2.840446817607153,96
train_negative_vs_difficult_negative,net_sent_mb_s_min_120s,engineered,0.0024488782344544886,0.00013209336250911746,0.0001,0.0001,0.028932206410471485,9.903197958461963e-05,0.0,0.0,0.0002,0.0045,0.0072,0.0001,0.0001,0.0002,0.0002,0.0003,0.02927079140902272,0.0,-0.02927079140902272,-0.11324436674476206,0.11324436674476206,2.4165113753497893,0.31001042636789117,2.8397661684624427,97
train_negative_vs_difficult_negative,context_switches_per_s_std_30s,engineered,3616.443171301432,5446.085533042888,1844.880726884152,2705.549723038544,7015.629658087449,9872.670915259325,334.6626358576529,793.402670114265,4394.699564811452,9304.004316357594,11119.447459040619,1590.5742240806624,1922.9066142399938,4933.800844178279,9013.525779684654,13287.116677850272,0.17013647506494456,0.0,-0.17013647506494456,0.21364015725307828,0.21364015725307828,2.255011909877383,0.3641994405359343,2.8328515076663954,98
train_negative_vs_difficult_negative,network_latency_ms_mean_120s,engineered,88.41432220478539,60.29097327944078,60.76948979591837,58.110033333333334,1014.9900418968992,13.464473657220001,40.77838367346939,48.510124999999995,82.62656666666666,113.11547247223854,153.1935875598085,51.1717,54.67173076923076,63.29869047619048,71.4653140853302,76.86973817330211,7.524422816581904,3.00510576221736,-4.519317054364544,-0.039181588764235706,0.039181588764235706,2.5043274348236633,0.2806761276896327,2.824185151277532,99
train_negative_vs_difficult_negative,network_latency_ms_mean_60s,engineered,86.60429069548734,60.14603652441163,59.540615384615386,57.376274926686214,1008.0142128193669,14.733076342992883,40.23438109010011,47.695373188405796,81.2698,116.40366946236566,157.39149666666665,50.18362799999999,53.032799193548385,63.589830141129035,72.27262,80.42958103448274,7.542717061212542,3.398978847556528,-4.143738213656014,-0.03711616896509203,0.03711616896509203,2.1578123244005734,0.23491898380460152,2.4298474771702665,100
train_negative_vs_difficult_negative,net_sent_mb_s_min_60s,engineered,0.003733005160487502,0.00016821298322392417,0.0001,0.0001,0.040029167221138064,0.0002253109931420405,0.0,0.0,0.0003,0.0058,0.0097,0.0001,0.0001,0.0002,0.0002,0.0003,0.02927079140902272,0.0,-0.02927079140902272,-0.12594060620564376,0.12594060620564376,1.8828223801106967,0.29435874420475927,2.3031217305210996,101
train_negative_vs_difficult_negative,network_latency_ms_mean_30s,engineered,84.9718046852796,60.076473760420654,58.354466666666674,56.21620238095238,997.2155094597865,16.805716874609608,39.77503214285714,46.889469951923076,79.31045,118.30049999999999,168.1758092948717,48.7724625,52.081417410714295,62.558175,74.67793125,86.15323333333333,7.595770370641396,3.5156819839533187,-4.080088386688077,-0.035300610271381795,0.035300610271381795,1.937850004720081,0.2070918063032544,2.180242421294717,102
train_negative_vs_difficult_negative,net_sent_mb_s_min_30s,engineered,0.004926170259488342,0.00025200583515681986,0.0001,0.0002,0.04898148857253941,0.000585797514262535,0.0,0.0,0.0005,0.0077,0.0123,0.0001,0.0001,0.0002,0.0003,0.0005,0.02927079140902272,0.0,-0.02927079140902272,-0.13494473580652724,0.13494473580652724,1.5402611045569388,0.27443790259289197,1.949643742956358,103
train_negative_vs_difficult_negative,disk_read_mb_s_std_120s,engineered,4.069536297993983,5.764385154078304,1.3095960151033352,2.1980729381665083,8.385718162126047,7.356360159905942,0.054252440317226716,0.2835629333292794,4.502084691626336,9.527701039671722,16.753854948392785,0.3583821586398453,0.8714236088113929,9.236761586145729,13.843151854537108,23.011482085370158,0.0823241008378764,0.0,-0.0823241008378764,0.2148683362095566,0.2148683362095566,1.380942539481727,0.18542084460655112,1.7812317202978347,104
train_negative_vs_difficult_negative,disk_write_mb_s,raw,1.4493068495406798,2.0781751714077314,0.256,0.3217,5.1372252879327815,6.9674032071206,0.0205,0.0532,1.188375,3.21295,6.135725,0.1229,0.1884,0.7258,4.88206,12.195829999999974,0.02927079140902272,0.0,-0.02927079140902272,0.10273775419624935,0.10273775419624935,1.350117076141017,0.2835890806026818,1.736443910939948,105
train_negative_vs_difficult_negative,disk_latency_ms_diff,engineered,-0.0006131973561345363,1.312910284463837e-06,0.0,0.0,0.5793769347923207,0.010159560033748587,-0.1239999999999999,0.0,0.0,0.11999999999999994,0.253,-0.001,0.0,0.0,0.001,0.003,0.0823241008378764,0.0,-0.0823241008378764,0.0014997407056081844,0.0014997407056081844,1.5534246499292585,0.1681332964262362,1.723057687061103,106
train_negative_vs_difficult_negative,net_recv_mb_s_max_120s,engineered,0.567175445595286,1.5150210795040115,0.1486,0.1133,0.9330207118285873,18.192712275905226,0.006,0.0298,0.5767,1.8145,2.6503,0.0152,0.0442,0.1198,0.2832,0.3787,0.02927079140902272,0.0,-0.02927079140902272,0.07358423365612933,0.07358423365612933,1.303032497262456,0.3402877823827992,1.7169045133013847,107
train_negative_vs_difficult_negative,disk_write_mb_s_mean_30s,engineered,1.492335847573962,2.106136679564438,0.57157,0.5929200000000001,3.2279064934113433,4.17982414480277,0.0931412499999997,0.3383203125,1.3263,3.1284718750000002,6.030882692307693,0.21258752380952248,0.28537187499999905,1.6576526190476186,5.288635000000005,11.33735875,0.02927079140902272,0.0,-0.02927079140902272,0.1643674426840225,0.1643674426840225,1.4125140871149566,0.13607617791568904,1.712957707714668,108
train_negative_vs_difficult_negative,process_count_std_120s,engineered,3.2667579211105875,2.123639468081456,2.099973096410372,1.7740245546701068,3.334473592071166,1.5413191840341722,0.8425443472287356,1.295169057688898,4.706719146943743,6.339959143214093,7.193904935254868,1.1765932057311406,1.4285230016072257,2.2527608278617426,3.1858619475653964,4.056702102838008,0.05305330942885369,0.0,-0.05305330942885369,-0.4400781255978926,0.4400781255978926,0.9901469907470247,0.26945586105271124,1.6996809773976285,109
train_negative_vs_difficult_negative,net_recv_mb_s,raw,0.15158089155656407,0.010731320204230487,0.0015,0.0008,0.39907726080684064,0.05823900533884915,0.0,0.0002,0.0548,0.437,0.87435,0.0002,0.0003,0.0036,0.010160000000000037,0.0412,0.02927079140902272,0.0,-0.02927079140902272,-0.49389833674207567,0.49389833674207567,0.9483208934186708,0.21059836011548683,1.6528175902762332,110
train_negative_vs_difficult_negative,disk_read_mb_s_max_30s,engineered,8.64542656736083,11.605603967906635,1.6528,2.4626,24.15403421199023,23.250216336565213,0.0522,0.2908,5.8905,20.5439,44.3952,0.2852,0.6538,8.4398,38.7031,78.2596,0.02927079140902272,0.0,-0.02927079140902272,0.12486810665167632,0.12486810665167632,1.3356229363648264,0.17965063538857742,1.6401416784050802,111
train_negative_vs_difficult_negative,disk_write_mb_s_mean_60s,engineered,1.5395223521034225,2.0972898989104007,0.6275762096774193,0.7050413793103448,3.0509353569538957,3.7098082366622176,0.11232252688172034,0.3930643548387097,1.4178274193548386,3.340288636363636,6.1793675,0.24056722580645157,0.3323284946236559,1.791120606060606,5.948870666666667,10.448417352614014,0.02927079140902272,0.0,-0.02927079140902272,0.1642238103401456,0.1642238103401456,1.338394450170711,0.1134038344484878,1.6160220949593445,112
train_negative_vs_difficult_negative,disk_read_mb_s_std_60s,engineered,3.218414103049032,4.564210523435177,0.6984198358628181,1.303535545476142,8.117171338033746,7.771721642546068,0.033974526656577,0.1375351135610697,2.5956334875516074,8.211608807613379,14.195306335204371,0.14561579203901287,0.3620528925192614,3.964024901059871,16.676661562529226,19.60910210256471,0.0823241008378764,0.0,-0.0823241008378764,0.16936088098151764,0.16936088098151764,1.2730497112000427,0.1623544617917327,1.6047650539732932,113
train_negative_vs_difficult_negative,disk_read_mb_s_max_60s,engineered,14.079164696409618,19.60684691466083,3.0722,6.4594,33.24203103269929,29.772540505964283,0.1311,0.6221,13.1019,42.6548,62.4518,0.67186,1.7205,20.3063,70.4221,93.0175,0.02927079140902272,0.0,-0.02927079140902272,0.1751760793470492,0.1751760793470492,1.2394609681637823,0.16442155788574925,1.5790586053965807,114
train_negative_vs_difficult_negative,disk_latency_ms_change_120s,engineered,-0.04690920739860348,-8.63603209336252e-05,0.0,0.0,1.7951248000845308,0.014502381372173457,-0.119,-0.001,0.0,0.1179999999999999,0.25,-0.001,0.0,0.0,0.001,0.003,1.489151512934031,0.0,-1.489151512934031,0.03688620678698934,0.03688620678698934,1.355210357665713,0.16730860381129542,1.5594051682639978,115
train_negative_vs_difficult_negative,disk_latency_ms_change_60s,engineered,-0.016416666666666666,-0.00012166301969365426,0.0,0.0,1.0543648095820026,0.014544993398084856,-0.113,0.0,0.0,0.1119999999999999,0.25,-0.001,0.0,0.0,0.001,0.003,0.7939702169697413,0.0,-0.7939702169697413,0.021854316961459563,0.021854316961459563,1.3294897591767882,0.16583846726093202,1.51718254339918,116
train_negative_vs_difficult_negative,net_recv_mb_s_mean_120s,engineered,0.15467831987898323,0.08819945743001847,0.0065409836065573,0.0044311475409836,0.3287656638675223,1.1796568101760092,0.0009333333333333,0.0024786885245901,0.14431959016393442,0.5169153825136612,0.8472357240437158,0.0018841639344262002,0.00323865819209035,0.006691762711864399,0.026587593495934897,0.0737046428571425,0.02927079140902272,0.0,-0.02927079140902272,-0.07677144311216093,0.07677144311216093,1.1228586255637512,0.3008279855385366,1.5004580542144486,117
train_negative_vs_difficult_negative,disk_latency_ms_change_30s,engineered,-0.0047912334202887905,-0.00012180889861415035,0.0,0.0,0.7560100187983246,0.014548347145445064,-0.1129999999999999,0.0,0.0,0.114,0.247,-0.001,0.0,0.0,0.001,0.003,0.4171087775785738,0.0,-0.4171087775785738,0.0087331397210241,0.0087331397210241,1.3226329598699311,0.16696188696798264,1.4983279865589378,118
train_negative_vs_difficult_negative,process_count_std_60s,engineered,2.60067708456585,1.7510958191365023,1.7450390512320186,1.489701924096846,2.543570322722909,1.21973714771735,0.509901951359279,1.0099222841105409,3.3221899122124694,6.048513546653709,6.92838946605707,0.9247553264469138,1.1788019179740599,1.9650867588190595,2.6426974472249998,3.3382419919103605,0.05305330942885369,0.0,-0.05305330942885369,-0.4259232658691106,0.4259232658691106,0.8241175991038948,0.2215475605853916,1.471588425558397,119
train_negative_vs_difficult_negative,net_recv_mb_s_std_120s,engineered,0.1203609072759466,0.33375577429085346,0.0229093504087874,0.0148918067105312,0.22723814889943095,4.244387849974147,0.0014270784945512001,0.0052241603970172,0.1316998161530475,0.36981254022858207,0.5587927405762353,0.00279502067533082,0.00793605626437535,0.0183534805068918,0.05284186719138285,0.10721573652589181,0.0823241008378764,0.0,-0.0823241008378764,0.0710006573773555,0.0710006573773555,1.0833694281610355,0.31250965362443633,1.4668797391628274,120
train_negative_vs_difficult_negative,net_recv_mb_s_max_60s,engineered,0.44227633861581817,0.6997016630196934,0.0645,0.0423,0.8054285687644404,12.1901676291234,0.0034,0.0086,0.4727,1.457,2.1356,0.0056,0.0119,0.1145,0.1554,0.3017,0.02927079140902272,0.0,-0.02927079140902272,0.0297996178099779,0.0297996178099779,1.097440203344806,0.32847195020864084,1.455711771363425,121
train_negative_vs_difficult_negative,net_recv_mb_s_mean_60s,engineered,0.1529299187719226,0.062337020703756366,0.0057967741935483,0.004258064516129,0.3369417395348983,1.0991917453370805,0.00056,0.0018172413793103,0.13482697916666667,0.46819193548387084,0.8441767741935483,0.0012686451612902402,0.0019896428571428,0.00703771551724135,0.014027571428571391,0.05654130434782589,0.02927079140902272,0.0,-0.02927079140902272,-0.11143820937459163,0.11143820937459163,1.0450666208761152,0.2939499303160268,1.4504547605667337,122
train_negative_vs_difficult_negative,net_recv_mb_s_mean_30s,engineered,0.15204311031058826,0.041852334667237256,0.0045307692307692,0.0028714285714285,0.3469719327999596,0.9686291518902242,0.000375,0.0012875,0.12389968749999997,0.462485625,0.8237918750000001,0.0008933333333333,0.00144375,0.008309583333333249,0.014396923076923083,0.04265226190476127,0.02927079140902272,0.0,-0.02927079140902272,-0.15145643780583265,0.15145643780583265,0.9922624307889871,0.2879701065405177,1.4316889751353377,123
train_negative_vs_difficult_negative,swap_pct_std_30s,engineered,0.0174994204496605,0.019978183130381195,0.0,1.454597556993308e-07,0.09860192189624387,0.08034211331870683,0.0,0.0,9.807810292667149e-08,0.0389249472080832,0.0828078671210823,0.0,4.0571731618048315e-08,3.912462364158586e-07,0.0506369683542029,0.10000000000028593,0.05305330942885369,0.0,-0.05305330942885369,0.027561214280358376,0.027561214280358376,0.8276102581799125,0.41618068062757824,1.271352153087849,124
train_negative_vs_difficult_negative,net_recv_mb_s_std_60s,engineered,0.1033080342212652,0.19362664597380105,0.013033396725295,0.0090446249990312,0.2070540199118626,3.5161227315444505,0.0008854207409496,0.0021774756024942,0.0982526010302227,0.33675029374700877,0.5092532855940544,0.00149785382198874,0.00263409695728715,0.020845849356356402,0.03542505525272226,0.071589808817027,0.0823241008378764,0.0,-0.0823241008378764,0.03626406884546062,0.03626406884546062,0.8662875605616993,0.3041383398085684,1.2066899692157285,125
train_negative_vs_difficult_negative,net_recv_mb_s_max_30s,engineered,0.3519114793397504,0.3079212691466083,0.03075,0.0145,0.6985183381635934,7.8295516596718695,0.0016,0.0054,0.3974,1.1822,1.8231,0.0033,0.0054,0.0579,0.116,0.1826,0.02927079140902272,0.0,-0.02927079140902272,-0.007914301945348071,0.007914301945348071,0.8704561348035641,0.3053132938419667,1.1836837305908787,126
train_negative_vs_difficult_negative,disk_read_mb_s_max_120s,engineered,22.916213223291734,32.276980145878916,8.1333,13.2968,44.58824400919858,35.9669495341866,0.2852,1.6353,25.8921,55.8703,94.8203,1.9509,5.356949999999999,51.6406,93.0175,100.8565,0.02927079140902272,0.0,-0.02927079140902272,0.23108662506559297,0.23108662506559297,0.6879379517667226,0.20559617016979229,1.124620747002108,127
train_negative_vs_difficult_negative,disk_read_mb_s_std_30s,engineered,2.494313233499166,3.4125675441688132,0.4699192008581014,0.5787453636596014,7.4305150257142785,7.472003724120737,0.0170913765284641,0.0795829941290565,1.5625569108713464,5.854798068199378,11.83694902230046,0.07653584313194056,0.16462430705059466,2.352730107888706,10.427510662192383,22.6658331991893,0.0823241008378764,0.0,-0.0823241008378764,0.12323430254353072,0.12323430254353072,0.8248752224582725,0.17031420191267066,1.118423726914474,128
train_negative_vs_difficult_negative,net_sent_mb_s,raw,0.011886493064451198,0.0027263894967177243,0.0015,0.0005,0.08510605441956506,0.005580688545560564,0.0,0.0002,0.0082,0.0194,0.0277,0.0002,0.0003,0.0029,0.0074,0.0116,0.02927079140902272,0.0,-0.02927079140902272,-0.15188791596914053,0.15188791596914053,0.7380304928496328,0.18028401514763825,1.0702024239664116,129
train_negative_vs_difficult_negative,swap_pct_std_60s,engineered,0.031067558218651682,0.03423033644877588,2.0267865658238356e-08,1.6997853986558737e-07,0.13344452355469807,0.10010551306940599,0.0,0.0,3.154511558336451e-07,0.06752140242109549,0.1287591941498265,0.0,4.7919977481926196e-08,0.0374400031658233,0.08995528902191,0.16692560565735265,0.05305330942885369,0.0,-0.05305330942885369,0.02681256816313369,0.02681256816313369,0.681215953822352,0.33589273097058514,1.0439212529560709,130
train_negative_vs_difficult_negative,net_sent_mb_s_mean_60s,engineered,0.011685510228675455,0.006936991087413467,0.00269016129032255,0.0018633333333333,0.07575994394346428,0.08863693533675664,0.000288967611336,0.00119,0.0095193548387096,0.018883602150537603,0.024405672043010723,0.0009588761174967401,0.0013064516129032,0.0029610023041474,0.006457222222222181,0.009729299999999967,0.02927079140902272,0.0,-0.02927079140902272,-0.05759256331451173,0.05759256331451173,0.7477324102373375,0.23761683347600604,1.042941807027855,131
train_negative_vs_difficult_negative,disk_read_mb_s_min_120s,engineered,0.05112405665556491,0.10024907366885485,0.002,0.0184,0.18973730497305363,0.2261850553881667,0.0,0.0,0.021,0.1008,0.2775,0.0,0.0,0.1,0.2481,0.4947,0.02927079140902272,0.0,-0.02927079140902272,0.23532024383950848,0.23532024383950848,0.5283380495885602,0.2622198956412859,1.0258781890693545,132
train_negative_vs_difficult_negative,disk_write_mb_s_std_30s,engineered,1.7958463843458639,2.513245311752311,0.7013457144894369,0.487268540211419,4.566674910123491,5.370732370941222,0.07307620174837444,0.2552734177496465,1.7734209817146105,3.942123179305743,6.136977562833477,0.08794002308861266,0.16526191836309656,2.694844202602047,6.129519348292693,8.864596680326667,0.0823241008378764,0.0,-0.0823241008378764,0.14391320539136962,0.14391320539136962,0.6878760091569932,0.1914088167871255,1.0231980313354883,133
train_negative_vs_difficult_negative,net_sent_mb_s_mean_120s,engineered,0.011543280667582994,0.009012766353439722,0.00295,0.0019084745762711,0.07263044301028107,0.0951887418700563,0.00034592379264505,0.001358064516129,0.009502499999999975,0.01915163934426225,0.023791083502366424,0.00109,0.00141512711864405,0.0031033898305084,0.006974285714285681,0.009440879629629537,0.02927079140902272,0.0,-0.02927079140902272,-0.029888809778491957,0.029888809778491957,0.7319703726221052,0.24728678849155572,1.0091459708921529,134
train_negative_vs_difficult_negative,disk_read_mb_s,raw,1.5923833857921896,2.2651523413566736,0.1234,0.2233,8.932043881785384,9.333335901954518,0.0,0.0092,0.5839749999999999,2.05365,4.586875,0.0655,0.1065,1.0723,3.5985600000000018,6.693379999999975,0.02927079140902272,0.0,-0.02927079140902272,0.07364825200518264,0.07364825200518264,0.6326522290457836,0.2846364638091152,0.9909369448600814,135
train_negative_vs_difficult_negative,disk_write_mb_s_max_30s,engineered,6.328303850236065,8.953522946754193,2.0969,1.8368,15.799466399473902,18.647878302995245,0.2744,1.0608,6.0698,14.8626,22.023875,0.4051,0.6956,9.4892,22.2297,31.5403,0.02927079140902272,0.0,-0.02927079140902272,0.15190082034047833,0.15190082034047833,0.6727509516576592,0.1605894345551407,0.9852412065532783,136
train_negative_vs_difficult_negative,net_recv_mb_s_std_30s,engineered,0.08879801896863178,0.10373783344010351,0.0087324681495447,0.0038168174226829,0.18757477572290485,2.724159136748164,0.0005153881775499,0.0015949267095359,0.076143080228389,0.29943453269590997,0.47890783691645983,0.00097446444321558,0.0016204851713018,0.0158355541707978,0.030732834046999568,0.05490538945192145,0.0823241008378764,0.0,-0.0823241008378764,0.007737499477857137,0.007737499477857137,0.6963753841478607,0.2735578477681603,0.9776707313938782,137
train_negative_vs_difficult_negative,process_count_std_30s,engineered,1.7764266694298185,1.454047112467456,1.1952286093423643,1.2798809468452228,1.931244941116483,1.0585021930122545,2.0650656508832012e-05,0.5163977795112941,2.1592822881772165,4.456736474178289,6.134261705101124,0.5936168397462056,0.8997354108438657,1.7511900715414495,2.3729280368435712,2.9286384339688047,0.05305330942885369,0.0,-0.05305330942885369,-0.20701681710147837,0.20701681710147837,0.5574803503070921,0.18966109285188087,0.9541582602604513,138
train_negative_vs_difficult_negative,net_sent_mb_s_mean_30s,engineered,0.01180426707451959,0.005258761358505312,0.0024866666666666,0.00181875,0.07840152063628424,0.07798485487254132,0.00018,0.0010357142857142,0.009335119047618976,0.01903452380952375,0.024619999999999975,0.0007066666666666,0.00115,0.0028730303030302497,0.0061509999999999464,0.009434242424242388,0.02927079140902272,0.0,-0.02927079140902272,-0.0837091142064645,0.0837091142064645,0.6102003617511322,0.2215917353395569,0.9155012112971537,139
train_negative_vs_difficult_negative,context_switches_per_s_missing,engineered,0.19338845999048698,0.0,0.0,0.0,0.3949585007222638,0.0,0.0,0.0,0.0,1.0,1.0,0.0,0.0,0.0,0.0,0.0,0.0,0.0,0.0,-0.6924590366452558,0.6924590366452558,0.0,0.19338845999048704,0.8858474966357428,140
train_negative_vs_difficult_negative,disk_write_mb_s_max_60s,engineered,9.598757147824179,13.63101415025529,3.7131,7.2,23.71779823701222,24.29461943190967,0.5174,1.5981,9.4565,20.2343,30.81345,0.694,1.372,15.3411,30.9373,47.24503999999947,0.02927079140902272,0.0,-0.02927079140902272,0.16795513449892277,0.16795513449892277,0.5108356704630231,0.1968533842636191,0.875644189225565,141
train_negative_vs_difficult_negative,disk_write_mb_s_std_60s,engineered,2.2052661334842827,3.0560618546798453,0.8665808733052461,1.389422303441828,5.405994713059115,5.294851744746097,0.10841093224227533,0.5408218985265051,2.121462382743555,4.470109327829219,7.094911720343636,0.1291856898662076,0.2634405498792136,3.4641864899631636,7.4569521645466645,9.659400356888211,0.0823241008378764,0.0,-0.0823241008378764,0.15900608194659893,0.15900608194659893,0.5253231027995202,0.1203114608569158,0.8046406456030349,142
train_negative_vs_difficult_negative,network_latency_ms,raw,75.10115424701421,59.63528680164409,51.573,51.896,811.4478785459702,43.0950095078323,36.2976,41.202,68.423,101.16400000000002,176.0095999999995,40.955600000000004,44.596,61.78,76.0074,87.00099999999959,9.778273755076652,4.172137126185267,-5.606136628891386,-0.02691640419303618,0.02691640419303618,0.6292190271491293,0.14806367632182915,0.8041991076639946,143
train_negative_vs_difficult_negative,disk_read_mb_s_min_60s,engineered,0.08429932657468067,0.16738978847556527,0.0082,0.0348,0.3714609562104065,0.3717264370845896,0.0,0.0,0.0351,0.1603,0.4258,0.0,0.002,0.1372,0.4947,0.8974,0.02927079140902272,0.0,-0.02927079140902272,0.22360566755873013,0.22360566755873013,0.32770446328270086,0.2514093295610794,0.8027194604025104,144
train_negative_vs_difficult_negative,cpu_pct_std_30s,engineered,5.331918016512627,5.62662841776305,4.20856270001983,4.7770084282757415,4.428960366608707,3.1339782749259086,1.365633029561484,2.320160092998494,7.13204038126559,10.283245735506473,12.99296606612634,2.4791578128268066,3.262164504457745,7.269981579059574,9.937689246346954,11.87846944075522,0.05305330942885369,0.0,-0.05305330942885369,0.07681745724204349,0.07681745724204349,0.5371565288657899,0.17773448378299583,0.7917084698908292,145
train_negative_vs_difficult_negative,net_sent_mb_s_max_120s,engineered,0.049768555795483664,0.1312018818380744,0.0191,0.0152,0.18312687004760547,1.4583020599890577,0.004,0.0098,0.044,0.0846,0.1303,0.0081,0.0109,0.0219,0.0473,0.072,0.02927079140902272,0.0,-0.02927079140902272,0.07835598343039092,0.07835598343039092,0.4707565757996256,0.23351202339850252,0.7826245826285191,146
train_negative_vs_difficult_negative,battery_pct,raw,48.87018404010099,55.89015317286652,44.0,57.0,23.217578289721576,24.840207991908823,21.0,31.0,65.0,86.0,95.0,20.0,36.0,77.0,87.0,92.0,0.0,0.0,0.0,0.29198061965179384,0.29198061965179384,0.2625474128864614,0.20851982320847628,0.7630478557467315,147
train_negative_vs_difficult_negative,disk_write_mb_s_mean_120s,engineered,1.5915243486420596,2.091544937303386,0.6686141666666667,0.822553571428572,2.7996862881809914,3.2401781748712546,0.1640749999999998,0.4304166666666669,1.6043229508196721,3.4497454098360656,6.163710909090909,0.2781831038251364,0.4238459770114936,2.2077469927536235,5.449733666666668,8.19715751977401,0.02927079140902272,0.0,-0.02927079140902272,0.1651348616989939,0.1651348616989939,0.4521478415243739,0.09738494829915553,0.7146676515225233,148
train_negative_vs_difficult_negative,disk_read_mb_s_min_30s,engineered,0.1464879405628957,0.2663743253099927,0.0082,0.0491,0.9404982448504626,0.7125601811125959,0.0,0.0,0.0574,0.2585,0.6543,0.0,0.0044,0.1986,0.8567,1.3246,0.02927079140902272,0.0,-0.02927079140902272,0.14368840754850168,0.14368840754850168,0.28660040701040934,0.27221137638280446,0.7025001909417155,149
train_negative_vs_difficult_negative,cpu_pct_std_60s,engineered,6.0186201435732025,6.091624242408726,4.794172707988694,5.469474992643879,4.968037143477039,3.105342518318363,1.7260189920313886,2.720582638420033,7.850518782939606,11.026270926936075,14.388763678413426,2.826397638805628,3.6180009804278983,7.908416486214063,10.45387127726362,12.054749137895962,0.05305330942885369,0.0,-0.05305330942885369,0.017622188657667494,0.017622188657667494,0.5166040686859702,0.16812318489946904,0.7023494422431067,150
train_negative_vs_difficult_negative,disk_write_mb_s_max_120s,engineered,14.913200656955677,20.981484886943836,6.171,10.6859,34.05215467713119,32.29370853503241,1.1243,2.3193,15.1807,29.9365,46.275,1.3634,3.8041,25.0431,45.585,77.5127,0.02927079140902272,0.0,-0.02927079140902272,0.1828645721586926,0.1828645721586926,0.2809642753658798,0.23128048648802035,0.6951093340125928,151
train_negative_vs_difficult_negative,net_sent_mb_s_std_120s,engineered,0.00948366485148118,0.028800854243348408,0.003691690164571,0.0030021986876287,0.03485536346859646,0.3399907650979273,0.00075372576453576,0.0021473544531676,0.0086124801050174,0.01642887634041458,0.0242134309590589,0.00170971936583298,0.00223698965578725,0.004371206507096,0.010093790390014401,0.012766095067945288,0.0823241008378764,0.0,-0.0823241008378764,0.07993215008732354,0.07993215008732354,0.40696450712397847,0.19111050445081346,0.6780071616621155,152
train_negative_vs_difficult_negative,disk_write_mb_s_std_120s,engineered,2.6952060209849416,3.6933123399857255,1.2233812775367197,1.634093477923916,5.919070441167589,5.142294529899241,0.19788320885261,0.6346972216590018,2.592479376842377,5.613918293832726,8.46718270489105,0.21478608178794317,0.6386713524308875,4.913310924090618,8.326559702765762,15.303045567610283,0.0823241008378764,0.0,-0.0823241008378764,0.18002377362094596,0.18002377362094596,0.34088424648332954,0.1513275543998739,0.6722355745041494,153
train_negative_vs_difficult_negative,ram_pct_std_60s,engineered,0.46682582237866627,0.5557489246346902,0.3500574665470092,0.3965056730604313,0.44481338298866524,0.5186895745630101,0.1064581294803276,0.2109374875547612,0.5637432497240781,0.9111000082340113,1.252515747973307,0.2167311954754661,0.2808589907847219,0.6177323372917958,1.0387965556892653,1.5298103323320507,0.05305330942885369,0.0,-0.05305330942885369,0.18404273563263301,0.18404273563263301,0.31620961210729354,0.16464609021703247,0.664898437956959,154
train_negative_vs_difficult_negative,ram_pct_std_120s,engineered,0.6215070335852313,0.7362454507113737,0.4689017513926653,0.5237370966887033,0.5661370604068253,0.6353139731482552,0.17804647261439538,0.285352815840761,0.7603329023848268,1.192775763134825,1.6331800497325573,0.2821073508813051,0.3695588774172647,0.8798997547900784,1.412579225965597,1.9891774069487345,0.05305330942885369,0.0,-0.05305330942885369,0.19068392287246838,0.19068392287246838,0.3253439390215604,0.1478915545509341,0.6639194164449629,155
train_negative_vs_difficult_negative,cpu_pct_std_120s,engineered,6.78722623671774,6.527677337956869,5.356070505963404,5.895176116900603,5.635319526098434,3.082594038114131,1.999940602680536,3.215675404329617,8.508535412360214,12.227785659276941,17.035698566499196,3.023199985992131,3.9534459313675403,8.72685225263416,10.751935535710544,11.817293498042744,0.05305330942885369,0.0,-0.05305330942885369,-0.05714440602571914,0.05714440602571914,0.4665338587978429,0.13123914454281185,0.6549174093663739,156
train_negative_vs_difficult_negative,net_sent_mb_s_max_60s,engineered,0.03636072173626616,0.06480959883296863,0.0136,0.0117,0.15148361921881273,0.9770502406478313,0.0022,0.0068,0.03,0.0619,0.097,0.005740000000000009,0.0082,0.0173,0.0323,0.0473,0.02927079140902272,0.0,-0.02927079140902272,0.040691640936202755,0.040691640936202755,0.3885277814683528,0.19407190096122418,0.6232913233657797,157
train_negative_vs_difficult_negative,network_latency_ms_missing_pct_120s,engineered,9.94319335187485,4.290253879527889,0.0,0.0,26.677672417304354,18.172323350302946,0.0,0.0,3.278688524590164,21.666666666666668,100.0,0.0,0.0,1.6666666666666667,3.4482758620689653,6.666666666666667,0.0,0.0,0.0,-0.24766791073407612,0.24766791073407612,0.19438789031920656,0.15403360072286698,0.5960894017761497,158
train_negative_vs_difficult_negative,swap_pct_std_120s,engineered,0.055164377706143776,0.057273301714390726,0.0,7.50902258984278e-08,0.17736940859710382,0.11526273439623805,0.0,0.0,0.0406838102172489,0.11744340212364723,0.275994833273813,0.0,6.303333876548288e-09,0.0648327066659317,0.15450783205428753,0.2476372964364173,0.05305330942885369,0.0,-0.05305330942885369,0.014099434906531398,0.014099434906531398,0.2694209150576812,0.30686088725480365,0.5903812372190163,159
train_negative_vs_difficult_negative,network_latency_ms_max_30s,engineered,222.83280104929716,133.3021941336559,97.139,79.938,2650.855154483291,129.83134632129247,56.836,71.15,204.615,447.048,673.413,63.176,73.549,133.673,249.815,410.447,7.595770370641396,3.5156819839533187,-4.080088386688077,-0.04770679790060934,0.04770679790060934,0.33996546997708943,0.15970937382155298,0.5473816416992517,160
train_negative_vs_difficult_negative,network_latency_ms_missing_pct_60s,engineered,9.879255605780886,4.264320176747653,0.0,0.0,26.812070359083833,18.511279314521012,0.0,0.0,3.3333333333333335,22.58064516129032,100.0,0.0,0.0,0.0,3.4482758620689653,7.142857142857142,0.0,0.0,0.0,-0.24371855816425742,0.24371855816425742,0.15408585047330453,0.1372661502485628,0.5350705588861248,161
train_negative_vs_difficult_negative,network_latency_ms_std_120s,engineered,84.79018173911783,33.48381321238278,28.1758990160489,21.734253352057625,1414.2514823214053,31.36080179776023,9.60763283868904,13.883187670841055,66.58175356994147,136.08719564995067,177.0699248001517,10.760542699754067,14.00322663842077,39.40672580939594,76.51941904864907,96.87625199329791,7.57381727708463,3.0342815463165573,-4.539535730768073,-0.05129238357551747,0.05129238357551747,0.33544734570791074,0.143473096193924,0.5302128254773522,162
train_negative_vs_difficult_negative,net_sent_mb_s_max_30s,engineered,0.027930196171723456,0.0321250328227571,0.0102,0.009,0.13066635760535608,0.62759299506153,0.0005,0.0051,0.0231,0.0459,0.0722,0.0033,0.0057,0.0136,0.0227,0.035,0.02927079140902272,0.0,-0.02927079140902272,0.009254166772719213,0.009254166772719213,0.3162242317243038,0.17660890533067775,0.5020873038277007,163
train_negative_vs_difficult_negative,net_recv_mb_s_change_30s,engineered,-0.0007325054194069882,-0.10872634573304156,0.0,0.0,0.3493153797883814,5.126754790836931,-0.0876,-0.003,0.0028,0.08189999999999997,0.28296999999999967,-0.00849999999999996,-0.0021,0.0018,0.006760000000000036,0.024289999999999753,0.4171087775785738,0.0,-0.4171087775785738,-0.029721153966884163,0.029721153966884163,0.3578515085377384,0.09291912124150536,0.48049178374612794,164
train_negative_vs_difficult_negative,net_sent_mb_s_std_60s,engineered,0.00806377271967617,0.01762975322504732,0.0031725637770647,0.0028893482540723,0.032212342133921185,0.28164025153158806,0.0005427924611765,0.0018370636776293,0.0065714002049484,0.014017649337282861,0.02241409009623337,0.00139228688735988,0.00197447767042035,0.00409388503849405,0.007924203317519765,0.01234719881514151,0.0823241008378764,0.0,-0.0823241008378764,0.04772298374065614,0.04772298374065614,0.27560948883516845,0.1532006149526869,0.4765330875285115,165
train_negative_vs_difficult_negative,net_recv_mb_s_change_60s,engineered,-0.0018587003024267891,-0.10929454412837347,0.0,0.0,0.39408916196074234,5.124893259372763,-0.10019999999999993,-0.0031,0.0028,0.0998,0.32139499999999827,-0.00865999999999999,-0.0017,0.0013,0.006359999999999976,0.029629999999999927,0.7939702169697413,0.0,-0.7939702169697413,-0.029559639183651402,0.029559639183651402,0.34769740081869493,0.0962608398384065,0.47351787984075283,166
train_negative_vs_difficult_negative,ram_pct_std_30s,engineered,0.34682918842455446,0.4129154852351553,0.2594866727470156,0.2999999999967707,0.3554978943142492,0.4329134086624842,0.06546536707070826,0.1407885953213702,0.425720677485922,0.6855052266889868,0.940904045855639,0.12459458061950793,0.2023669462843874,0.45371479816531834,0.7409142344609748,1.1335015408693785,0.05305330942885369,0.0,-0.05305330942885369,0.1668418306266552,0.1668418306266552,0.16994515192134288,0.13136491714896792,0.468151899696966,167
train_negative_vs_difficult_negative,net_recv_mb_s_change_120s,engineered,-0.005959784950230278,-0.08354094821298323,0.0,0.0,0.4349258337253882,4.189661540443898,-0.1241,-0.0033,0.0028,0.11143000000000026,0.3571,-0.01265999999999999,-0.0019,0.0013,0.0063,0.0316,1.489151512934031,0.0,-1.489151512934031,-0.026047425496683634,0.026047425496683634,0.33217403709944127,0.09771219764285577,0.4559336602389807,168
train_negative_vs_difficult_negative,network_latency_ms_missing_pct_30s,engineered,9.867115282993234,4.215326289724539,0.0,0.0,26.99913515327021,18.60888705259484,0.0,0.0,0.0,25.0,100.0,0.0,0.0,0.0,6.666666666666667,7.6923076923076925,0.0,0.0,0.0,-0.24375157356192972,0.24375157356192972,0.08050540477247163,0.11229234197582283,0.4365493203102242,169
train_negative_vs_difficult_negative,network_latency_ms_std_60s,engineered,69.9641453053203,29.76573483749114,23.044104202882988,16.165582337544272,1273.7506511198433,33.647870958894224,8.50254782203833,11.534054083395016,56.12517666463456,135.1000963060651,183.0834713817895,8.983097127829149,11.138678291177584,33.05190654840145,71.85593004445394,102.89969845351737,7.639676557754931,3.4281546316557256,-4.211521926099205,-0.044615727755185845,0.044615727755185845,0.22660123029816306,0.14827516419555997,0.41949212224890886,170
train_negative_vs_difficult_negative,network_latency_ms_max_120s,engineered,426.36229513936973,243.8815304557076,198.366,173.303,4716.933799928396,193.1857710080718,75.146,102.167,412.018,765.454,901.008,80.381,109.206,281.94,570.378,656.372,7.524422816581904,3.00510576221736,-4.519317054364544,-0.054664877118003156,0.054664877118003156,0.22042851294969584,0.11996915468397629,0.3950625447516753,171
train_negative_vs_difficult_negative,disk_read_mb_s_change_120s,engineered,-0.22371091962561288,-0.41335155361050324,0.0,-0.0143999999999999,12.759221148706724,14.087639041486021,-1.4449599999999982,-0.1863,0.1331,1.2095500000000015,3.1208899999999966,-2.22818,-0.3002,0.18440000000000006,1.8673000000000008,5.401089999999988,1.489151512934031,0.0,-1.489151512934031,-0.014110320535871568,0.014110320535871568,0.2840173275381062,0.09234820524607118,0.39047585332004897,172
train_negative_vs_difficult_negative,thread_count_std_120s,engineered,37.45584159749181,47.47941021941243,27.77064367120836,30.782157866777094,32.81091751454901,51.41212746078246,15.810505637390373,20.156644626048696,43.17477292302145,66.4244329600056,91.74671350068013,15.536593734407447,20.836854351619834,52.374831046455526,83.96109533472813,142.01461178513256,0.05305330942885369,0.0,-0.05305330942885369,0.23242333119896846,0.23242333119896846,0.06214873035692371,0.09004515149246728,0.38461721304835944,173
train_negative_vs_difficult_negative,disk_read_mb_s_change_30s,engineered,-0.1462862677738178,-0.19512863603209332,0.0,-0.002,12.668234061002785,13.45903389501476,-1.15097,-0.1414,0.12389999999999997,1.0466700000000007,2.7892849999999982,-1.6905599999999998,-0.21635,0.17404999999999993,1.5313600000000005,4.741769999999992,0.4171087775785738,0.0,-0.4171087775785738,-0.0037370927061526568,0.0037370927061526568,0.290443734301626,0.08373334799787113,0.3779141750056498,174
train_negative_vs_difficult_negative,process_count_change_60s,engineered,-0.20260875928432914,-0.4021881838074398,0.0,0.0,7.934254815687982,4.302878142804439,-7.0,-2.0,2.0,7.0,12.0,-4.0,-2.0,2.0,4.0,5.0,0.0,0.0,0.0,-0.031270834856661545,0.031270834856661545,0.2431248367720485,0.098342901716993,0.37273857334570304,175
train_negative_vs_difficult_negative,network_latency_ms_std_30s,engineered,58.19821665070913,25.973083082042773,16.558210058311662,12.786535808549775,1135.2181677321034,35.76653263286992,7.206816889983128,10.153662396375747,46.319954500539794,118.86448540402006,187.33935864026142,7.5311374018185075,9.845284663953851,23.91180398873791,56.44778986021352,100.20242003428352,7.703706413962168,3.530269876002918,-4.17343653795925,-0.040124990942380506,0.040124990942380506,0.1735243161004136,0.15592631643881727,0.3695756234816114,176
train_negative_vs_difficult_negative,disk_read_mb_s_change_60s,engineered,-0.17134375230508225,-0.2669784390955507,0.0,-0.0087999999999999,13.173958372033331,13.869661092778516,-1.2433299999999998,-0.1498,0.1267,1.121210000000002,2.9491149999999937,-1.9698999999999989,-0.24749999999999994,0.18105,1.61752,4.945169999999996,0.7939702169697413,0.0,-0.7939702169697413,-0.0070702856731247555,0.0070702856731247555,0.2652517060236469,0.09407974176299788,0.3664017334597695,177
train_negative_vs_difficult_negative,network_latency_ms_max_60s,engineered,304.65500829062705,179.47177967381455,143.262,109.3495,3479.7636672078415,163.6135135478436,64.559,81.327,293.17,624.359,795.685,72.474,78.104,199.075,410.07,576.916,7.542717061212542,3.398978847556528,-4.143738213656014,-0.050819673363138515,0.050819673363138515,0.1883245977593257,0.12501249218414912,0.36415676330661334,178
train_negative_vs_difficult_negative,net_sent_mb_s_std_30s,engineered,0.006917099474027355,0.010438105095639137,0.00283998868207,0.0025940775037068,0.03026210375451393,0.21821720880157133,0.00021408241019394027,0.0015176736583779,0.0054805717463196,0.011828219678334721,0.018850449784384757,0.0009507488299474601,0.0015940439581600498,0.00393466959484205,0.00686211047185512,0.010363131542733401,0.0823241008378764,0.0,-0.0823241008378764,0.022602487325356566,0.022602487325356566,0.19857005016680748,0.1170094188284716,0.33818195632063563,179
train_negative_vs_difficult_negative,process_count_change_120s,engineered,-0.39352749624967986,-0.6390955506929249,0.0,-1.0,10.413827903462664,5.220706936339802,-7.0,-3.0,3.0,9.0,13.94999999999709,-5.0,-3.0,2.0,4.0,6.0,0.0,0.0,0.0,-0.02981200564510603,0.02981200564510603,0.21039426433977532,0.0963992042764179,0.3366054742612993,180
train_negative_vs_difficult_negative,thread_count_change_120s,engineered,-8.762010171600014,-24.2144420131291,-7.0,-22.0,112.92676686686242,169.10443088639067,-112.0,-51.0,39.0,96.0,148.0,-166.0,-78.0,43.0,111.0,174.0,0.0,0.0,0.0,-0.10746834788968382,0.10746834788968382,0.09348774795027442,0.10896875943484635,0.3099248552748046,181
train_negative_vs_difficult_negative,network_latency_ms_missing,engineered,0.09778273755076652,0.041721371261852665,0.0,0.0,0.2970233791453716,0.19996632625007754,0.0,0.0,0.0,0.0,1.0,0.0,0.0,0.0,0.0,0.0,0.0,0.0,0.0,-0.22142094960321274,0.22142094960321274,0.0,0.056061366288913894,0.27748231589212663,182
train_negative_vs_difficult_negative,process_count_change_30s,engineered,-0.0915626943763492,-0.19270605397520058,0.0,0.0,6.063796640241132,3.327876863006492,-5.0,-2.0,2.0,6.0,10.0,-3.0,-2.0,1.0,3.0,5.0,0.0,0.0,0.0,-0.020679348079087452,0.020679348079087452,0.16670748650928435,0.07839150275970885,0.26577833734808065,183
train_negative_vs_difficult_negative,net_sent_mb_s_change_120s,engineered,0.0008844822463229835,-0.006919766593727205,0.0,0.0,0.05926721361963764,0.33640417344243423,-0.0086,-0.0021,0.0019999999999999,0.0081,0.0157999999999999,-0.0061,-0.0015999999999999,0.0011,0.004560000000000036,0.0086,1.489151512934031,0.0,-1.489151512934031,-0.03231076246516866,0.03231076246516866,0.15677011212942082,0.0679078647073248,0.2569887393019143,184
train_negative_vs_difficult_negative,swap_pct_change_120s,engineered,0.03379312868171674,0.04048140043763676,0.0,0.0,0.41608845800678756,0.29690957855473155,-0.1,0.0,0.0,0.1000000000000014,0.3000000000000007,-0.1000000000000014,0.0,0.0,0.1999999999999993,0.6000000000000014,0.0,0.0,0.0,0.018504261213754036,0.018504261213754036,0.12688050983822421,0.10803343915706526,0.25341821020904354,185
train_negative_vs_difficult_negative,net_sent_mb_s_change_60s,engineered,0.00044999631186840787,-0.008877330415754923,0.0,0.0,0.05210532851051045,0.41107597415815583,-0.0079,-0.002,0.0018,0.0077,0.0145,-0.0057,-0.0015,0.00109999999999995,0.0048,0.0089,0.7939702169697413,0.0,-0.7939702169697413,-0.03183384051535427,0.03183384051535427,0.14890345421746115,0.060535886327426236,0.24127318106024165,186
train_negative_vs_difficult_negative,net_sent_mb_s_change_30s,engineered,0.0002126152772164459,-0.00878423048869438,0.0,0.0,0.048409969910028446,0.4108629904615836,-0.0075,-0.0019,0.0017,0.0072,0.0137999999999999,-0.0055,-0.0015,0.00109999999999995,0.0047,0.008829999999999897,0.4171087775785738,0.0,-0.4171087775785738,-0.030754904499886018,0.030754904499886018,0.15219885535322591,0.05505401692698231,0.23800777678009424,187
train_negative_vs_difficult_negative,cpu_pct_diff,engineered,-0.0407995167755752,-0.030444930707512762,-0.0999999999999996,-0.0999999999999943,7.18691992047198,7.595687196265235,-7.0,-2.6999999999999993,2.5999999999999996,7.0,11.000000000000002,-8.799999999999997,-4.0,4.0,8.600000000000001,12.6,0.05305330942885369,0.0,-0.05305330942885369,0.0014003794529736972,0.0014003794529736972,0.14481081202908722,0.08728437830294777,0.23349556978500868,188
train_negative_vs_difficult_negative,cpu_pct_change_120s,engineered,-2.742363982291171,-0.5879358132749817,-0.2999999999999998,-0.2000000000000028,17.061056853543604,10.630940003828776,-16.400000000000006,-5.6,3.700000000000003,11.0,17.200000000000003,-12.9,-5.099999999999994,4.200000000000003,11.799999999999995,16.9,0.0,0.0,0.0,0.1515669276506546,0.1515669276506546,0.035253215161700574,0.0394563302770069,0.22627647308936208,189
train_negative_vs_difficult_negative,thread_count_std_60s,engineered,27.201467386868984,31.32276483606487,20.79169602644288,20.78187207397584,24.89470900420964,36.50020926809004,10.366198168554888,14.488747686475504,30.838992821764062,49.5697113624862,65.28404815971396,10.135257315765944,13.972841763428157,34.22601339799954,57.162019933966306,84.8902501367485,0.05305330942885369,0.0,-0.05305330942885369,0.13191911749736598,0.13191911749736598,0.031153773439385905,0.04607215339147275,0.20914504432822464,190
train_negative_vs_difficult_negative,context_switches_per_s_diff,engineered,-5.892033403350579,-50.993479212253824,-10.299999999999955,-54.10000000000037,6492.206628048849,9497.677196498214,-5263.130000000001,-2210.674999999998,2179.2749999999983,5253.680000000001,8428.000000000007,-5873.76,-2954.1499999999996,2912.0,5803.140000000001,9018.119999999954,28.582927810910686,0.0,-28.582927810910686,-0.005544161987761784,0.005544161987761784,0.1315919867575876,0.06952063651608942,0.2066567852614388,191
train_negative_vs_difficult_negative,ram_pct_change_30s,engineered,-0.0476473601404998,-0.08789204959883296,0.0,0.0,1.0380224358781114,1.243445320459166,-1.0,-0.3999999999999915,0.3999999999999915,0.9000000000000057,1.2999999999999972,-1.1999999999999886,-0.5,0.5,1.0,1.4000000000000057,0.0,0.0,0.0,-0.035137502566081294,0.035137502566081294,0.08738494530385603,0.0669026370693277,0.18942508493926502,192
train_negative_vs_difficult_negative,network_latency_ms_change_60s,engineered,-73.69058790703507,-2.427786753327143,-1.763499999999997,-0.10950000000000054,3477.8002907797704,64.15762641311062,-44.3,-15.722500000000002,10.351,32.0625,74.27499999999999,-25.164699999999996,-11.792,10.885000000000003,23.41100000000001,34.2238,12.46935714024368,5.733041575492341,-6.736315564751338,0.028973393230725238,0.028973393230725238,0.09311077761134375,0.066253818331544,0.188337989173613,193
train_negative_vs_difficult_negative,network_latency_ms_change_120s,engineered,-133.6966119512553,-2.571865487002819,-1.5900000000000034,-0.607999999999997,4786.278423400175,66.47412915929418,-45.2514,-15.984000000000002,10.690999999999995,32.056400000000004,76.1671999999999,-25.753500000000003,-11.751000000000001,10.914750000000002,23.385,34.886750000000006,12.778529874501482,6.841721371261852,-5.93680850323963,0.03874001811092204,0.03874001811092204,0.08110096072512159,0.06771884188505384,0.18755982072109748,194
train_negative_vs_difficult_negative,thread_count_change_60s,engineered,-5.377172441549888,-13.095113056163385,-8.0,-14.0,84.55420099350886,120.75704083061743,-78.0,-42.0,29.0,71.0,112.0,-105.0,-50.5,27.0,76.60000000000036,130.0,0.0,0.0,0.0,-0.07404058159716445,0.07404058159716445,0.03566250032652786,0.06397564065950978,0.1736787225832021,195
train_negative_vs_difficult_negative,cpu_pct_change_60s,engineered,-1.33343090263803,-0.1910138584974471,-0.0999999999999996,0.2000000000000028,13.9493758562142,10.340364208284791,-12.4,-4.200000000000003,3.6000000000000014,10.1,16.0,-12.0,-4.600000000000001,4.5,11.4,16.72999999999993,0.0,0.0,0.0,0.09304436884124814,0.09304436884124814,0.02774459082979797,0.05109193422366398,0.1718808938947101,196
train_negative_vs_difficult_negative,network_latency_ms_change_30s,engineered,-42.97762525543184,-2.8386910293891368,-1.8350000000000009,-0.4109999999999942,2590.20168465435,66.34298612192752,-43.017900000000004,-15.518749999999994,10.391250000000003,32.05800000000002,75.72770000000018,-25.345799999999983,-11.909000000000006,10.288499999999999,22.434399999999993,34.1614,12.264461600380521,5.193289569657185,-7.071172030723336,0.021908106581092282,0.021908106581092282,0.08601001879023062,0.06105866110817937,0.16897678647950226,197
train_negative_vs_difficult_negative,cpu_pct_change_30s,engineered,-0.7463795689875966,0.06612691466083151,0.0,0.3000000000000042,12.44122005104751,10.036651208167333,-12.5,-4.0,3.6999999999999993,10.9,17.10000000000001,-11.5,-4.200000000000003,4.600000000000001,11.100000000000005,16.399999999999995,0.0,0.0,0.0,0.07188376374270798,0.07188376374270798,0.035920907782691296,0.06082519025947686,0.16862986178487613,198
train_negative_vs_difficult_negative,ram_pct_change_120s,engineered,-0.1961051553181369,-0.3377242888402626,0.0,0.0,1.8172434946974703,2.1280151029111525,-2.0,-0.7000000000000028,0.5999999999999943,1.4000000000000057,2.0999999999999943,-2.5999999999999943,-1.0,0.7000000000000028,1.6000000000000083,2.299999999999997,0.0,0.0,0.0,-0.07157036780941309,0.07157036780941309,0.04080050875327318,0.05076508505916383,0.1631359616218501,199
train_negative_vs_difficult_negative,context_switches_per_s_change_30s,engineered,-322.34762882937713,-486.17282275711153,-1.5,133.60000000000036,16322.249500568634,20433.77942665633,-9857.249999999993,-2633.774999999999,2669.725000000001,9103.890000000005,16786.099999999984,-7431.76,-2655.0499999999997,2877.95,6735.320000000006,11667.479999999945,27.862134572463503,0.0,-27.862134572463503,-0.008858942239070904,0.008858942239070904,0.09315022532110728,0.055062944134943725,0.15707211169512192,200
train_negative_vs_difficult_negative,disk_write_mb_s_change_120s,engineered,-0.19904660525924828,0.060642479941648425,-0.0021,-0.0075999999999999,8.862229577404113,9.592342472665015,-1.7975399999999992,-0.25832499999999997,0.22809999999999991,1.563490000000001,4.1452,-1.98088,-0.27109999999999995,0.21819999999999995,1.9844800000000016,7.717289999999965,1.489151512934031,0.0,-1.489151512934031,0.028121604666463115,0.028121604666463115,0.08354227379494324,0.040382543141398886,0.15204642160280524,201
train_negative_vs_difficult_negative,disk_write_mb_s_change_60s,engineered,-0.151916012023309,0.018609846827133493,-0.0002999999999999,-0.0025,8.589654086098655,8.561804856097082,-1.54446,-0.2271,0.205825,1.4764300000000001,3.6698249999999972,-2.0318799999999997,-0.22865,0.2128,1.7535400000000045,7.1326599999999765,0.7939702169697413,0.0,-0.7939702169697413,0.019884679738523616,0.019884679738523616,0.08017088714095319,0.04527422025069938,0.1453297871301762,202
train_negative_vs_difficult_negative,context_switches_per_s_change_120s,engineered,-1314.296980548757,-1999.4179139314367,-84.2,-364.3999999999997,18403.51138479614,24089.70553273665,-10491.58,-3480.2999999999993,2666.1499999999996,8824.759999999997,14853.41,-9322.94,-3487.85,2625.75,7078.300000000002,12629.259999999955,28.99088946617394,0.0,-28.99088946617394,-0.03196124855605843,0.03196124855605843,0.058676996061602114,0.047502596289624166,0.1381408409072847,203
train_negative_vs_difficult_negative,context_switches_per_s_change_60s,engineered,-689.1950556022089,-1009.0181473377095,2.0,131.10000000000036,16286.37434385201,21801.64701285759,-7983.56,-2691.5,2647.5,7398.400000000004,11949.139999999987,-7987.44,-2979.699999999999,2887.2500000000005,6678.6200000000035,11909.989999999978,28.10910687497713,0.0,-28.10910687497713,-0.0166205478251348,0.0166205478251348,0.0626842259402136,0.05613097675230816,0.13543575051765655,204
train_negative_vs_difficult_negative,disk_write_mb_s_change_30s,engineered,-0.08187055700481317,-0.010903778264040856,0.0,-0.0031,7.820897081298965,8.687650436730726,-1.4674099999999999,-0.20637499999999992,0.19979999999999998,1.449840000000001,3.487249999999993,-1.6607199999999989,-0.21975,0.21975,1.6859600000000006,6.865509999999969,0.4171087775785738,0.0,-0.4171087775785738,0.008585754380494017,0.008585754380494017,0.07818145379853884,0.04733408912517589,0.13410129730420875,205
train_negative_vs_difficult_negative,thread_count_change_30s,engineered,-3.039094800775676,-7.35419401896426,-5.0,-9.0,60.17128996403716,79.28306379293625,-56.0,-29.0,20.0,52.0,82.0,-67.0,-33.0,17.0,52.0,86.0,0.0,0.0,0.0,-0.06131237078622885,0.06131237078622885,0.019111545931724493,0.04872297232183537,0.12914688903978871,206
train_negative_vs_difficult_negative,swap_pct_change_60s,engineered,0.015517178295708168,0.021152443471918306,0.0,0.0,0.3062785048853907,0.22718410978718886,0.0,0.0,0.0,0.0,0.1949999999996982,-0.0999999999999996,0.0,0.0,0.0999999999999996,0.200000000000001,0.0,0.0,0.0,0.02089866602530265,0.02089866602530265,0.03426354347727578,0.0652604597377035,0.12042266924028193,207
train_negative_vs_difficult_negative,thread_count_std_30s,engineered,19.073301260952302,20.086108636916183,14.16736692947595,13.525130929685464,19.623449221147716,25.91946495373344,5.865313687792431,8.9144078135605,22.39307928802516,35.02933928660126,49.496309099586796,5.287139692170324,8.06818044625722,22.179215057450634,37.78251043711631,54.25050264670874,0.05305330942885369,0.0,-0.05305330942885369,0.044058045636053395,0.044058045636053395,0.021723798612817417,0.05177506513424507,0.11755690938311589,208
train_negative_vs_difficult_negative,ram_pct_change_60s,engineered,-0.10353810691156559,-0.17419401896425962,0.0,0.0,1.3741755161850193,1.5885085271462283,-1.3000000000000114,-0.5,0.5,1.0999999999999943,1.6000000000000083,-1.7000000000000028,-0.6000000000000085,0.5,1.2000000000000028,1.7999999999999972,0.0,0.0,0.0,-0.047572902337478525,0.047572902337478525,0.024803460656712503,0.04066645119222298,0.11304281418641401,209
train_negative_vs_difficult_negative,disk_latency_ms_missing_pct_120s,engineered,0.1305216649441695,0.0,0.0,0.0,2.175214694998271,0.0,0.0,0.0,0.0,0.0,0.0,0.0,0.0,0.0,0.0,0.0,0.0,0.0,0.0,-0.0848585241594776,0.0848585241594776,0.0,0.014891515129340394,0.099750039288818,210
train_negative_vs_difficult_negative,disk_read_mb_s_missing_pct_120s,engineered,0.1305216649441695,0.0,0.0,0.0,2.175214694998271,0.0,0.0,0.0,0.0,0.0,0.0,0.0,0.0,0.0,0.0,0.0,0.0,0.0,0.0,-0.0848585241594776,0.0848585241594776,0.0,0.014891515129340394,0.099750039288818,211
train_negative_vs_difficult_negative,disk_write_mb_s_missing_pct_120s,engineered,0.1305216649441695,0.0,0.0,0.0,2.175214694998271,0.0,0.0,0.0,0.0,0.0,0.0,0.0,0.0,0.0,0.0,0.0,0.0,0.0,0.0,-0.0848585241594776,0.0848585241594776,0.0,0.014891515129340394,0.099750039288818,212
train_negative_vs_difficult_negative,net_sent_mb_s_missing_pct_120s,engineered,0.1305216649441695,0.0,0.0,0.0,2.175214694998271,0.0,0.0,0.0,0.0,0.0,0.0,0.0,0.0,0.0,0.0,0.0,0.0,0.0,0.0,-0.0848585241594776,0.0848585241594776,0.0,0.014891515129340394,0.099750039288818,213
train_negative_vs_difficult_negative,net_recv_mb_s_missing_pct_120s,engineered,0.1305216649441695,0.0,0.0,0.0,2.175214694998271,0.0,0.0,0.0,0.0,0.0,0.0,0.0,0.0,0.0,0.0,0.0,0.0,0.0,0.0,-0.0848585241594776,0.0848585241594776,0.0,0.014891515129340394,0.099750039288818,214
train_negative_vs_difficult_negative,disk_latency_ms_missing_pct_60s,engineered,0.11312449104180648,0.0,0.0,0.0,2.1652431854940475,0.0,0.0,0.0,0.0,0.0,0.0,0.0,0.0,0.0,0.0,0.0,0.0,0.0,0.0,-0.07388647637349474,0.07388647637349474,0.0,0.007939702169697527,0.08182617854319227,215
train_negative_vs_difficult_negative,disk_read_mb_s_missing_pct_60s,engineered,0.11312449104180648,0.0,0.0,0.0,2.1652431854940475,0.0,0.0,0.0,0.0,0.0,0.0,0.0,0.0,0.0,0.0,0.0,0.0,0.0,0.0,-0.07388647637349474,0.07388647637349474,0.0,0.007939702169697527,0.08182617854319227,216
train_negative_vs_difficult_negative,disk_write_mb_s_missing_pct_60s,engineered,0.11312449104180648,0.0,0.0,0.0,2.1652431854940475,0.0,0.0,0.0,0.0,0.0,0.0,0.0,0.0,0.0,0.0,0.0,0.0,0.0,0.0,-0.07388647637349474,0.07388647637349474,0.0,0.007939702169697527,0.08182617854319227,217
train_negative_vs_difficult_negative,net_sent_mb_s_missing_pct_60s,engineered,0.11312449104180648,0.0,0.0,0.0,2.1652431854940475,0.0,0.0,0.0,0.0,0.0,0.0,0.0,0.0,0.0,0.0,0.0,0.0,0.0,0.0,-0.07388647637349474,0.07388647637349474,0.0,0.007939702169697527,0.08182617854319227,218
train_negative_vs_difficult_negative,net_recv_mb_s_missing_pct_60s,engineered,0.11312449104180648,0.0,0.0,0.0,2.1652431854940475,0.0,0.0,0.0,0.0,0.0,0.0,0.0,0.0,0.0,0.0,0.0,0.0,0.0,0.0,-0.07388647637349474,0.07388647637349474,0.0,0.007939702169697527,0.08182617854319227,219
train_negative_vs_difficult_negative,disk_latency_ms_missing_pct_30s,engineered,0.09511128336820773,0.0,0.0,0.0,2.1444132032115615,0.0,0.0,0.0,0.0,0.0,0.0,0.0,0.0,0.0,0.0,0.0,0.0,0.0,0.0,-0.06272469628175473,0.06272469628175473,0.0,0.004171087775785787,0.06689578405754051,220
train_negative_vs_difficult_negative,disk_read_mb_s_missing_pct_30s,engineered,0.09511128336820773,0.0,0.0,0.0,2.1444132032115615,0.0,0.0,0.0,0.0,0.0,0.0,0.0,0.0,0.0,0.0,0.0,0.0,0.0,0.0,-0.06272469628175473,0.06272469628175473,0.0,0.004171087775785787,0.06689578405754051,221
train_negative_vs_difficult_negative,disk_write_mb_s_missing_pct_30s,engineered,0.09511128336820773,0.0,0.0,0.0,2.1444132032115615,0.0,0.0,0.0,0.0,0.0,0.0,0.0,0.0,0.0,0.0,0.0,0.0,0.0,0.0,-0.06272469628175473,0.06272469628175473,0.0,0.004171087775785787,0.06689578405754051,222
train_negative_vs_difficult_negative,net_sent_mb_s_missing_pct_30s,engineered,0.09511128336820773,0.0,0.0,0.0,2.1444132032115615,0.0,0.0,0.0,0.0,0.0,0.0,0.0,0.0,0.0,0.0,0.0,0.0,0.0,0.0,-0.06272469628175473,0.06272469628175473,0.0,0.004171087775785787,0.06689578405754051,223
train_negative_vs_difficult_negative,net_recv_mb_s_missing_pct_30s,engineered,0.09511128336820773,0.0,0.0,0.0,2.1444132032115615,0.0,0.0,0.0,0.0,0.0,0.0,0.0,0.0,0.0,0.0,0.0,0.0,0.0,0.0,-0.06272469628175473,0.06272469628175473,0.0,0.004171087775785787,0.06689578405754051,224
train_negative_vs_difficult_negative,swap_pct_change_30s,engineered,0.0070286487870915805,0.010780452224653535,0.0,0.0,0.22583619432176882,0.18139029775521467,0.0,0.0,0.0,0.0,0.0999999999999943,0.0,0.0,0.0,0.0,0.0999999999999996,0.0,0.0,0.0,0.01831734973155353,0.01831734973155353,0.01331085649290003,0.0341613727446072,0.06578957896906076,225
train_negative_vs_difficult_negative,ram_pct_diff,engineered,-0.0017718228909267284,-0.006593727206418675,0.0,0.0,0.3495538358566613,0.3797627158985923,-0.2000000000000028,-0.0999999999999943,0.0999999999999943,0.2000000000000028,0.5,-0.2000000000000028,-0.0999999999999943,0.0999999999999943,0.2000000000000028,0.5,0.05305330942885369,0.0,-0.05305330942885369,-0.01321174787185747,0.01321174787185747,0.00813674061884389,0.030771913048921934,0.052120401539623294,226
train_negative_vs_difficult_negative,battery_plugged,raw,0.49990852877684683,0.5152443471918308,0.0,1.0,0.5000045652568497,0.499804012612938,0.0,0.0,1.0,1.0,1.0,0.0,0.0,1.0,1.0,1.0,0.0,0.0,0.0,0.030677508566943647,0.030677508566943647,,0.015335818414983882,0.030677508566943647,227
train_negative_vs_difficult_negative,swap_pct_diff,engineered,0.0005015283802829792,0.0009628008752735231,0.0,0.0,0.05984590240566603,0.045506656433133556,0.0,0.0,0.0,0.0,0.0,0.0,0.0,0.0,0.0,0.0,0.05305330942885369,0.0,-0.05305330942885369,0.008676739943930752,0.008676739943930752,0.0011293569046942004,0.0052778113884327515,0.015083908237057703,228
train_positive_vs_difficult_positive,disk_free_gb,raw,248.62289914178317,140.7313451631368,179.66,140.32,110.20229583859147,1.2013229484131638,156.58,161.46,388.33,406.06,406.91,139.52,139.74,141.535,142.5,142.797,0.0,0.0,0.0,-1.384477815579392,1.384477815579392,12.447311532508124,1.0,7.384477815579392,1
train_positive_vs_difficult_positive,disk_usage_pct,raw,45.79206326689837,70.43199771036062,62.3,70.5,26.07145064027817,0.24748601727408195,3.0,15.0,66.1,67.1,67.6,70.1,70.3,70.6,70.7,70.7,0.0,0.0,0.0,1.3365025240764936,1.3365025240764936,12.236216044251897,1.0,7.336502524076494,2
train_positive_vs_difficult_positive,thread_count_mean_60s,engineered,3685.5503380201285,4556.563196469512,3805.4032258064517,4501.357142857143,1105.6922665716634,304.3871941744086,2159.360967741936,2655.925,4665.207589285714,4968.89375,5157.886249999999,4203.76,4304.759946949602,4814.055555555556,4964.533333333334,5090.662962962962,0.0,0.0,0.0,1.0740945581438734,1.0740945581438734,6.575613665021195,0.5842513076940222,6.658345865837895,3
train_positive_vs_difficult_positive,thread_count_mean_120s,engineered,3687.7790122167266,4548.150304334812,3802.9413510457885,4504.382352941177,1105.0813789823699,294.0003292446254,2160.029426229508,2666.309957627119,4666.358664772727,4968.512903225806,5164.242115384614,4210.296947427925,4289.872727272727,4805.29573934837,4937.035555555555,5044.213565891472,0.0,0.0,0.0,1.0640367702891105,1.0640367702891105,6.673716675649465,0.5911057521810057,6.655142522470117,4
train_positive_vs_difficult_positive,thread_count_mean_30s,engineered,3684.423983259536,4558.416749315526,3804.6125,4499.777777777777,1105.8834302581874,309.8217892143754,2159.266666666667,2655.823660714286,4664.25,4968.075,5161.574999999999,4205.573333333333,4304.982954545454,4815.354166666666,4977.222727272727,5088.8478787878785,0.0,0.0,0.0,1.076231639154632,1.076231639154632,6.555240585028303,0.5768299545697643,6.653061593724397,5
train_positive_vs_difficult_positive,thread_count_max_30s,engineered,3720.5383360522023,4601.1763022323985,3839.0,4530.0,1108.7482917284283,321.85967688271023,2180.0,2687.0,4694.0,5002.0,5191.0,4214.0,4345.5,4855.0,5019.0,5165.7,0.0,0.0,0.0,1.0787254940250823,1.0787254940250823,6.53797941702284,0.5710034443247081,6.64972893834979,6
train_positive_vs_difficult_positive,thread_count_max_60s,engineered,3744.853748492801,4628.931310818546,3863.0,4570.0,1111.8714048641905,328.6343673419192,2190.0,2714.0,4717.0,5022.0,5206.0,4223.6,4364.0,4881.0,5107.0,5191.0,0.0,0.0,0.0,1.078360470587837,1.078360470587837,6.454968350836977,0.5695504554777073,6.647910926065545,7
train_positive_vs_difficult_positive,thread_count,raw,3682.9765231576707,4559.370349170005,3804.0,4502.0,1105.9261907815642,315.3479953654929,2159.0,2654.25,4662.0,4969.0,5161.0,4181.0,4303.0,4814.5,4980.6,5092.799999999999,0.0,0.0,0.0,1.0777391505245597,1.0777391505245597,6.536609851056173,0.5697227793013124,6.647461929825871,8
train_positive_vs_difficult_positive,thread_count_max_120s,engineered,3781.6662883892473,4667.736691471093,3902.0,4600.0,1117.475365894633,337.91897067708027,2205.0,2745.0,4750.0,5060.0,5273.149999999998,4268.0,4366.0,4935.0,5189.0,5247.0,0.0,0.0,0.0,1.0733584800915994,1.0733584800915994,6.480625237080674,0.57123772271418,6.644596202805779,9
train_positive_vs_difficult_positive,thread_count_min_30s,engineered,3650.864245691184,4516.315970234688,3768.0,4477.0,1102.9349792927287,303.3092467915378,2137.0,2629.0,4634.0,4937.0,5128.0,4157.0,4269.0,4777.0,4902.8,5024.0,0.0,0.0,0.0,1.0699839839593603,1.0699839839593603,6.541407613169302,0.5737611329939203,6.643745116953281,10
train_positive_vs_difficult_positive,thread_count_min_60s,engineered,3631.360770267395,4485.505437893532,3747.0,4415.0,1099.454336877825,293.05584608108813,2134.0,2607.0,4618.0,4919.299999999999,5105.0,4134.0,4226.0,4756.5,4865.0,4987.0,0.0,0.0,0.0,1.0616098740638642,1.0616098740638642,6.580807162448863,0.5804312362578906,6.642041110321754,11
train_positive_vs_difficult_positive,thread_count_min_120s,engineered,3606.5802539187175,4437.012020606754,3722.5,4348.0,1093.9959480925247,282.05091498028924,2128.0,2600.0,4591.0,4894.0,5091.0,4093.0,4213.0,4730.0,4800.0,4865.0,0.0,0.0,0.0,1.0395107420206382,1.0395107420206382,6.786740720467707,0.5935527342364707,6.633063476257109,12
train_positive_vs_difficult_positive,swap_pct_max_120s,engineered,22.328771544081143,13.043903835145963,17.5,12.6,22.41674570297176,1.8914715714288852,2.3,7.6,28.3,45.6,86.2,11.0,11.2,14.6,15.6,16.3,0.0,0.0,0.0,-0.583683790609488,0.583683790609488,10.491140389127064,0.5568125398964465,6.140496330505934,13
train_positive_vs_difficult_positive,swap_pct_max_60s,engineered,22.252748421873893,12.942987979393246,17.4,12.1,22.39227647061959,1.854680714139718,2.3,7.5,28.2,45.6,86.2,11.0,11.1,14.5,15.5,16.3,0.0,0.0,0.0,-0.585963618131283,0.585963618131283,10.635643303094097,0.5536917511880275,6.1396553693193106,14
train_positive_vs_difficult_positive,swap_pct_max_30s,engineered,22.205574863465497,12.878935317687464,17.4,12.1,22.379777874125487,1.8246411908085507,2.3,7.5,28.1,45.6,86.2,11.0,11.1,14.5,15.5,16.3,0.0,0.0,0.0,-0.5874159820308129,0.5874159820308129,10.590315955352871,0.5514575501808638,6.138873532211677,15
train_positive_vs_difficult_positive,swap_pct,raw,22.144630824881197,12.800915855752717,17.4,12.0,22.36606605574402,1.792001852228692,2.3,7.5,28.1,45.179999999999566,86.2,11.0,11.1,14.5,15.5,16.1,0.0,0.0,0.0,-0.5889188645927173,0.5889188645927173,10.531816059721859,0.5493652032059011,6.138284067798618,16
train_positive_vs_difficult_positive,swap_pct_mean_30s,engineered,22.127406401143325,12.8189945733685,17.4,12.0,22.377026646261722,1.7868202365060522,2.3,7.5,28.042142857142856,44.009333333333245,86.2,11.0,11.1,14.5,15.5,16.174318181818183,0.0,0.0,0.0,-0.5864190163290778,0.5864190163290778,10.52258742209787,0.5494361302220016,6.135855146551079,17
train_positive_vs_difficult_positive,swap_pct_mean_60s,engineered,22.1107885340245,12.83527757674589,17.4,12.065,22.38716241895902,1.7837421613094027,2.3,7.491098484848484,28.03125,43.6,86.2,11.0,11.1,14.496875,15.5,16.200000000000003,0.0,0.0,0.0,-0.5840897765195165,0.5840897765195165,10.526060016415178,0.5496843747783531,6.13377415129787,18
train_positive_vs_difficult_positive,swap_pct_min_30s,engineered,22.054886871409323,12.75684029765312,17.3,12.0,22.373661680962957,1.7672024342312114,2.3,7.4,28.0,43.6,86.2,11.0,11.1,14.3,15.5,16.1,0.0,0.0,0.0,-0.5858941027345834,0.5858941027345834,10.614561965684835,0.5470955386906873,6.1329896414252705,19
train_positive_vs_difficult_positive,swap_pct_min_60s,engineered,21.984764876941632,12.723640526617059,17.3,12.0,22.37883806946649,1.7456825560871556,2.2,7.4,28.0,43.6,86.2,11.0,11.1,14.2,15.380000000000019,16.1,0.0,0.0,0.0,-0.5834771567956135,0.5834771567956135,10.531782134073433,0.546067096957231,6.129544253752844,20
train_positive_vs_difficult_positive,swap_pct_mean_120s,engineered,22.080463184812878,12.855579910654948,17.4,12.081632653061224,22.406796041480895,1.779265817842545,2.273518518518519,7.4,28.016666666666666,43.6,86.2,11.0,11.12090017825312,14.5,15.472760180995476,16.22562313655337,0.0,0.0,0.0,-0.5804050533841427,0.5804050533841427,10.52399279886475,0.5487623235690475,6.129167376953189,21
train_positive_vs_difficult_positive,swap_pct_min_120s,engineered,21.86712178168665,12.671894676588439,17.2,11.9,22.388832186326976,1.718001520958008,2.2,7.4,27.7,43.6,86.2,11.0,11.0,14.2,15.3,16.1,0.0,0.0,0.0,-0.5791234556614763,0.5791234556614763,10.675927007411355,0.5424143556280587,6.121537811289535,22
train_positive_vs_difficult_positive,context_switches_per_s_min_60s,engineered,29057.929363952582,16265.879381443297,31285.6,11316.85,23573.30552761214,23191.14945828479,78.8,6376.1,46393.7,60614.7,66782.7,5445.6,8486.8,15271.6,20272.9,30584.375,0.08511241932051919,0.05724098454493417,-0.027871434775585017,-0.5470660516801332,0.5470660516801332,4.93076488070041,0.48797588313695517,5.965806815517499,23
train_positive_vs_difficult_positive,swap_used_mb,raw,3969.101744804596,4946.688838008014,3722.95,4655.0,3326.480216804853,691.8359485274528,50.7,284.0,6478.2,9283.539999999999,10094.4,4235.8,4296.35,5612.4,5977.7,6238.3,0.0,0.0,0.0,0.40690242081211786,0.40690242081211786,9.04664449648557,0.5512043119078665,5.958106732719985,24
train_positive_vs_difficult_positive,process_count_max_60s,engineered,317.9169444641464,334.8723526044648,321.0,326.0,71.22396003970223,18.27696010537497,211.0,297.0,367.0,388.0,399.0,316.0,319.0,354.0,359.0,362.0,0.0,0.0,0.0,0.32609871487638825,0.32609871487638825,6.745159053167294,0.4430211449796522,5.7691198598560405,25
train_positive_vs_difficult_positive,process_count_mean_60s,engineered,313.3194079652205,328.45358320662433,316.75,319.0869565217391,69.77155713042231,16.71894810990632,209.16505376344082,292.7964404894327,362.2941176470589,380.6875,394.03333333333336,312.5510344827586,315.44994438264735,346.56349206349205,351.1442970822281,354.5581521739131,0.0,0.0,0.0,0.2983126280610301,0.2983126280610301,6.124833177624786,0.46355502363225654,5.7618676516932865,26
train_positive_vs_difficult_positive,process_count_max_120s,engineered,319.673026455777,336.8523182598741,324.0,326.0,71.82520841125059,18.877459453959386,212.0,299.0,369.0,391.0,402.0,318.0,320.0,357.0,360.0,367.0,0.0,0.0,0.0,0.32714393392171354,0.32714393392171354,6.654920685188663,0.4340024115185474,5.761146345440261,27
train_positive_vs_difficult_positive,process_count_mean_120s,engineered,313.2321599451885,328.07757832078147,316.60833333333335,318.8205128205128,69.74003881221992,16.350148200053958,209.20838537020518,291.5917553191489,362.5311475409836,380.56666666666666,393.0855874316939,312.45142857142855,315.20373573158076,346.15625,350.2165517241379,352.5831932773109,0.0,0.0,0.0,0.29309365497294954,0.29309365497294954,7.01279935580755,0.46520183364403317,5.758295488616983,28
train_positive_vs_difficult_positive,context_switches_per_s_min_30s,engineered,31170.68761225287,18677.256414662083,33349.4,12470.6,25207.993182238675,24914.32740938254,194.3,6808.4,50180.8,64364.4,70114.65999999997,5972.5,9383.3,18541.2,23920.5,36820.649999999994,0.08865877012554083,0.05724098454493417,-0.03141778558060666,-0.4985091121263695,0.4985091121263695,4.795354093672083,0.46423210153563965,5.758095307334092,29
train_positive_vs_difficult_positive,process_count_mean_30s,engineered,313.35189410598986,328.52306209579393,316.6666666666667,319.22222222222223,69.76780654903637,16.974930615013363,209.1628205128205,293.0,362.2809523809524,380.625,394.6312499999999,312.4818181818182,315.20714285714286,346.5916666666667,351.3254545454546,354.875,0.0,0.0,0.0,0.29880674881168146,0.29880674881168146,5.351173857012459,0.4575422233967155,5.756348972208397,30
train_positive_vs_difficult_positive,process_count_max_30s,engineered,316.5245052840627,333.06983400114484,320.0,323.0,70.76390652447445,18.05939482006016,210.0,295.0,366.0,386.0,398.0,315.0,318.0,352.0,358.0,361.0,0.0,0.0,0.0,0.32038873446957544,0.32038873446957544,5.7243836595207505,0.42796413520824794,5.748352869677824,31
train_positive_vs_difficult_positive,process_count,raw,313.3658770125541,328.51917572982256,317.0,320.0,69.76187216974047,17.278762027113093,209.0,292.0,362.0,381.0,395.0,312.0,315.0,346.0,352.0,356.0,0.0,0.0,0.0,0.2981779209923642,0.2981779209923642,5.112392420846352,0.44758247884277963,5.745760399835143,32
train_positive_vs_difficult_positive,process_count_min_30s,engineered,311.0417760124832,325.92959358900976,315.0,317.0,68.95333463486004,16.529752757919365,209.0,291.0,359.0,378.0,391.0,310.0,314.0,344.0,349.0,353.0,0.0,0.0,0.0,0.2969321699071677,0.2969321699071677,5.918856912205328,0.4482628016869668,5.745194971594135,33
train_positive_vs_difficult_positive,process_count_min_60s,engineered,310.021880984467,324.59587864911276,314.0,316.0,68.53092457260902,16.223607350632925,208.0,290.0,358.0,377.0,388.0,309.0,313.0,342.0,346.0,350.0,0.0,0.0,0.0,0.2926619711923086,0.2926619711923086,5.7465731759541505,0.4487493033663781,5.741411274558686,34
train_positive_vs_difficult_positive,process_count_min_120s,engineered,308.78604865593303,322.6645678305667,313.0,315.0,68.22687095410434,15.948360193721427,207.0,285.0,357.0,376.0,385.0,309.0,313.0,341.0,344.0,346.0,0.0,0.0,0.0,0.28012397653741633,0.28012397653741633,5.752877902113088,0.4461215325286033,5.726245509066019,35
train_positive_vs_difficult_positive,cpu_frequency_mhz,raw,1645.6177743102348,1101.0,1101.0,1101.0,894.9755290438873,0.0,1101.0,1101.0,2803.0,3504.0,3504.0,1101.0,1101.0,1101.0,1101.0,1101.0,0.0,0.0,0.0,-0.8605887175058332,0.8605887175058332,4.441835770372171,0.3519398538903469,5.654364341768351,36
train_positive_vs_difficult_positive,context_switches_per_s_min_120s,engineered,26912.271619223397,13242.5587628866,29087.3,9383.3,22030.372350845904,19628.258866569995,44.6,5939.0,43267.4,57740.0,62928.7,4838.9,6570.7,12357.0,18541.2,19784.1,0.08511241932051919,0.05724098454493417,-0.027871434775585017,-0.6551844761193476,0.6551844761193476,4.407214776538906,0.5087719084260459,5.571171161084299,37
train_positive_vs_difficult_positive,ram_used_mb,raw,12541.30806794808,14744.948425872924,14673.5,14505.2,3908.7667681835387,887.7632916400005,5845.4400000000005,8533.65,15599.8,16143.33,16316.145,13962.76,14118.45,15543.5,15894.5,16187.43,0.0,0.0,0.0,0.7774885057884455,0.7774885057884455,3.866915226181912,0.347332135301464,4.991735867271822,38
train_positive_vs_difficult_positive,ram_pct_min_120s,engineered,76.78079296404,83.79524899828276,84.5,82.3,17.97969939382207,5.588299354154297,46.6,66.0,89.7,93.4,94.2,80.3,81.3,88.1,92.0,92.0,0.0,0.0,0.0,0.5268678327939771,0.5268678327939771,4.050518619383681,0.311433666411527,4.888820118589185,39
train_positive_vs_difficult_positive,ram_pct_max_120s,engineered,80.0801546208951,88.7468803663423,87.7,87.7,18.251350178245183,4.482397192597818,50.2,72.5,93.6,96.5,97.4,83.6,84.4,92.7,95.2,96.40999999999994,0.0,0.0,0.0,0.6521649421058091,0.6521649421058091,3.8277251803754444,0.3469959526129582,4.826886075094212,40
train_positive_vs_difficult_positive,ram_pct_max_60s,engineered,79.61467125328038,88.16914710933028,87.1,87.2,18.171527699333225,4.51658056683592,49.7,72.2,92.8,96.0,96.9,83.3,84.0,92.2,94.2,96.2,0.0,0.0,0.0,0.6461004144635537,0.6461004144635537,3.7844192966111345,0.35053231598468804,4.781052027059376,41
train_positive_vs_difficult_positive,context_switches_per_s_mean_120s,engineered,39247.07862787676,25454.736527685516,49263.60333333333,20755.935117056855,29168.463759235638,22948.06766601176,1011.072,9463.026150121066,60257.059375,74248.71590909091,78353.96445480225,11885.75580601093,17410.866549744896,25993.367647058825,30850.3967364532,38879.31905487805,0.08511241932051919,0.05724098454493417,-0.027871434775585017,-0.5255583202890488,0.5255583202890488,3.7602646474613475,0.49218991846690563,4.778012886217303,42
train_positive_vs_difficult_positive,network_latency_ms_min_120s,engineered,39.66076408917011,39.27936160458453,38.497,38.81,28.986792973985235,3.6336731976864103,28.601100000000002,33.147,40.085,53.893,56.773,37.608,38.066,39.398,40.801,43.551,3.595999716291936,0.11448196908986834,-3.4815177472020675,-0.01846343882213781,0.01846343882213781,4.037800105248016,0.32125593008528525,4.377519474155439,43
train_positive_vs_difficult_positive,context_switches_per_s_mean_60s,engineered,39575.924341221034,26917.777056051633,49165.604942528735,20969.795559210528,30008.607205564625,25625.22620311227,1092.15,9451.625681818181,60265.00392857143,74772.84583333333,80213.78135416665,13189.64867816092,16783.324776785717,26462.754875000002,35404.24256410256,51486.269565217386,0.08511241932051919,0.05724098454493417,-0.027871434775585017,-0.45364623025885037,0.45364623025885037,3.2121573193611446,0.4708050145914551,4.13660856421145,44
train_positive_vs_difficult_positive,ram_pct_mean_120s,engineered,78.39267386574898,86.0528833426485,86.07583333333332,84.16458333333334,18.075727866018134,4.518484409988932,48.47549955396968,69.70959677419356,91.51066729323308,94.62404545454545,95.36578125,81.93318181818182,82.70268707482992,90.09183773216031,92.67176043557168,93.23519871420221,0.0,0.0,0.0,0.5814306345765362,0.5814306345765362,3.1153740217175248,0.32527586326034563,4.0220805195544065,45
train_positive_vs_difficult_positive,ram_pct_max_30s,engineered,79.26127739555997,87.57939324556384,86.8,86.4,18.10562652048827,4.774983621883494,49.370000000000026,72.0,92.3,95.5,96.5,82.7,83.5,91.7,94.2,95.8,0.0,0.0,0.0,0.6282394787648675,0.6282394787648675,2.9163203703316194,0.33411973544019996,3.878679584536687,46
train_positive_vs_difficult_positive,ram_pct_mean_60s,engineered,78.48535871354618,86.34853618279513,86.06875000000001,84.89565217391305,18.033837831174598,4.753811707887845,48.6815,71.16785714285714,91.52666666666669,94.66315789473684,95.53869230769229,81.9,82.74000000000001,90.71698564593301,92.94754563894523,94.26603260869564,0.0,0.0,0.0,0.5962618570151869,0.5962618570151869,2.955483397244263,0.32307213204458635,3.874817386304036,47
train_positive_vs_difficult_positive,cpu_pct_mean_120s,engineered,69.10213692782361,61.141784362204916,75.82,63.52203389830508,26.886159572576883,12.829996331608017,23.79482660781841,53.65651785714286,89.74838709677421,99.86576923076922,100.0,43.423123732251526,50.03945981554678,68.67181818181817,78.46839160839163,82.75238095238095,0.0,0.0,0.0,-0.3778934706669197,0.3778934706669197,2.9928595895913195,0.4231270304482331,3.7938800907064723,48
train_positive_vs_difficult_positive,ram_pct_min_60s,engineered,77.40390453223633,84.8016599885518,85.0,83.3,17.93567603031348,5.419769145129929,47.6,67.55,90.5,93.7,94.6,80.7,81.8,89.35,92.1,92.5,0.0,0.0,0.0,0.5583709651276703,0.5583709651276703,2.907591616298773,0.31832603066556137,3.7842886120920047,49
train_positive_vs_difficult_positive,cpu_pct_min_60s,engineered,56.706472090219165,46.38340011448197,58.5,45.5,28.199061330652572,13.642345272642237,16.2,36.5,74.9,99.9,100.0,28.7,36.2,57.6,61.4,64.3,0.0,0.0,0.0,-0.46603969695998343,0.46603969695998343,2.9600192055444348,0.34811300236738696,3.774171904871805,50
train_positive_vs_difficult_positive,ram_pct_mean_30s,engineered,78.53347965512111,86.44387237404838,86.06125,85.04444444444444,18.006863621918928,4.96238970829835,48.78423076923077,71.18209134615385,91.52451923076924,94.7,95.61347619047618,81.95678571428572,82.82083333333334,90.96333333333331,93.10249999999999,94.75791666666667,0.0,0.0,0.0,0.5989350180517182,0.5989350180517182,2.84440461987929,0.32632377236885635,3.7696634102998647,51
train_positive_vs_difficult_positive,ram_pct_min_30s,engineered,77.83264061280941,85.4206639954207,85.3,84.0,17.929817188663936,5.330982301278415,48.3,70.7,90.8,94.1,94.9,81.0,82.1,90.1,92.4,93.6,0.0,0.0,0.0,0.5736844841137373,0.5736844841137373,2.850406239699686,0.31704934437575355,3.7411400681891767,52
train_positive_vs_difficult_positive,ram_available_mb,raw,3647.404145684091,2302.72266742988,2374.1499999999996,2542.5,3052.2947316753675,887.7632781239155,904.27,1447.825,4902.875,8723.2,9644.604999999998,1153.1999999999998,1504.2,2929.25,3084.88,3217.91,0.0,0.0,0.0,-0.5982383946557838,0.5982383946557838,2.811654284516777,0.32138435731658455,3.7312770364891454,53
train_positive_vs_difficult_positive,ram_pct,raw,78.56399390027661,86.49290211791642,86.1,85.1,17.98705911479331,5.20689647458612,48.7,71.2,91.5,94.7,95.7,81.9,82.8,91.2,93.2,95.0,0.0,0.0,0.0,0.5988166988647459,0.5988166988647459,2.7918689201040063,0.3179443970357136,3.7086300160044656,54
train_positive_vs_difficult_positive,cpu_pct_min_120s,engineered,52.854766295481944,43.002919290211786,54.7,41.3,27.77500515933121,12.505970970501135,12.6,30.3,68.5,99.3,100.0,24.8,34.4,52.9,59.7,60.8,0.0,0.0,0.0,-0.4573974286136212,0.4573974286136212,2.7948446668924594,0.3253882624842003,3.577630357990281,55
train_positive_vs_difficult_positive,context_switches_per_s_mean_30s,engineered,39796.0905310948,27731.808072033684,47124.81875,20923.612662337662,30881.150978280566,27200.465770561514,1107.200000000001,9493.923076923076,60940.25,75179.536,81946.77649999992,12961.657142857142,16104.410000000002,26435.632142857143,38305.306249999994,75235.8925,0.08865877012554083,0.05724098454493417,-0.03141778558060666,-0.41459351645474773,0.41459351645474773,2.7042891110822884,0.445754160322397,3.5646367878594334,56
train_positive_vs_difficult_positive,cpu_pct_mean_60s,engineered,69.56981373567588,61.69592437412228,76.21380952380952,62.964516129032255,27.111382226052346,13.718885869314475,23.490225806451615,53.70340909090909,90.92920168067226,99.99677419354838,100.0,43.89065454545455,50.58760869565218,70.78968253968254,79.77235294117648,85.027,0.0,0.0,0.0,-0.3664782500579678,0.3664782500579678,2.7256916436930334,0.3841935998172705,3.4763634935682717,57
train_positive_vs_difficult_positive,context_switches_per_s_max_120s,engineered,58792.0956520196,52485.015922107676,68709.1,41780.65,55223.932727311156,38103.027188506516,5666.0,19082.1,80320.4,95132.0,117309.7,23371.0,32080.9,53229.4,140572.6,154175.3,0.08511241932051919,0.05724098454493417,-0.027871434775585017,-0.1329424143277151,0.1329424143277151,2.7692537739265592,0.40288162637824787,3.305077814632522,58
train_positive_vs_difficult_positive,context_switches_per_s_max_60s,engineered,54312.62977922908,45878.55710194731,65718.6,33921.8,47960.75628769922,36134.73578654608,4323.3,16512.6,76403.4,90333.5,110503.6,20660.4,27995.800000000003,46659.7,74263.7,153416.7,0.08511241932051919,0.05724098454493417,-0.027871434775585017,-0.19862883229738723,0.19862883229738723,2.6926581245548897,0.41074179755635715,3.302028754408634,59
train_positive_vs_difficult_positive,network_latency_ms_min_60s,engineered,41.18106615776081,40.230888825214905,39.047,39.337,35.402860423898375,3.98912043218746,29.559,35.498,41.065,54.2194,57.467,37.733,38.5,40.997,43.551,44.423,3.8336052202283852,0.11448196908986834,-3.719123251138517,-0.03771739555641584,0.03771739555641584,2.897591818141911,0.3018264586875107,3.2371356723858375,60
train_positive_vs_difficult_positive,context_switches_per_s_max_30s,engineered,50404.94808859546,40992.01941580756,59779.5,30059.2,43077.512177919154,34545.227011871015,3138.160000000007,14626.7,73445.3,87094.5,102851.93999999999,18906.6,23732.3,41197.4,68452.04999999999,146829.375,0.08865877012554083,0.05724098454493417,-0.03141778558060666,-0.24107815847713782,0.24107815847713782,2.5279072241611944,0.40076165390982066,3.169747036548153,61
train_positive_vs_difficult_positive,cpu_pct_min_30s,engineered,59.900251790907156,49.786147681740125,62.6,49.6,28.383555864419282,14.91881974466562,18.0,41.5,81.6,100.0,100.0,31.6,37.9,59.7,66.3,74.1,0.0,0.0,0.0,-0.4460711762490949,0.4460711762490949,2.356361439748595,0.3509935851852748,3.1534262011829646,62
train_positive_vs_difficult_positive,context_switches_per_s,raw,42684.4162660683,28293.558419243986,46098.15,20296.55,33096.75798427085,29975.990110991665,4912.92,12188.1,64552.475,76887.15000000001,87105.48499999996,10483.2,14568.975,28202.6,41152.899999999994,129293.90000000001,6.7522519327611885,0.05724098454493417,-6.695010948216254,-0.4557681411733037,0.4557681411733037,2.184104560700959,0.4520098357362004,3.0918825376104633,63
train_positive_vs_difficult_positive,net_recv_mb_s_max_60s,engineered,0.4060478867241563,1.1859135738831614,0.1915,0.1153,0.9709594578401877,11.74176534799883,0.0056,0.022,0.4226,0.8139,1.6170999999999927,0.0126,0.033,0.4501,2.8749,3.2715,0.06738066529541102,0.05724098454493417,-0.010139680750476858,0.09360985936178876,0.09360985936178876,2.8028215980373785,0.16590515054165877,3.062336607940826,64
train_positive_vs_difficult_positive,cpu_pct_mean_30s,engineered,69.8590827346554,61.98041952101196,76.975,62.900000000000006,27.33343714445046,14.466163106067336,23.511057692307695,53.945757575757575,91.97458333333333,100.0,100.0,42.66108333333334,50.63166666666666,71.99375,81.12533333333333,87.142,0.0,0.0,0.0,-0.3602888142197409,0.3602888142197409,2.3364992596400933,0.3610113867701342,3.0577994606299685,65
train_positive_vs_difficult_positive,disk_write_mb_s_min_60s,engineered,0.4479287128712871,0.6541086483390607,0.1654,0.2007,0.9117526422454607,1.057825668170493,0.0123,0.0246,0.4359,0.9899,2.0854,0.0676,0.0881,0.6093,2.2323000000000004,3.191,0.06738066529541102,0.05724098454493417,-0.010139680750476858,0.20879111816721868,0.20879111816721868,2.5030422948850823,0.25347767566913,2.9653110887214313,66
train_positive_vs_difficult_positive,network_latency_ms_min_30s,engineered,42.69616803430176,41.90637822349571,39.937,40.764,34.083972867977366,7.485375846341545,30.796,37.088,42.692,54.774,59.84699999999974,38.24,39.114,42.998,46.173,48.42359999999999,4.057025320944748,0.11448196908986834,-3.9425433518548796,-0.03200720869306673,0.03200720869306673,2.6273909293979036,0.2622699628864949,2.9216681009774654,67
train_positive_vs_difficult_positive,cpu_pct_std_120s,engineered,8.174149190021598,10.764361409685572,7.902821096342101,9.939628746000256,6.076817909810142,4.2992290013258945,0.2687539073255723,4.1474931594152995,10.562034872370228,13.965988960691904,18.16149269406838,6.464130823331357,7.746425510279405,12.8571486937774,16.57132641595614,19.097179995663687,0.23051280232640614,0.28620492272467085,0.05569212039826473,0.4920984703532523,0.4920984703532523,1.6807479064409578,0.2776055780311685,2.450451954825379,68
train_positive_vs_difficult_positive,net_recv_mb_s_max_120s,engineered,0.5204817026863977,1.356594158075601,0.2869,0.1183,1.226312287804386,11.745759814267632,0.0088,0.0459,0.4508,1.1343,1.8665,0.0328,0.06,0.9362,3.2359,3.5243,0.06738066529541102,0.05724098454493417,-0.010139680750476858,0.10012543234484561,0.10012543234484561,2.1507030190208005,0.1753005363722272,2.426128987737873,69
train_positive_vs_difficult_positive,disk_write_mb_s_min_120s,engineered,0.3232146208169204,0.40886632302405496,0.1415,0.1481,0.6016137152028,0.6720348137641804,0.0123,0.0184,0.3179,0.7485,1.1851,0.0481,0.0758,0.2745,1.33355,2.2703,0.06738066529541102,0.05724098454493417,-0.010139680750476858,0.1342930608384635,0.1342930608384635,1.9494101325877586,0.2732086810277303,2.356911874453952,70
train_positive_vs_difficult_positive,net_recv_mb_s_min_120s,engineered,0.05173035239007771,0.028259621993127145,0.0002,0.0003,0.14866273170234537,0.13549992237883676,0.0,0.0001,0.0294,0.19,0.2542,0.0001,0.0002,0.0004,0.0007,0.045,0.06738066529541102,0.05724098454493417,-0.010139680750476858,-0.16501528454723352,0.16501528454723352,1.7870968991592842,0.30888561087568683,2.2609977945822046,71
train_positive_vs_difficult_positive,cpu_pct_std_60s,engineered,7.314760667278121,9.689901066452329,7.1370762321036665,8.917278889257577,5.619111000262302,4.121764248617608,0.0182574185835047,3.4963708606785864,9.95643903014138,13.009517948710233,15.51223648518316,4.685388739609336,6.909257837198076,12.023974840468407,15.042555573099246,17.403847697324817,0.23051280232640614,0.28620492272467085,0.05569212039826473,0.48200325426354956,0.48200325426354956,1.4969311822230795,0.25201769371441046,2.2309521302010396,72
train_positive_vs_difficult_positive,cpu_pct_std_30s,engineered,6.559974453411996,8.684619854659186,6.187025595088891,8.197237141864317,5.249634310376016,4.111989600920199,5.612370072431872e-07,2.8417801262084974,9.376966460428356,12.512981303213726,14.537006208177694,4.018126442435104,5.516178290051995,10.997900152679483,14.306281896860055,16.564928000989752,0.23051280232640614,0.28620492272467085,0.05569212039826473,0.450590426014363,0.450590426014363,1.4449063677921399,0.23868492791110357,2.1341817217176065,73
train_positive_vs_difficult_positive,disk_latency_ms_max_120s,engineered,0.6665082863125024,0.02548052691867125,0.014,0.01,6.583736193814488,0.03764483273266131,0.003,0.005,0.083,0.667,1.131,0.003,0.005,0.018,0.107,0.117,0.06738066529541102,0.05724098454493417,-0.010139680750476858,-0.13769314346247782,0.13769314346247782,1.6733097078500823,0.21345006133470013,2.02445291264726,74
train_positive_vs_difficult_positive,cpu_pct,raw,69.9690687282786,62.0447052089296,77.3,61.8,28.365425659278092,16.94569418092102,22.4,53.0,95.7,100.0,100.0,39.8,49.3,72.55,86.3,93.46999999999998,0.0,0.0,0.0,-0.33916966857393827,0.33916966857393827,1.3612046485697586,0.320768851290488,2.0211431684341847,75
train_positive_vs_difficult_positive,net_recv_mb_s_min_60s,engineered,0.07133863515383797,0.061074570446735386,0.0004,0.0003,0.20192504814778073,0.2325104797477068,0.0,0.0001,0.06945,0.2491,0.3203,0.0002,0.0002,0.0006,0.008,0.528,0.06738066529541102,0.05724098454493417,-0.010139680750476858,-0.047135747886929535,0.047135747886929535,1.6535133705963374,0.29719342070555577,1.9978425391888228,76
train_positive_vs_difficult_positive,net_recv_mb_s_max_30s,engineered,0.32679709003158386,1.0531255441008018,0.1138,0.05165,0.7841770386016277,11.739226636892774,0.0036,0.0081,0.4003,0.5484,1.1908399999999966,0.00575,0.0125,0.2499,2.6518499999999996,3.0141,0.06738066529541102,0.05724098454493417,-0.010139680750476858,0.08730553323444196,0.08730553323444196,1.6771999598805316,0.18276807727330757,1.947273570388281,77
train_positive_vs_difficult_positive,disk_write_mb_s_min_30s,engineered,0.6361246282692786,0.9302745131729668,0.1951,0.2494,1.424387059536627,1.4247817052153071,0.015260000000000128,0.0348,0.6206,1.4492,2.8666,0.0778,0.1204,0.9894,3.3689,4.165375,0.06738066529541102,0.05724098454493417,-0.010139680750476858,0.2064811924944421,0.2064811924944421,1.4770877613838633,0.24172329105208495,1.9252922449303904,78
train_positive_vs_difficult_positive,net_sent_mb_s_min_120s,engineered,0.0027686468646864683,0.0007927835051546391,0.0002,0.0002,0.0068751973097205404,0.0022773091586576447,0.0,0.0001,0.0031,0.0094,0.0116,0.0001,0.0001,0.0003,0.0007,0.0071,0.06738066529541102,0.05724098454493417,-0.010139680750476858,-0.38581635437800976,0.38581635437800976,1.2377863333821784,0.2723388733951546,1.8959415611553427,79
train_positive_vs_difficult_positive,net_recv_mb_s_min_30s,engineered,0.09142301359168176,0.10278745704467354,0.0006,0.0004,0.2621717937851348,0.3448931358893046,0.0,0.0001,0.1232,0.3019,0.3498,0.0002,0.0002,0.0009,0.12935,0.9782,0.06738066529541102,0.05724098454493417,-0.010139680750476858,0.037097787730975856,0.037097787730975856,1.572066150161465,0.25620490216630576,1.8653688400587467,80
train_positive_vs_difficult_positive,network_latency_ms_mean_120s,engineered,71.71563995268488,67.1725761465128,57.52827925170068,60.22933962264151,48.05453684197142,23.689021336951235,47.37305149425288,51.47507181818182,72.90820547374271,107.37501008403365,145.7427873693379,54.4594869047619,57.353100000000005,66.0759090909091,77.1237627906977,115.54034509803917,3.595999716291936,0.11448196908986834,-3.4815177472020675,-0.11992010496553576,0.11992010496553576,1.3654166753806585,0.2920658494546767,1.777402629800871,81
train_positive_vs_difficult_positive,cpu_pct_max_30s,engineered,80.01608270090077,76.45970234688036,91.2,76.3,25.41633842871822,14.575918940834267,35.3,70.1,99.6,100.0,100.0,57.4,65.3,88.0,96.8,99.9,0.0,0.0,0.0,-0.17165888476639513,0.17165888476639513,1.2689053773402525,0.3220597473431092,1.762624009449757,82
train_positive_vs_difficult_positive,disk_latency_ms_max_60s,engineered,0.5471114659853082,0.015683848797250863,0.008,0.006,5.893823203734328,0.028781097391680333,0.002,0.003,0.038,0.5,0.9272999999999811,0.001,0.003,0.013,0.045,0.107,0.06738066529541102,0.05724098454493417,-0.010139680750476858,-0.12751369645304345,0.12751369645304345,1.3319668039803447,0.21292598165702836,1.6724064820904165,83
train_positive_vs_difficult_positive,net_sent_mb_s_min_60s,engineered,0.0035943823414599525,0.0013876861397479952,0.0003,0.0002,0.009458314317483948,0.003531659938459468,0.0,0.0001,0.005,0.0114,0.0144,0.0001,0.0001,0.0005,0.0027,0.0106,0.06738066529541102,0.05724098454493417,-0.010139680750476858,-0.30910182271093095,0.30910182271093095,1.0943863994893293,0.25477186893947124,1.6582600911397316,84
train_positive_vs_difficult_positive,disk_latency_ms_std_120s,engineered,0.15305198857416222,0.004203977969728747,0.002798343970305,0.0020947737700923,1.7715872347759256,0.005176814215662699,0.000723973708778,0.0011721118350422,0.0133343561070771,0.11889366265345812,0.20504947174518742,0.0007485952776121,0.0010904597948125,0.0038350491964486,0.0137257486084871,0.0177146351709599,0.2978934676218172,0.34344590726960506,0.045552439647787886,-0.11882111841574576,0.11882111841574576,1.32784836965667,0.1982286405349648,1.6448981286073807,85
train_positive_vs_difficult_positive,disk_read_mb_s_std_60s,engineered,5.787542769453164,7.434311750078317,1.8477432068098327,3.685583249609615,10.2973260017584,9.032233254334573,0.043088687285338996,0.4226542554030987,7.154864672555469,16.3108055373749,25.302973134818167,0.3975647688597609,1.004161739787795,11.422428322579933,21.97327049034031,27.073980069330403,0.2978934676218172,0.34344590726960506,0.045552439647787886,0.17002491006800485,0.17002491006800485,1.3051566597786517,0.16099392573201493,1.6361754955786716,86
train_positive_vs_difficult_positive,context_switches_per_s_std_120s,engineered,8029.452167765111,9729.9248363816,6230.3017569940475,7250.501705795078,12563.789891276507,9209.592389914067,851.9711739266282,2680.026625663293,9369.68104699919,12830.365507079328,19587.36366888496,3730.7546847962662,5109.432134093245,9669.605071538635,14943.170815216614,34874.87731112568,0.35108872969714167,0.34344590726960506,-0.007642822427536599,0.15437633186698407,0.15437633186698407,1.2221099185296789,0.258839678588622,1.6353259289852848,87
train_positive_vs_difficult_positive,disk_latency_ms_std_60s,engineered,0.139956343200429,0.0035116771674060733,0.0020646619435206,0.001539600717839,1.6499449192313207,0.005567287899192504,0.000512347538299,0.0008850612031567,0.0083681324694128,0.10728434171790248,0.1877592679844471,0.0005016313257048,0.0007998161553465,0.0031809529293061,0.0096573713884466,0.019048607885239,0.2978934676218172,0.34344590726960506,0.045552439647787886,-0.11694984269051233,0.11694984269051233,1.2524212752265702,0.19529572242527626,1.5646668403423587,88
train_positive_vs_difficult_positive,context_switches_per_s_std_60s,engineered,7310.320229433427,8612.322354458975,5596.947903009825,6607.126168098824,12244.659498974856,8942.476061287623,751.4670943268824,2314.8876036519805,9109.357966688462,11556.182085591472,15179.486347496955,3051.5987117434515,4314.3680158912375,8704.157914694184,14708.464314752397,20268.60797037297,0.3546350805021633,0.34344590726960506,-0.011189173232558237,0.12143884184583019,0.12143884184583019,1.1912340321330115,0.2321457037073288,1.5448185776861703,89
train_positive_vs_difficult_positive,disk_latency_ms_max_30s,engineered,0.45109102523155536,0.009681557846506303,0.004,0.003,5.299175125143418,0.02166812648886238,0.0,0.001,0.019,0.4,0.667,0.0,0.001,0.008,0.017,0.049,0.06738066529541102,0.05724098454493417,-0.010139680750476858,-0.11779985036795569,0.11779985036795569,1.2468654716494445,0.1689905438831213,1.5336558659005215,90
train_positive_vs_difficult_positive,cpu_pct_max_60s,engineered,82.39584367685652,81.28265598168288,93.8,82.5,24.22948640062428,13.553432598783317,38.1,75.4,99.9,100.0,100.0,62.32000000000001,72.8,92.6,99.5,100.0,0.0,0.0,0.0,-0.0567051902398836,0.0567051902398836,1.1706490468466184,0.3013562650214954,1.5287105021079974,91
train_positive_vs_difficult_positive,disk_latency_ms_mean_120s,engineered,0.18072736765243524,0.0014450515794568496,0.0011612903225806,0.00087026647966335,2.4683983010791097,0.0015301555685875677,0.0003333333333333,0.0005573770491803,0.0031759545923632,0.21162524590163934,0.2818381733021077,0.00034355971896950005,0.0004655172413793,0.001753073770491775,0.0036333333333333,0.0053793103448275,0.06738066529541102,0.05724098454493417,-0.010139680750476858,-0.10271577081307681,0.10271577081307681,1.2260914880081042,0.1654628382691945,1.4942700970903755,92
train_positive_vs_difficult_positive,disk_latency_ms_std_30s,engineered,0.12428639840239837,0.0029015547670879593,0.0013562026818813,0.0011094003924504,1.5149455722696634,0.0057760392014658294,0.0,0.0005345224838248,0.0056803755744375,0.09457481461411985,0.1723218610532612,0.0,0.0005175491695067,0.0025877458475338,0.0053758720222862,0.0130197984437222,0.2978934676218172,0.34344590726960506,0.045552439647787886,-0.11331287907342433,0.11331287907342433,1.202135006731107,0.15809815023652163,1.473546036041053,93
train_positive_vs_difficult_positive,net_sent_mb_s_min_30s,engineered,0.004588104616913305,0.0022610538373424973,0.0005,0.0003,0.011915098954800571,0.0051786287561703575,0.0,0.0001,0.0069,0.0135,0.0159,0.0001,0.0002,0.0008,0.008400000000000001,0.0152,0.06738066529541102,0.05724098454493417,-0.010139680750476858,-0.25330884752331706,0.25330884752331706,0.986265725811772,0.2299301263681407,1.4695046997032297,94
train_positive_vs_difficult_positive,disk_latency_ms_mean_60s,engineered,0.18808719404834764,0.0014412715323274736,0.0009999999999999,0.0007,2.6294574277877376,0.002109180670224136,0.0002499999999999,0.0004666666666666,0.0029354838709677,0.21,0.2735299999999996,0.0001818181818181,0.0003999999999999,0.001483273596176775,0.00333806818181815,0.005185483870967675,0.06738066529541102,0.05724098454493417,-0.010139680750476858,-0.10038462964890116,0.10038462964890116,1.2107824934675453,0.14233107713830906,1.4534982002547556,95
train_positive_vs_difficult_positive,network_latency_ms_mean_60s,engineered,71.72807003799903,66.89253494621107,56.8391875,59.55820689655173,52.73337301008241,28.070955198121517,46.469593548387095,50.39322727272727,72.4029,109.3810124069479,148.93624476190476,52.45078181818182,55.70171428571428,66.20071428571428,79.1807665158371,114.87786147368408,3.8336052202283852,0.11448196908986834,-3.719123251138517,-0.11447198496730397,0.11447198496730397,1.0701202934436984,0.24584582166654884,1.4304381000775512,96
train_positive_vs_difficult_positive,disk_latency_ms_min_120s,engineered,0.008993328365094574,5.72737686139748e-06,0.0,0.0,0.09533250490301226,0.0001725300127229827,0.0,0.0,0.0,0.031,0.055,0.0,0.0,0.0,0.0,0.0,0.06738066529541102,0.05724098454493417,-0.010139680750476858,-0.1333266802205102,0.1333266802205102,1.1849208513395604,0.11080745587029606,1.4290549874303666,97
train_positive_vs_difficult_positive,disk_latency_ms_mean_30s,engineered,0.18775685110573623,0.001431794912958965,0.0007857142857142,0.0006153846153846,2.6906146079182056,0.002692125166147477,0.0,0.0003333333333333,0.002625,0.20053916666666655,0.2655062499999999,0.0,0.00025,0.0013333333333333,0.00324999999999995,0.005845238095238025,0.06738066529541102,0.05724098454493417,-0.010139680750476858,-0.09793423733101816,0.09793423733101816,1.1784005228157652,0.1401511617739759,1.4164859219207593,98
train_positive_vs_difficult_positive,cpu_pct_max_120s,engineered,84.68767288460174,86.38402976531196,96.1,88.0,22.963050261440756,11.386249630976273,41.8,81.8,100.0,100.0,100.0,68.8,79.4,96.0,100.0,100.0,0.0,0.0,0.0,0.09359800818094202,0.09359800818094202,1.001561967093687,0.2853987013819562,1.3805586766565852,99
train_positive_vs_difficult_positive,disk_latency_ms_min_60s,engineered,0.016132793924553746,6.872852233676976e-06,0.0,0.0,0.24908302817595,0.0001757791101696445,0.0,0.0,0.0,0.04,0.064,0.0,0.0,0.0,0.0,0.0,0.06738066529541102,0.05724098454493417,-0.010139680750476858,-0.09155778607017742,0.09155778607017742,1.168640025047918,0.11782408703125047,1.378021898149346,100
train_positive_vs_difficult_positive,disk_latency_ms_min_30s,engineered,0.03130544022144149,3.321878579610538e-05,0.0,0.0,0.5582341081229156,0.0002666499271028758,0.0,0.0,0.0,0.047,0.074,0.0,0.0,0.0,0.0,0.0,0.06738066529541102,0.05724098454493417,-0.010139680750476858,-0.07922409969386296,0.07922409969386296,1.1623140009553823,0.1173568969800205,1.3588949976292657,101
train_positive_vs_difficult_positive,net_sent_mb_s_mean_120s,engineered,0.01684353187887712,0.0269351105943235,0.0077516129032258,0.0055551724137931,0.049065980362912924,0.32039090938793774,0.0006466666666666,0.002903125,0.01639336622807015,0.020693903034530843,0.036532605042016664,0.00196695355191255,0.002700416666666575,0.011288716356107575,0.0337566666666666,0.05636149155722325,0.06738066529541102,0.05724098454493417,-0.010139680750476858,0.04403114184851105,0.04403114184851105,1.1565174308823314,0.14227583383546205,1.3428244065663044,102
train_positive_vs_difficult_positive,context_switches_per_s_std_30s,engineered,6432.454823733184,7572.766475966089,4796.144780341991,5448.037300570246,11512.96611320327,8801.458594328045,594.5817789281095,1972.3064310102602,8181.13034580659,11024.567030772689,13754.500187239924,2549.2034237232538,3501.992811011994,8132.317373843008,12542.975963105491,17744.078028936867,0.4503865522377474,0.34344590726960506,-0.10694064496814233,0.1112792967558238,0.1112792967558238,0.9535040610442294,0.22362068236301846,1.2884040401630716,103
train_positive_vs_difficult_positive,net_recv_mb_s_std_120s,engineered,0.11902594743783339,0.5198154049596425,0.04162868859275595,0.0219329485197203,0.36673608947087305,6.6480679416737365,0.0019922443375609104,0.00917728436769055,0.09333165060285482,0.227014342205329,0.44740195500700997,0.0061096204563958,0.0126726026251069,0.2683928472295332,0.7764904437324672,1.0581172003059651,0.2978934676218172,0.34344590726960506,0.045552439647787886,0.08512870762254787,0.08512870762254787,1.014154036595608,0.17373915432600928,1.2730218985441653,104
train_positive_vs_difficult_positive,net_recv_mb_s_mean_120s,engineered,0.1731901578821416,0.42277452934296406,0.0393451612903225,0.009503333333333301,0.3444548270991555,4.016461496816162,0.0018244340359094202,0.0050858333333333,0.3006319396551723,0.36729106131078226,0.5295300437158467,0.0036965909090909002,0.005032484326018725,0.10028465909090903,1.2313349999999998,1.7318553846153846,0.06738066529541102,0.05724098454493417,-0.010139680750476858,0.08755834079351678,0.08755834079351678,0.957163326918036,0.1828489300542958,1.2275705977658484,105
train_positive_vs_difficult_positive,net_recv_mb_s_mean_60s,engineered,0.17571395843725113,0.4252744568076652,0.0278058823529411,0.008700673400673351,0.39659087234359347,4.021685289060049,0.0014483870967741,0.0035457949308755,0.29223875,0.37143119363395216,0.5052209999999997,0.00255444078947365,0.004784374999999975,0.08445333333333327,1.1415259197324414,1.866745,0.06738066529541102,0.05724098454493417,-0.010139680750476858,0.08733358798320077,0.08733358798320077,0.9384040242237773,0.19304259990348882,1.218780212110467,106
train_positive_vs_difficult_positive,net_recv_mb_s,raw,0.17636579722488377,0.3856240549828179,0.0067,0.0035,0.488708657927053,5.897234492151471,0.0002,0.001,0.28045,0.3869,0.4650199999999997,0.0004,0.0008,0.02375,1.0641500000000002,2.040225,0.06738066529541102,0.05724098454493417,-0.010139680750476858,0.050010710994214794,0.050010710994214794,0.9362943833902125,0.17838977113541088,1.1646948655198384,107
train_positive_vs_difficult_positive,battery_pct,raw,45.764557770054616,39.06811677160847,42.0,34.0,22.005741237471504,23.09337703890041,19.0,30.0,59.0,83.0,88.0,16.0,19.0,57.0,64.0,90.0,0.0,0.0,0.0,-0.296879174103541,0.296879174103541,0.6545346458507553,0.20953273712145853,1.160946557075755,108
train_positive_vs_difficult_positive,context_switches_per_s_missing_pct_30s,engineered,6.851861703887608,0.18612262888164433,0.0,0.0,18.637772716284488,2.9986097826159175,0.0,0.0,0.0,43.75,56.25,0.0,0.0,0.0,0.0,0.0,0.0,0.0,0.0,-0.49936708061477475,0.49936708061477475,0.508528146984114,0.12083966056855366,1.1287348881674424,109
train_positive_vs_difficult_positive,context_switches_per_s_missing_pct_120s,engineered,6.859946203681393,0.25976210364610464,0.0,0.0,18.176596968786107,3.0404856062122225,0.0,0.0,0.0,49.18032786885246,54.09836065573771,0.0,0.0,0.0,0.0,0.0,0.0,0.0,0.0,-0.5064842673422509,0.5064842673422509,0.4673490587271181,0.1210030119419252,1.0948363380112942,110
train_positive_vs_difficult_positive,net_sent_mb_s_mean_60s,engineered,0.016936287383961232,0.027522473406368164,0.0071133333333333,0.00505931034482755,0.05330426870669434,0.32076560612939264,0.0005291397849461801,0.0025032258064516,0.01617071428571425,0.021172142857142803,0.03611299999999996,0.00190263157894735,0.002409030100334425,0.012606521739130424,0.03558892045454545,0.05469437499999992,0.06738066529541102,0.05724098454493417,-0.010139680750476858,0.04604171174133097,0.04604171174133097,0.904652290880271,0.1440434366017247,1.0947374392233267,111
train_positive_vs_difficult_positive,context_switches_per_s_missing_pct_60s,engineered,6.878140299570281,0.22275081587018214,0.0,0.0,18.429777432955433,3.027088643980847,0.0,0.0,0.0,48.38709677419355,54.83870967741935,0.0,0.0,0.0,0.0,0.0,0.0,0.0,0.0,-0.5039504169083652,0.5039504169083652,0.45302228714264653,0.12084465428519953,1.0778173583362112,112
train_positive_vs_difficult_positive,ram_pct_std_60s,engineered,0.6881404811770041,1.0783120406332527,0.4787977775902716,0.6712690528397979,0.7593929686561672,1.410787752528466,0.1274281148161732,0.2457019701296399,0.8378544026219081,1.408270078746655,2.106982333342902,0.2987425741434122,0.42559997252676085,1.0900747177172518,1.8096351506099364,4.1007268905720595,0.23051280232640614,0.28620492272467085,0.05569212039826473,0.3443956782483618,0.3443956782483618,0.47777951259782875,0.21977660810183938,1.0419517989480298,113
train_positive_vs_difficult_positive,network_latency_ms_mean_30s,engineered,71.29538265785342,67.04911909717869,55.695,58.3185,53.44488878567595,34.65568488225595,45.17832666666666,49.33801339285714,71.10516346153847,111.62346746031749,151.94605624999997,51.12937777777778,53.907555555555554,66.03586666666666,86.23318444444449,101.77380833333335,4.057025320944748,0.11448196908986834,-3.9425433518548796,-0.09427564164768636,0.09427564164768636,0.7129088040858307,0.23282805078583152,1.0400124965193485,114
train_positive_vs_difficult_positive,disk_read_mb_s_std_120s,engineered,6.894727639808062,8.550235296120137,3.1957782022712897,5.966871042052824,10.218427988470417,8.358708669615122,0.08401408671298431,0.7129883692733223,9.321987011317024,19.376493539578068,26.52822810407398,1.0155321074847563,2.2466872174737444,11.57510875712268,20.575230612425035,28.425230100296453,0.2978934676218172,0.34344590726960506,0.045552439647787886,0.17734423761305723,0.17734423761305723,0.6398071217384934,0.21144575194527804,1.0285971112968286,115
train_positive_vs_difficult_positive,disk_read_mb_s_mean_60s,engineered,4.014091798611597,4.344471497589871,1.511705882352941,2.532155416666667,7.756529634438998,5.812043607466695,0.024881382488479223,0.4195516666666671,4.055329166666667,9.527046333333336,17.7404609090909,0.4087881766381769,1.2766000000000006,4.802043333333334,9.116159716599192,16.608723529411765,0.06738066529541102,0.05724098454493417,-0.010139680750476858,0.048205295006089256,0.048205295006089256,0.7629598835184163,0.21498388615050396,1.0261490646750095,116
train_positive_vs_difficult_positive,disk_read_mb_s_mean_120s,engineered,4.0226691260609755,4.318786220988062,1.872233333333334,2.796535,6.509845957909123,4.72886801603621,0.032769497082522886,0.5473745652173913,4.469941335227272,10.365754537346715,16.661749807692306,0.6136188157894737,1.5525127192982455,4.914434568965518,10.64433023809524,16.50047353219697,0.06738066529541102,0.05724098454493417,-0.010139680750476858,0.052046456590166,0.052046456590166,0.7140641642519289,0.2208579687366808,0.9869685895787756,117
train_positive_vs_difficult_positive,net_recv_mb_s_mean_30s,engineered,0.1769105282109135,0.4246731217833967,0.0225875,0.00863125,0.4304754011961885,4.025357941455875,0.0011375,0.00255,0.28995124999999994,0.37713416666666666,0.4679259999999999,0.0017611111111110501,0.003146205357142825,0.0572984375,1.1188875,1.9970197916666668,0.06738066529541102,0.05724098454493417,-0.010139680750476858,0.08655196888055534,0.08655196888055534,0.682399761174111,0.20008813318977392,0.9690398632444404,118
train_positive_vs_difficult_positive,ram_pct_std_120s,engineered,0.9311776126406147,1.43413708488666,0.6546899660243325,0.904730786319216,0.9698110063329752,1.7095525774987934,0.20520792989056222,0.3664101666874867,1.1247899992320975,1.9597423041392064,2.6666227085401584,0.3936982245546442,0.5446632624301012,1.4145727705914815,3.339102932226429,5.276583281477738,0.23051280232640614,0.28620492272467085,0.05569212039826473,0.3618927001980206,0.3618927001980206,0.414184578146432,0.18748573438052146,0.9635630127249741,119
train_positive_vs_difficult_positive,disk_read_mb_s_max_60s,engineered,22.688402008587957,29.487897823596793,7.6877,15.7406,37.775836541258165,33.62964028150088,0.1754,1.7637,28.9397,64.1867,93.0326,1.5291,4.4566,48.395,86.557,100.6123,0.06738066529541102,0.05724098454493417,-0.010139680750476858,0.1901272119452749,0.1901272119452749,0.57393046439716,0.18042243200043317,0.9444801083428681,120
train_positive_vs_difficult_positive,disk_read_mb_s_std_30s,engineered,4.77684270916297,6.312098388493561,1.0374976250780072,1.887542302527965,10.280809227787655,9.762778538530181,0.024032470863435115,0.21371184942732832,4.3136719991944386,15.144839684129154,23.203110029195475,0.2177891374462651,0.5126213312350637,6.844476314239235,18.901698246748506,29.29593548567114,0.2978934676218172,0.34344590726960506,0.045552439647787886,0.15314056524593433,0.15314056524593433,0.6190211106624836,0.1638578296773737,0.9360195055857916,121
train_positive_vs_difficult_positive,disk_read_mb_s_mean_30s,engineered,4.042315174661599,4.443574276921691,1.1747266666666667,2.156252777777777,9.303003176032128,7.193068474590199,0.0171999999999999,0.30336969696969696,3.5914803571428564,9.443915666666669,17.515400624999995,0.29698642857142904,0.7128196428571448,4.757054924242423,10.662857692307695,17.775808333333337,0.06738066529541102,0.05724098454493417,-0.010139680750476858,0.048255923043641624,0.048255923043641624,0.7041742154986136,0.18010505739632826,0.9325351959385835,122
train_positive_vs_difficult_positive,net_sent_mb_s_mean_30s,engineered,0.01703127278000043,0.027621878961848853,0.0064666666666666,0.00452583333333325,0.05867933646291539,0.32121534490099857,0.00044999999999998,0.0022214285714285,0.01592991071428565,0.0211,0.037515357142857114,0.0015964285714285,0.00239297619047615,0.011115277777777724,0.0345005494505494,0.05973221153846145,0.06738066529541102,0.05724098454493417,-0.010139680750476858,0.04586815369554282,0.04586815369554282,0.7381753669928673,0.13424835998731233,0.9182918806757225,123
train_positive_vs_difficult_positive,ram_pct_std_30s,engineered,0.5015816321478029,0.7742830156906343,0.3320929302060664,0.48607885015794555,0.5969356044570105,1.0894285220082702,0.07745966692501796,0.1597617273491922,0.615136454084098,1.0532809939290666,1.5027371682875141,0.1986342078158867,0.31290427270503374,0.826241850324983,1.377847691204127,2.1787057824206277,0.23051280232640614,0.28620492272467085,0.05569212039826473,0.31045103675783864,0.31045103675783864,0.35165973837244285,0.23209353324700943,0.8942043083772909,124
train_positive_vs_difficult_positive,network_latency_ms_std_120s,engineered,46.007832471591634,38.196347787253266,25.005900288850107,25.707579353998362,52.341682032266874,42.34142728582932,8.546357580238082,12.076792358793409,59.275883603002214,114.36979056432298,164.43135916637132,11.083505572022803,14.286701918968806,44.01999351989993,60.74716932742027,126.18314487847304,3.8761614298886444,0.40068689181453926,-3.4754745380741054,-0.16409001756202835,0.16409001756202835,0.566535620609794,0.15433626573542214,0.8849619039072445,125
train_positive_vs_difficult_positive,disk_read_mb_s_max_120s,engineered,33.32663195287271,42.20386844215349,16.1977,26.8407,44.41964748177366,37.48314606051205,0.4806800000000031,3.6495,50.323,87.5976,110.023,5.2893,11.198,62.3706,97.2398,108.2358,0.06738066529541102,0.05724098454493417,-0.010139680750476858,0.21600166287427472,0.21600166287427472,0.4319601365721709,0.21513150649950263,0.8630933059459482,126
train_positive_vs_difficult_positive,net_recv_mb_s_std_60s,engineered,0.09603685448739895,0.47972531431130383,0.0297544497822189,0.021381422948573,0.3208280459738471,6.6478106718891095,0.00152322899618381,0.005192098794259175,0.08000025723464853,0.1819342631840123,0.36836561834651593,0.0030181102112599,0.0075942055761832,0.1263617486233532,0.6605929463039415,0.8545798908145542,0.2978934676218172,0.34344590726960506,0.045552439647787886,0.08152858858975617,0.08152858858975617,0.621412019364768,0.14177382828434182,0.844714436238866,127
train_positive_vs_difficult_positive,disk_read_mb_s_max_30s,engineered,15.337994669789559,19.83400303550974,3.6495,6.7226,32.356670570236396,29.194886361066846,0.074,0.8333999999999999,14.518450000000001,48.5064,73.9133,0.7705,2.0987,21.4572,57.6124,86.557,0.06738066529541102,0.05724098454493417,-0.010139680750476858,0.14589682354254715,0.14589682354254715,0.5262835292385117,0.15674372558639305,0.828924078367452,128
train_positive_vs_difficult_positive,net_sent_mb_s_std_120s,engineered,0.017985535609847243,0.042647120721615576,0.0044957619287261,0.0064351728371449,0.06989533506971453,0.533204668877689,0.0012937619142046203,0.002722339973689825,0.009133156999807126,0.0213300837578824,0.048187122312101136,0.0025233034297749,0.0039004195719512,0.0154691286401884,0.0392052500464628,0.0526909013241654,0.2978934676218172,0.34344590726960506,0.045552439647787886,0.06485484333616509,0.06485484333616509,0.5210628251411823,0.2122646056179654,0.7981822740953128,129
train_positive_vs_difficult_positive,disk_write_mb_s_mean_120s,engineered,3.209234105139777,3.2397939454517983,1.7731677419354837,2.134193763736264,4.687720442366655,3.333656094601974,0.19874228571428565,0.6058224824355972,4.160870746184285,7.128671481481481,10.832272727272724,0.541766819221968,1.0088818181818184,5.270560773809525,6.409464033264033,7.313083720930234,0.06738066529541102,0.05724098454493417,-0.010139680750476858,0.007513303150915396,0.007513303150915396,0.6425993954582251,0.12995346757821777,0.7800661661873582,130
train_positive_vs_difficult_positive,net_sent_mb_s_std_60s,engineered,0.015871967877594866,0.040255076443983746,0.0038393859852358,0.0056449977856506,0.06716670683220266,0.533347037569298,0.0010153589740352,0.0023046337646678,0.007331505722221375,0.016142444244475133,0.04326855873388792,0.0022168866021735,0.0029461239203139,0.01271455694601,0.0336281613427513,0.0450534917029136,0.2978934676218172,0.34344590726960506,0.045552439647787886,0.06414715044880798,0.06414715044880798,0.5135742688950723,0.18812335695519156,0.7658447762990718,131
train_positive_vs_difficult_positive,disk_write_mb_s_mean_30s,engineered,3.355971796442474,3.215238427956637,1.40286875,1.7085833333333322,7.437684292608168,4.078498531099815,0.14755933333333304,0.5017099999999999,3.4729416666666664,7.4767484444444445,12.614664374999997,0.33806250000000027,0.7669260416666672,4.6227325000000015,6.773340625000001,8.784365625000001,0.06738066529541102,0.05724098454493417,-0.010139680750476858,-0.023463172227186902,0.023463172227186902,0.6209980691603766,0.12119722115211189,0.7656584625396753,132
train_positive_vs_difficult_positive,net_sent_mb_s_max_120s,engineered,0.0799189609283509,0.12516168384879725,0.0261,0.0276,0.2695089865884104,0.9523464852627689,0.006,0.0136,0.0436,0.1041,0.209,0.0112,0.0167,0.0758,0.1493,0.1914,0.06738066529541102,0.05724098454493417,-0.010139680750476858,0.06464569122716814,0.06464569122716814,0.5208338216350948,0.1487799095839082,0.7342594224461712,133
train_positive_vs_difficult_positive,disk_latency_ms,raw,0.189461371943646,0.001395189003436426,0.0,0.0,3.0576317263235153,0.006754021176747063,0.0,0.0,0.002,0.128,0.241,0.0,0.0,0.001,0.003,0.006,0.06738066529541102,0.05724098454493417,-0.010139680750476858,-0.08698401949183007,0.08698401949183007,0.5243008986871103,0.1225398895060773,0.7338248076850177,134
train_positive_vs_difficult_positive,swap_pct_change_120s,engineered,0.12917228172210793,-0.09599313108185457,0.0,0.0,0.8072802159035193,0.6167999075511296,-0.2000000000000028,0.0,0.1000000000000005,0.7000000000000002,1.5,-0.4000000000000003,-0.0999999999999996,0.0,0.200000000000001,0.6999999999999993,0.0,0.0,0.0,-0.3134343880382185,0.3134343880382185,0.29154463192015384,0.12232196212627255,0.7273009820846449,135
train_positive_vs_difficult_positive,network_latency_ms_max_60s,engineered,209.01231493159273,171.69260401146136,116.884,111.099,208.7938303616984,147.41110840539454,64.421,75.511,255.731,486.1018000000002,728.306,72.588,78.343,203.655,305.56,489.9,3.8336052202283852,0.11448196908986834,-3.719123251138517,-0.2064970715800804,0.2064970715800804,0.3837688530211672,0.128610490062536,0.7188764146637836,136
train_positive_vs_difficult_positive,network_latency_ms_max_30s,engineered,162.70091468914023,134.10170085959885,84.859,83.535,176.18334894237728,123.7349718319125,57.889,66.29,182.168,365.802,554.994,64.084,72.641,157.529,252.111,346.276,4.057025320944748,0.11448196908986834,-3.9425433518548796,-0.18786242907900386,0.18786242907900386,0.37356350297677215,0.15214050303298746,0.7135664350887634,137
train_positive_vs_difficult_positive,network_latency_ms_missing_pct_120s,engineered,5.555260051353712,0.9581026375934476,0.0,0.0,19.846699334744628,5.020956164287131,0.0,0.0,1.7857142857142856,5.555555555555555,25.0,0.0,0.0,0.0,1.7241379310344829,3.534482758620667,0.0,0.0,0.0,-0.31757388206705817,0.31757388206705817,0.2148801463223871,0.17936670984675251,0.7118207382361977,138
train_positive_vs_difficult_positive,disk_write_mb_s_mean_60s,engineered,3.2820665257255297,3.2276393254765456,1.5503866666666684,2.075322121212121,5.925651748400432,3.56997338691371,0.1668210322580645,0.555950752688172,3.763317580645161,7.429565714285715,11.463093571428569,0.45092884615384615,0.9117836956521738,4.733603333333332,6.768559677419355,9.107788306451614,0.06738066529541102,0.05724098454493417,-0.010139680750476858,-0.01112636886718448,0.01112636886718448,0.5774921576002561,0.12271293640837314,0.7113314628758136,139
train_positive_vs_difficult_positive,network_latency_ms_std_60s,engineered,41.757685108786724,34.35191263413252,18.797929613929796,17.96386768851681,53.75652666426186,44.191501656656655,7.342885782132278,9.982506795063374,49.69927783693511,113.42415329359443,159.38128491620876,9.657470746722426,11.605551900182032,41.150563530605595,64.41853807709558,126.15973349463394,4.177601248315484,0.40068689181453926,-3.776914356500945,-0.15050249119032044,0.15050249119032044,0.41885900341231636,0.13425942469179916,0.703620919294436,140
train_positive_vs_difficult_positive,network_latency_ms_max_120s,engineered,268.4805954973514,222.6014859598854,171.458,185.296,240.54409481634664,163.59438936791003,73.729,91.719,335.887,677.692,853.111,78.152,93.398,279.832,365.944,533.567,3.595999716291936,0.11448196908986834,-3.4815177472020675,-0.22303945745880635,0.22303945745880635,0.3330840426083279,0.1369963959922489,0.6931198960593832,141
train_positive_vs_difficult_positive,net_sent_mb_s_std_30s,engineered,0.013647680422006304,0.03786053078820864,0.00324470416313865,0.004887374404671,0.06342152634099656,0.5333161389614626,0.0007463498667746601,0.00190220501749145,0.0060134521798254495,0.014435672390074967,0.030089459793102603,0.0017864569884072,0.0026884630057585,0.0102878195342471,0.0334519290259254,0.0432008597798039,0.2978934676218172,0.34344590726960506,0.045552439647787886,0.06375685019017399,0.06375685019017399,0.42057076434868185,0.18747356551158312,0.671801180050439,142
train_positive_vs_difficult_positive,disk_read_mb_s,raw,4.056515075055893,4.505312542955327,0.5898,0.86495,14.666352789729864,13.675573424600595,0.0,0.1065,2.02845,7.36254,18.760089999999984,0.1085,0.23245,2.44055,8.4385,19.83095,0.06738066529541102,0.05724098454493417,-0.010139680750476858,0.031650882526990096,0.031650882526990096,0.45687571223077145,0.17831989384505462,0.6668464886028161,143
train_positive_vs_difficult_positive,disk_read_mb_s_min_30s,engineered,0.6078000887185493,0.5201621993127147,0.1352,0.1782,2.261512974601344,1.618957142011664,0.0,0.0082,0.4549,1.1007,2.1271,0.0287,0.0655,0.5946,1.3372,1.7982,0.06738066529541102,0.05724098454493417,-0.010139680750476858,-0.04456190480576636,0.04456190480576636,0.39435982812180503,0.21433578342869203,0.6532575163562635,144
train_positive_vs_difficult_positive,net_sent_mb_s,raw,0.017055921075978565,0.02405498281786941,0.0053,0.0034,0.0860140111384704,0.4719213321976241,0.0001,0.0005,0.0152,0.0219,0.0335,0.0003,0.0006,0.011175000000000001,0.027,0.05055,0.06738066529541102,0.05724098454493417,-0.010139680750476858,0.02063425619187216,0.02063425619187216,0.4993962027428652,0.12437718663785235,0.6444076455725898,145
train_positive_vs_difficult_positive,net_sent_mb_s_max_60s,engineered,0.06204889811561801,0.1013742268041237,0.0209,0.0219,0.23067716493019336,0.9463738703773841,0.0039,0.0097,0.0315,0.0693,0.1564,0.0081,0.0122,0.0471,0.1326,0.151,0.06738066529541102,0.05724098454493417,-0.010139680750476858,0.05709418873467646,0.05709418873467646,0.4386463509614575,0.13685247806456735,0.6325930177607013,146
train_positive_vs_difficult_positive,cpu_pct_diff,engineered,0.022482493868410766,0.10229621125143516,0.0,0.04999999999999715,8.55238133904319,11.141989723052223,-9.4,-3.299999999999997,3.0,9.600000000000009,14.399999999999991,-13.300000000000004,-6.499999999999998,6.399999999999999,13.690000000000007,19.0,0.23051280232640614,0.28620492272467085,0.05569212039826473,0.008036059144531656,0.008036059144531656,0.47374057972141354,0.12029957913132239,0.6020762179972676,147
train_positive_vs_difficult_positive,thread_count_std_120s,engineered,50.802428815525914,71.98419090981115,36.26482875850495,47.033229964284246,50.36298149119124,81.67450792433439,17.03179199871913,24.224158108495935,57.386147725217114,92.60313648621312,140.53464377748162,19.10755145230982,27.61261563418185,74.66763939745793,159.7822947442955,265.5504244319609,0.23051280232640614,0.28620492272467085,0.05569212039826473,0.3121866683588889,0.3121866683588889,0.1313060806465846,0.1566187393544759,0.6001114883599494,148
train_positive_vs_difficult_positive,net_sent_mb_s_max_30s,engineered,0.047227999574150956,0.08494158075601374,0.0164,0.0153,0.19198870910448043,0.9430696585529781,0.0025,0.007,0.0258,0.0504,0.11712999999999955,0.0057,0.0086,0.034,0.1076,0.1465,0.06738066529541102,0.05724098454493417,-0.010139680750476858,0.05541801870646454,0.05541801870646454,0.4127794657643998,0.12917402481851115,0.5973715092893754,149
train_positive_vs_difficult_positive,disk_read_mb_s_min_120s,engineered,0.241854526420384,0.25669868270332186,0.0671,0.0952,0.9295612376931905,1.3970411091713073,0.0,0.0,0.25385,0.4935,0.8123,0.0,0.0289,0.2294,0.5946,0.8497,0.06738066529541102,0.05724098454493417,-0.010139680750476858,0.012510336750661958,0.012510336750661958,0.4038919127132762,0.17686527548664413,0.5932675249505822,150
train_positive_vs_difficult_positive,disk_write_mb_s,raw,3.4176398381773665,3.2497703894616263,0.7244,0.87415,12.986436332193646,8.654195515286316,0.0512,0.19105,2.4789000000000003,7.6177600000000005,13.677359999999988,0.1899,0.35595,3.7340999999999998,7.4575499999999995,10.9282,0.06738066529541102,0.05724098454493417,-0.010139680750476858,-0.015212450127195775,0.015212450127195775,0.4087043849366434,0.15457734666050577,0.578494181724345,151
train_positive_vs_difficult_positive,network_latency_ms_missing_pct_60s,engineered,5.548622577453904,0.978328326557984,0.0,0.0,20.16688017915963,5.489628235512786,0.0,0.0,0.0,6.666666666666667,23.333333333333332,0.0,0.0,0.0,0.0,4.928571428571385,0.0,0.0,0.0,-0.30924196275159804,0.30924196275159804,0.1389716680187312,0.12766430515295124,0.5758779359232805,152
train_positive_vs_difficult_positive,network_latency_ms_std_30s,engineered,37.2898239886246,30.63169830087825,13.505600734203377,13.792039144630817,55.12326685497476,46.89274301426593,5.979493251998864,8.570261284242296,40.87637214615975,96.08858578440427,161.46587215289264,8.158712619566767,10.099754379143992,33.739195864391846,65.35949181271891,110.03693916867802,4.404567699836868,0.40068689181453926,-4.003880808022329,-0.13010824162209655,0.13010824162209655,0.30552412378233246,0.12949080067474794,0.5651231660791769,153
train_positive_vs_difficult_positive,disk_read_mb_s_min_60s,engineered,0.38068558501011396,0.3632022909507446,0.0965,0.1352,1.497087465840845,1.4319424744874238,0.0,0.0044,0.3246,0.7268,1.2457,0.0092,0.0437,0.4643,0.9433,1.4117,0.06738066529541102,0.05724098454493417,-0.010139680750476858,-0.011934989945366497,0.011934989945366497,0.31770658642726574,0.20404059029115418,0.5336821666637864,154
train_positive_vs_difficult_positive,cpu_pct_change_60s,engineered,0.9212922902333497,0.07813394390383502,0.0,0.2000000000000028,15.745425510830431,18.30751360091804,-14.5,-4.700000000000003,5.400000000000006,15.700000000000005,24.200000000000003,-21.859999999999992,-9.599999999999998,9.899999999999995,20.540000000000013,30.200000000000003,0.0,0.0,0.0,-0.04938087409434984,0.04938087409434984,0.3668017683777801,0.11382858389604328,0.5300112263681732,155
train_positive_vs_difficult_positive,process_count_std_60s,engineered,2.389910466463498,3.012796512064788,1.920548293344728,2.2944747488495474,2.1647242903979813,3.3931683636501764,0.6137317546510839,1.2515999612717503,2.7429563474124308,4.448384305766686,6.1221226390024786,0.9110952998621216,1.3189251240771387,3.213986495219145,4.876097305765987,7.889809907241553,0.23051280232640614,0.28620492272467085,0.05569212039826473,0.2188623954483949,0.2188623954483949,0.16762333185521533,0.14098853800197797,0.5274742653055882,156
train_positive_vs_difficult_positive,disk_write_mb_s_max_120s,engineered,24.275847507008766,25.82895171821306,11.2107,16.5239,43.13188440338869,36.29160955943139,1.2147,4.40805,24.5608,56.5792,96.5201,5.7057,9.5041,24.6123,53.181,75.00125,0.06738066529541102,0.05724098454493417,-0.010139680750476858,0.03896519824351659,0.03896519824351659,0.2644956810698058,0.2200401117597626,0.523500991073085,157
train_positive_vs_difficult_positive,process_count_std_120s,engineered,2.9742528174323004,3.7713231349989695,2.231844993601845,2.7194766000912343,2.9385580118804207,4.21687174355424,0.9013619173462817,1.5604232230313628,3.3259688762101205,5.376337714851401,7.526217808965972,1.0273047911884603,1.704831240619364,3.714749247045765,6.605454053172104,13.572469524703175,0.23051280232640614,0.28620492272467085,0.05569212039826473,0.21931524113274944,0.21931524113274944,0.14837523716732598,0.15357384962024123,0.5212643279203166,158
train_positive_vs_difficult_positive,net_recv_mb_s_std_30s,engineered,0.07772828833185208,0.44600476395429667,0.01846664548707365,0.0150238673750901,0.27076720629625806,6.64799672217926,0.00114381010232462,0.00248865005772665,0.07001634207359016,0.16022543474320164,0.3143961284115324,0.0017343586699456,0.0033241539388784,0.0774940314416892,0.5706829160876356,0.7382407202434997,0.2978934676218172,0.34344590726960506,0.045552439647787886,0.07827773675945011,0.07827773675945011,0.3256961991594478,0.11710036559528281,0.5210743015141808,159
train_positive_vs_difficult_positive,process_count_std_30s,engineered,1.9118782787102957,2.4464478095171125,1.624221425206166,1.8635254955936666,1.6944767017741682,2.686932392953489,0.42163702135582803,0.9309493362512896,2.3299294900426615,3.4982989063483974,4.973004044922036,0.7500000000011823,1.0878112581446433,2.828427124745655,4.49046602051625,6.376497202987664,0.23051280232640614,0.28620492272467085,0.05569212039826473,0.23798806276107853,0.23798806276107853,0.1430533966053624,0.1333551639226549,0.5143966232890959,160
train_positive_vs_difficult_positive,disk_write_mb_s_std_120s,engineered,4.8876146456144465,5.002258870834078,2.2856632865422126,2.963344138460925,9.083202534364533,6.65011443746903,0.22618156304737988,0.8932017703160212,5.2409610606731345,11.20008901234286,18.526705866594995,1.1062737409291246,1.740631557113396,5.324898753325854,10.023645406015833,18.941194193988583,0.2978934676218172,0.34344590726960506,0.045552439647787886,0.014402234552492723,0.014402234552492723,0.29034524505995574,0.19398633290724882,0.4987338125196973,161
train_positive_vs_difficult_positive,network_latency_ms_missing_pct_30s,engineered,5.5377222537701165,0.985907814757271,0.0,0.0,20.4412109445957,6.254545072307728,0.0,0.0,0.0,7.6923076923076925,26.666666666666668,0.0,0.0,0.0,0.0,0.0,0.0,0.0,0.0,-0.3011336547864244,0.3011336547864244,0.09159481119415544,0.09467867524248852,0.4874071412230684,162
train_positive_vs_difficult_positive,cpu_pct_change_30s,engineered,0.30662812965458536,0.06428162564396114,0.0,0.0,14.357298200015295,15.948264208253695,-15.0,-5.199999999999989,5.099999999999998,15.5,23.0,-18.89999999999999,-8.600000000000009,8.349999999999998,18.400000000000002,26.239999999999963,0.0,0.0,0.0,-0.015971539322191423,0.015971539322191423,0.36354683114251596,0.0949649613638579,0.4744833318285653,163
train_positive_vs_difficult_positive,context_switches_per_s_missing,engineered,0.06752251932761189,0.0005724098454493417,0.0,0.0,0.25092919656234025,0.02392508820149555,0.0,0.0,0.0,0.0,1.0,0.0,0.0,0.0,0.0,0.0,0.0,0.0,0.0,-0.37562108104701686,0.37562108104701686,0.0,0.06695010948216251,0.44257119052917937,164
train_positive_vs_difficult_positive,thread_count_change_120s,engineered,-8.019965955032271,25.53921007441328,-9.0,-4.0,172.24200047090125,233.55418618218866,-148.0,-73.0,54.0,145.0,214.0,-157.0,-82.0,109.0,279.8000000000002,419.6999999999998,0.0,0.0,0.0,0.16354298098311273,0.16354298098311273,0.14758624805665055,0.12954001414399197,0.4406692431837552,165
train_positive_vs_difficult_positive,swap_pct_std_120s,engineered,0.15305141993958285,0.13792025448536221,0.043693144875772,0.0458349248516655,0.32212516681893644,0.2876846506938184,0.0,0.0,0.13821202589704,0.4585954212309891,0.7513450828412018,0.0,5.7724311111503435e-08,0.0992990972513623,0.3177128698576418,0.7303828281337209,0.23051280232640614,0.28620492272467085,0.05569212039826473,-0.04954689354929267,0.04954689354929267,0.288728959555326,0.09136415867502906,0.4296400117796477,166
train_positive_vs_difficult_positive,disk_write_mb_s_max_60s,engineered,17.22398156428546,17.84360097365407,7.7723,10.1926,35.93722278507788,30.035850985470923,0.6248,2.3131,16.9941,34.2101,68.9813,1.3143,5.8458,18.1239,31.6312,59.7117,0.06738066529541102,0.05724098454493417,-0.010139680750476858,0.01870930679563865,0.01870930679563865,0.22057920908224338,0.17995853459639277,0.4192470504742748,167
train_positive_vs_difficult_positive,disk_write_mb_s_max_30s,engineered,12.39660927286277,11.90818848797251,4.862,7.1815,30.351388024498586,22.927870129597007,0.3586,1.6835499999999999,11.7302,24.5608,41.1785199999999,0.6752,2.0219,12.5591,20.4379,36.8869,0.06738066529541102,0.05724098454493417,-0.010139680750476858,-0.0181589519568851,0.0181589519568851,0.2728238481392927,0.12517565358132088,0.4161584536774987,168
train_positive_vs_difficult_positive,disk_write_mb_s_std_60s,engineered,4.294729442569475,4.273674549499672,1.8706180681418045,2.378139297504108,9.426927096462292,7.15588451549812,0.15713973340759088,0.6841661720628138,4.239695008493344,8.82239163925107,17.042744281999,0.3334272913922278,1.337078990349245,4.033587561789812,8.221341486068422,14.666867120330394,0.2978934676218172,0.34344590726960506,0.045552439647787886,-0.0025158794878626374,0.0025158794878626374,0.24790692677794265,0.1595587866043221,0.40998159287012736,169
train_positive_vs_difficult_positive,disk_write_mb_s_std_30s,engineered,3.763152756298418,3.484324708883812,1.3548769007599235,1.7994873748064757,9.744826763405692,7.139957188467545,0.09012173195055714,0.5710860079498447,3.476629005205136,7.3903579066181475,12.880441635655094,0.1821017198736726,0.5042710889077303,3.3619346559187195,6.711040515223088,10.71004827153321,0.2978934676218172,0.34344590726960506,0.045552439647787886,-0.032640991027173306,0.032640991027173306,0.2648373350041114,0.10415297739322349,0.4016313034245082,170
train_positive_vs_difficult_positive,cpu_pct_change_120s,engineered,1.9197354422299453,1.000744132799084,0.0,1.0999999999999943,19.29768608597254,19.168899452087853,-16.400000000000006,-5.574999999999996,6.700000000000003,19.4,32.7,-22.48,-9.000000000000002,11.5,24.499999999999996,33.63999999999996,0.0,0.0,0.0,-0.047781010247965196,0.047781010247965196,0.24543934593331732,0.1047447697212528,0.3979651259025353,171
train_positive_vs_difficult_positive,thread_count_std_60s,engineered,35.27555877020585,47.790909344629,24.706230984517894,27.682726501591254,36.796785247388165,66.06258360869155,11.481209033810357,16.3486490307259,39.56513616808473,66.68585488485849,94.80763475254273,11.114361940560453,17.45141113775128,49.26649188583075,92.14380155424607,168.86104962446598,0.23051280232640614,0.28620492272467085,0.05569212039826473,0.23405921857293324,0.23405921857293324,0.059123450713133976,0.07885840600594773,0.37204107529201497,172
train_positive_vs_difficult_positive,swap_pct_change_60s,engineered,0.06639832612242004,-0.05798511734401831,0.0,0.0,0.595591267126862,0.5230626763135207,-0.1000000000000014,0.0,0.0,0.3000000000000007,0.8000000000000043,-0.1999999999999993,0.0,0.0,0.1999999999999993,0.4000000000000003,0.0,0.0,0.0,-0.2219146199162764,0.2219146199162764,0.0731000465089961,0.0757532605417256,0.3707679269669981,173
train_positive_vs_difficult_positive,network_latency_ms_missing,engineered,0.05475565642953401,0.008013737836290785,0.0,0.0,0.22750672536260266,0.08918559766373067,0.0,0.0,0.0,0.0,1.0,0.0,0.0,0.0,0.0,0.0,0.0,0.0,0.0,-0.27051148089847554,0.27051148089847554,0.0,0.04674191859324317,0.3172533994917187,174
train_positive_vs_difficult_positive,swap_pct_std_60s,engineered,0.09621874420524432,0.08700472411839673,5.258840584035871e-07,2.546297855175373e-07,0.25065671363563446,0.23437170990115566,0.0,0.0,0.080622577482987,0.22867371223509475,0.512439202284231,0.0,3.842333058898016e-08,0.052223296786709776,0.20136490889491399,0.381711300203948,0.23051280232640614,0.28620492272467085,0.05569212039826473,-0.03797233532074974,0.03797233532074974,0.106165881164934,0.16874622482685675,0.3128844413125405,175
train_positive_vs_difficult_positive,network_latency_ms,raw,68.98567892248818,65.90458165031738,51.18,55.181,73.79924984430376,56.791602640461825,39.359,43.225,64.02674999999999,92.0108,163.16054999999994,41.5178,46.231,64.354,79.8042,120.3644,5.475565642953401,0.8013737836290785,-4.674191859324322,-0.046791870146006095,0.046791870146006095,0.12751125243933278,0.1095327479052261,0.28383587049056497,176
train_positive_vs_difficult_positive,disk_read_mb_s_change_30s,engineered,0.01903021940656432,0.026618465089440237,0.0,-0.0143999999999999,18.268026211416608,17.35315939414149,-4.018779999999996,-0.5456500000000001,0.46395,3.677280000000006,11.52449999999996,-5.67808,-1.0592,0.7451,5.0989399999999945,15.856539999999946,0.9185048585006029,0.8013737836290785,-0.11713107487152444,0.00042591194437417056,0.00042591194437417056,0.2008177660517511,0.07479684277140985,0.27604052076753516,177
train_positive_vs_difficult_positive,context_switches_per_s_change_120s,engineered,1444.1824678746605,4515.607020648968,208.10000000000036,841.1000000000022,24999.289465188234,26023.320473739794,-12630.179999999998,-4543.5,5690.200000000001,14508.920000000011,24140.779999999977,-12996.799999999996,-4931.5,8115.049999999999,18480.240000000016,35812.259999999944,12.515071990921342,2.976531196336577,-9.538540794584765,0.12037040606547295,0.12037040606547295,0.0684037118763977,0.08136305211980077,0.27013717006167143,178
train_positive_vs_difficult_positive,swap_pct_change_30s,engineered,0.034406695510319885,-0.037492844876931886,0.0,0.0,0.4411020345217605,0.43356735595961904,-0.1000000000000014,0.0,0.0,0.1000000000000014,0.3999999999999986,-0.0999999999999996,0.0,0.0,0.0999999999999996,0.1999999999999993,0.0,0.0,0.0,-0.16439782531236846,0.16439782531236846,0.042214730470768146,0.06297582152018233,0.26958837730331897,179
train_positive_vs_difficult_positive,ram_pct_change_120s,engineered,0.40506773530037593,0.7433314253005152,0.1999999999999886,0.4000000000000057,3.1888186273386094,4.319051923027287,-2.5,-0.7999999999999972,1.2000000000000028,3.0999999999999943,5.400000000000006,-2.0999999999999943,-0.6000000000000085,1.9000000000000057,4.5,7.769999999999981,0.0,0.0,0.0,0.08910508598134978,0.08910508598134978,0.05912895113649119,0.10206316418207617,0.25029720129991717,180
train_positive_vs_difficult_positive,thread_count_std_30s,engineered,24.13043438701128,31.042670393582515,16.426785617220567,17.41720991178993,27.71577351130116,49.98667448432844,7.0775543004737855,10.662852740713044,26.932366790657852,46.5226510892526,67.84243879172516,6.427254199020695,10.343876798144365,29.817506903856927,63.331506742452575,101.64153607141354,0.23051280232640614,0.28620492272467085,0.05569212039826473,0.17102916421161538,0.17102916421161538,0.03137618969519616,0.0468662813420736,0.24927163524888513,181
train_positive_vs_difficult_positive,disk_read_mb_s_change_60s,engineered,0.03880602557618669,-0.28373767441860454,0.0,-0.02299999999999995,18.640723944787155,18.512508196143326,-4.420269999999998,-0.5446,0.499575,3.8571500000000154,12.524169999999959,-6.567519999999999,-1.0756000000000001,0.7243249999999999,4.970070000000031,15.648294999999985,1.8299170153911626,1.5455065827132226,-0.28441043267794003,-0.017362784381127542,0.017362784381127542,0.1445310142235418,0.07825877112656532,0.24015256973123467,182
train_positive_vs_difficult_positive,disk_read_mb_s_change_120s,engineered,-0.055095436340253476,-0.3951586430678466,0.0,0.0,19.52245014869092,18.510533835772325,-4.753019999999999,-0.6524000000000001,0.5629,4.4148600000000044,13.774779999999973,-7.830360000000001,-1.1358000000000001,0.9094,5.892200000000014,16.336679999999998,3.4860628413362647,2.976531196336577,-0.509531644999688,-0.017876215357492863,0.017876215357492863,0.15045885457033883,0.07177143439355682,0.24010650432138853,183
train_positive_vs_difficult_positive,context_switches_per_s_change_60s,engineered,882.8964863246157,2069.77023255814,69.69999999999982,386.49999999999955,24748.24463253311,22503.944025779943,-11201.600000000002,-4232.600000000006,4716.0,11845.10000000001,18853.55999999999,-14271.699999999997,-5963.625000000002,7322.275,16757.750000000015,26960.879999999986,11.181644088233208,1.5455065827132226,-9.636137505519986,0.050179147739311085,0.050179147739311085,0.09946600536688661,0.07993507036172098,0.22958022346791868,184
train_positive_vs_difficult_positive,ram_pct_change_30s,engineered,0.07224625859990069,0.07137950772753295,0.0,0.0999999999999943,1.713540656386503,2.9500935756399813,-1.2999999999999972,-0.4000000000000057,0.5999999999999943,1.4000000000000057,2.299999999999997,-1.5399999999999954,-0.6000000000000085,1.0,2.0999999999999943,3.4000000000000057,0.0,0.0,0.0,-0.000359291005424427,0.000359291005424427,0.1303639843115679,0.09593211842026583,0.22665539373725815,185
train_positive_vs_difficult_positive,thread_count_change_60s,engineered,-4.207922547698418,5.215226101888953,-10.0,-13.0,122.55182820264949,188.86170609523103,-105.0,-54.0,38.0,107.0,169.0,-110.0,-61.0,59.5,156.4000000000001,262.7999999999993,0.0,0.0,0.0,0.05919155787581012,0.05919155787581012,0.08397006595152559,0.07694635282686801,0.22010797665420373,186
train_positive_vs_difficult_positive,net_sent_mb_s_change_60s,engineered,0.0005435011921103965,0.009952500000000001,0.0,0.0,0.10273075278717078,0.4781890710388463,-0.0095,-0.0029999999999999,0.0029,0.0093,0.0182,-0.0173,-0.0043,0.0045,0.017020000000000028,0.03360499999999999,1.8299170153911626,1.5455065827132226,-0.28441043267794003,0.027205776442676275,0.027205776442676275,0.1059442788895358,0.06700928989201271,0.2001593452242248,187
train_positive_vs_difficult_positive,disk_write_mb_s_change_120s,engineered,0.3615102921183171,0.04795185840707987,0.0,0.0646999999999999,16.431493335664392,11.798063729977834,-4.20888,-0.6536,0.69845,4.674720000000011,9.886989999999997,-4.926760000000001,-0.70735,0.94435,4.817280000000002,8.610849999999994,3.4860628413362647,2.976531196336577,-0.509531644999688,-0.021921581911194556,0.021921581911194556,0.08575718649082568,0.08945266497468818,0.1971314333767084,188
train_positive_vs_difficult_positive,context_switches_per_s_diff,engineered,34.33030831417929,199.48294083859844,3.150000000001455,-67.10000000000036,13731.422134328877,10491.025327557916,-8517.720000000007,-3306.100000000004,3396.1249999999955,8405.58,12109.41499999999,-8703.599999999999,-4346.5999999999985,4321.0,9101.3,13216.5,10.511383786084119,0.34344590726960506,-10.167937878814515,0.0135159237006269,0.0135159237006269,0.115215910853246,0.06736446003830343,0.19609629459217634,189
train_positive_vs_difficult_positive,ram_pct_change_60s,engineered,0.18615504645719558,0.207842014882656,0.0999999999999943,0.2999999999999971,2.314797831323172,3.791453777067628,-1.7000000000000028,-0.5,0.7999999999999972,2.0,3.299999999999997,-2.0,-0.6000000000000085,1.2000000000000028,2.7400000000000095,5.099999999999994,0.0,0.0,0.0,0.0069041905202321344,0.0069041905202321344,0.08417785393929551,0.09620025664455611,0.18728230110408378,190
train_positive_vs_difficult_positive,net_sent_mb_s_change_30s,engineered,0.0006287662407387525,0.010786093479515294,0.0,0.0,0.09713437581928377,0.4753287781294589,-0.0087999999999999,-0.0028,0.0026,0.0087,0.0169,-0.014659999999999918,-0.0039,0.0038,0.01429999999999998,0.030779999999999974,0.9185048585006029,0.8013737836290785,-0.11713107487152444,0.0296085098412659,0.0296085098412659,0.09666716324670413,0.05416323382113869,0.18043890690910871,191
train_positive_vs_difficult_positive,net_sent_mb_s_change_120s,engineered,0.0006739886092228556,0.012978761061946908,0.0,9.999999999999996e-05,0.10170605266065187,0.4797662076958633,-0.0103,-0.0032999999999999,0.0031,0.01,0.02,-0.0161,-0.00365,0.0051,0.018320000000000027,0.03311999999999998,3.4860628413362647,2.976531196336577,-0.509531644999688,0.03548241950414039,0.03548241950414039,0.07466815096533105,0.06891360557821824,0.17906417604768968,192
train_positive_vs_difficult_positive,net_recv_mb_s_change_120s,engineered,0.006096057321330145,0.12575569321533928,0.0,0.0001,0.5936001363298139,5.998875294220537,-0.13111999999999993,-0.010649999999999951,0.01155,0.1312,0.27365999999999985,-0.10495999999999998,-0.0040999999999999,0.00635,0.20548000000000016,0.9027799999999995,3.4860628413362647,2.976531196336577,-0.509531644999688,0.028072234953943915,0.028072234953943915,0.08580448929990693,0.06247790862340041,0.17635463287725126,193
train_positive_vs_difficult_positive,swap_pct_std_30s,engineered,0.05958035461466188,0.05092816469432733,1.9758265158681525e-07,3.442627271011665e-07,0.1932640199846862,0.17998450274254524,0.0,0.0,0.0462910049890759,0.13887301496590257,0.26352313834747354,0.0,0.0,0.037735680678846674,0.09759000729485297,0.20879951117970827,0.23051280232640614,0.28620492272467085,0.05569212039826473,-0.046332234822584105,0.046332234822584105,0.020451743860366148,0.10072089508572185,0.1675048737686721,194
train_positive_vs_difficult_positive,net_recv_mb_s_change_60s,engineered,0.0031015316812369044,0.1273227906976744,0.0,0.0,0.5410555999007783,5.941621157930457,-0.1106999999999999,-0.0092,0.0093,0.1139,0.2333,-0.15723999999999996,-0.004824999999999999,0.0057,0.17179000000000136,0.6868299999999998,1.8299170153911626,1.5455065827132226,-0.28441043267794003,0.029445080525824504,0.029445080525824504,0.09207857628565333,0.04503232727840944,0.16655598408988728,195
train_positive_vs_difficult_positive,net_recv_mb_s_change_30s,engineered,0.0011051397687819897,0.13699244085401038,0.0,0.0,0.4611503335165644,5.90913055444302,-0.0977199999999999,-0.0078,0.0082,0.0969,0.2062,-0.12225999999999985,-0.0049,0.0046999999999999,0.1113599999999999,0.6093799999999986,0.9185048585006029,0.8013737836290785,-0.11713107487152444,0.0324228962872255,0.0324228962872255,0.08867527380241443,0.042805500326767,0.1639036704164069,196
train_positive_vs_difficult_positive,disk_write_mb_s_change_60s,engineered,0.26025626038581023,0.25640633720930234,0.0,0.00199999999999995,16.139343564599702,11.347218381739463,-3.88704,-0.577,0.6025750000000001,4.076850000000002,9.085649999999992,-4.1196,-0.7183500000000003,0.8730249999999999,4.3695900000000005,9.417355,1.8299170153911626,1.5455065827132226,-0.28441043267794003,-0.0002759685363469862,0.0002759685363469862,0.08908525172416784,0.07282899810640109,0.1621902183669159,197
train_positive_vs_difficult_positive,context_switches_per_s_change_30s,engineered,379.12783403211773,899.6568378534336,23.25,307.60000000000036,24770.57736326973,21107.865746583473,-15226.43,-5082.400000000007,5414.675000000005,15342.640000000005,22011.514999999985,-12216.279999999999,-5485.0,6035.8,14611.259999999998,22087.759999999984,10.34115894744308,0.8013737836290785,-9.539785163814003,0.022619688984023625,0.022619688984023625,0.07761321777380834,0.051345941838382814,0.1515788485962148,198
train_positive_vs_difficult_positive,disk_write_mb_s_change_30s,engineered,0.18127843874154412,0.11708661281015569,0.0,-0.0027999999999999,16.203575378661665,11.24900024550782,-3.584019999999999,-0.5166999999999999,0.5555500000000001,3.8672800000000027,8.767559999999982,-3.872839999999999,-0.7206,0.5929999999999999,3.7399199999999957,8.723019999999998,0.9185048585006029,0.8013737836290785,-0.11713107487152444,-0.00460220988955026,0.00460220988955026,0.0818697280402679,0.058752904661827476,0.14522484259164564,199
train_positive_vs_difficult_positive,disk_latency_ms_diff,engineered,0.0009779824998221566,-4.02067777139567e-06,0.0,0.0,1.968918790003314,0.008988465528692409,-0.004,0.0,0.0,0.004,0.048,-0.002,0.0,0.0,0.002,0.004,0.2978934676218172,0.34344590726960506,0.045552439647787886,-0.0007053352062199651,0.0007053352062199651,0.07920282564646619,0.0574776029832097,0.13738576383589585,200
train_positive_vs_difficult_positive,ram_pct_diff,engineered,0.0060960437919880565,0.019173363949483355,0.0,0.0,0.5677992683311275,0.9042689011744774,-0.3999999999999915,-0.1000000000000014,0.1000000000000085,0.4000000000000057,0.7000000000000028,-0.5,-0.1000000000000085,0.1999999999999886,0.6000000000000085,1.0999999999999943,0.23051280232640614,0.28620492272467085,0.05569212039826473,0.017320587291738698,0.017320587291738698,0.059277403144339436,0.0593799919465694,0.13597798238264752,201
train_positive_vs_difficult_positive,process_count_change_120s,engineered,0.27618980069508475,0.7773325701202061,0.0,0.0,9.443171862987834,11.49252414932839,-6.0,-3.0,3.0,7.0,12.0,-6.0,-3.0,4.0,9.0,18.699999999999818,0.0,0.0,0.0,0.04764674646984151,0.04764674646984151,0.03468593424898109,0.044534310142202105,0.1268669908610247,202
train_positive_vs_difficult_positive,thread_count_change_30s,engineered,-2.472622171785233,1.4985689753863767,-7.0,-9.0,84.04181993575499,135.41679063472506,-69.0,-35.0,24.0,68.0,114.0,-66.39999999999998,-37.0,28.0,115.0,170.69999999999982,0.0,0.0,0.0,0.035238113525935796,0.035238113525935796,0.0344310892176736,0.05590124750755687,0.12557045025116625,203
train_positive_vs_difficult_positive,network_latency_ms_change_60s,engineered,-3.9069779316147786,-0.5809673088149443,-0.5779999999999994,-0.4340000000000046,98.03648522234725,77.9867609106981,-34.1845,-12.331499999999993,10.062500000000004,29.416000000000004,71.1085,-28.8324,-13.618000000000002,12.680999999999996,27.116399999999995,49.70619999999985,7.27711185190439,1.9461934745277618,-5.330918377376628,0.03754779467035873,0.03754779467035873,0.04436837868598469,0.04352104882864194,0.12543722218498538,204
train_positive_vs_difficult_positive,network_latency_ms_change_30s,engineered,-3.893058201663995,-0.47097953216374266,-0.6975000000000016,-0.21000000000000085,95.51034009047326,69.26378429609493,-34.84399999999999,-12.195749999999997,9.698000000000006,28.558900000000023,70.25424999999984,-29.025800000000004,-13.123000000000003,12.183999999999994,27.972200000000054,50.04184999999996,7.0785162068231795,2.117916428162564,-4.960599778660615,0.04101947504133762,0.04101947504133762,0.038419218077478626,0.04461223664458447,0.12405092976340071,205
train_positive_vs_difficult_positive,disk_latency_ms_change_120s,engineered,-0.007529560903913284,-0.00015575221238938087,0.0,0.0,2.0071950373915355,0.010423468248532991,-0.005,0.0,0.0,0.004,0.04399999999999993,-0.003,-0.0005,0.0,0.002,0.005,3.4860628413362647,2.976531196336577,-0.509531644999688,0.00519530960097866,0.00519530960097866,0.062086265344028245,0.0538199858333374,0.1211015607783443,206
train_positive_vs_difficult_positive,disk_latency_ms_change_30s,engineered,-0.008650774902466086,-7.674552798615128e-05,0.0,0.0,2.333676277277462,0.009537115803792705,-0.004,0.0,0.0,0.004,0.05,-0.002,0.0,0.0,0.002,0.005,0.9185048585006029,0.8013737836290785,-0.11713107487152444,0.005195839495142586,0.005195839495142586,0.056414644371957506,0.05552965969242152,0.11714014355952161,207
train_positive_vs_difficult_positive,disk_latency_ms_change_60s,engineered,-0.014054800953688313,-0.00010058139534883733,0.0,0.0,2.473375641983725,0.009620718850051802,-0.004,0.0,0.0,0.004,0.04299999999999999,-0.003,0.0,0.0,0.002,0.005,1.8299170153911626,1.5455065827132226,-0.28441043267794003,0.007978609043556352,0.007978609043556352,0.05052154821130323,0.05346854559171188,0.11196870284657146,208
train_positive_vs_difficult_positive,network_latency_ms_change_120s,engineered,-3.821002879741975,-1.1350286047869234,-0.6835000000000022,-1.0090000000000003,100.53877469755757,74.35092072616207,-34.320299999999996,-12.509250000000005,10.055499999999993,28.976200000000023,73.70809999999999,-28.82539999999999,-13.541000000000004,11.875999999999998,28.3736,65.49939999999935,7.638839634016597,1.9461934745277618,-5.692646159488836,0.030377537297369448,0.030377537297369448,0.03064192206903916,0.035439396959279446,0.09645885632568806,209
train_positive_vs_difficult_positive,process_count_change_60s,engineered,0.10334066245833037,0.04636519748139668,0.0,0.0,7.028748148810339,9.778979150692065,-5.0,-2.0,2.0,6.0,9.0,-6.0,-3.0,3.0,7.0,11.0,0.0,0.0,0.0,-0.006690696908710021,0.006690696908710021,0.033856189408096635,0.04158491147297472,0.08213179778978137,210
train_positive_vs_difficult_positive,process_count_change_30s,engineered,0.025143627207603377,-0.16828849456210646,0.0,0.0,5.23680186853336,7.189407824693125,-4.0,-2.0,2.0,5.0,7.0,-5.0,-2.0,2.0,6.0,9.0,0.0,0.0,0.0,-0.03075553552522843,0.03075553552522843,0.014861881802926486,0.02959960582929938,0.0752170231574543,211
train_positive_vs_difficult_positive,swap_pct_diff,engineered,0.003849571677389542,-0.0017795637198622285,0.0,0.0,0.13486661965418986,0.09842085532573402,0.0,0.0,0.0,0.0,0.0,0.0,0.0,0.0,0.0,0.0,0.23051280232640614,0.28620492272467085,0.05569212039826473,-0.047680855222499735,0.047680855222499735,0.0007602416074325432,0.023703608450315383,0.07214470528024766,212
train_positive_vs_difficult_positive,battery_plugged,raw,0.526881339102064,0.5168860904407556,1.0,1.0,0.49928572398222265,0.499857860857173,0.0,0.0,1.0,1.0,1.0,0.0,0.0,1.0,1.0,1.0,0.0,0.0,0.0,-0.02000762888185773,0.02000762888185773,0.0,0.009995248661308354,0.030002877543166082,213
train_positive_vs_difficult_positive,disk_latency_ms_missing_pct_120s,engineered,0.3043185390202231,0.25976210364610464,0.0,0.0,3.2954882332208943,3.0404856062122225,0.0,0.0,0.0,0.0,0.0,0.0,0.0,0.0,0.0,0.0,0.0,0.0,0.0,-0.014053212317222527,0.014053212317222527,0.0,0.005095316449996834,0.019148528767219362,214
train_positive_vs_difficult_positive,disk_read_mb_s_missing_pct_120s,engineered,0.3043185390202231,0.25976210364610464,0.0,0.0,3.2954882332208943,3.0404856062122225,0.0,0.0,0.0,0.0,0.0,0.0,0.0,0.0,0.0,0.0,0.0,0.0,0.0,-0.014053212317222527,0.014053212317222527,0.0,0.005095316449996834,0.019148528767219362,215
train_positive_vs_difficult_positive,disk_write_mb_s_missing_pct_120s,engineered,0.3043185390202231,0.25976210364610464,0.0,0.0,3.2954882332208943,3.0404856062122225,0.0,0.0,0.0,0.0,0.0,0.0,0.0,0.0,0.0,0.0,0.0,0.0,0.0,-0.014053212317222527,0.014053212317222527,0.0,0.005095316449996834,0.019148528767219362,216
train_positive_vs_difficult_positive,net_sent_mb_s_missing_pct_120s,engineered,0.3043185390202231,0.25976210364610464,0.0,0.0,3.2954882332208943,3.0404856062122225,0.0,0.0,0.0,0.0,0.0,0.0,0.0,0.0,0.0,0.0,0.0,0.0,0.0,-0.014053212317222527,0.014053212317222527,0.0,0.005095316449996834,0.019148528767219362,217
train_positive_vs_difficult_positive,net_recv_mb_s_missing_pct_120s,engineered,0.3043185390202231,0.25976210364610464,0.0,0.0,3.2954882332208943,3.0404856062122225,0.0,0.0,0.0,0.0,0.0,0.0,0.0,0.0,0.0,0.0,0.0,0.0,0.0,-0.014053212317222527,0.014053212317222527,0.0,0.005095316449996834,0.019148528767219362,218
train_positive_vs_difficult_positive,disk_latency_ms_missing_pct_60s,engineered,0.26117612119398126,0.22275081587018214,0.0,0.0,3.2800118253116923,3.027088643980847,0.0,0.0,0.0,0.0,0.0,0.0,0.0,0.0,0.0,0.0,0.0,0.0,0.0,-0.012174991193425974,0.012174991193425974,0.0,0.0028441043267793953,0.01501909552020537,219
train_positive_vs_difficult_positive,disk_read_mb_s_missing_pct_60s,engineered,0.26117612119398126,0.22275081587018214,0.0,0.0,3.2800118253116923,3.027088643980847,0.0,0.0,0.0,0.0,0.0,0.0,0.0,0.0,0.0,0.0,0.0,0.0,0.0,-0.012174991193425974,0.012174991193425974,0.0,0.0028441043267793953,0.01501909552020537,220
train_positive_vs_difficult_positive,disk_write_mb_s_missing_pct_60s,engineered,0.26117612119398126,0.22275081587018214,0.0,0.0,3.2800118253116923,3.027088643980847,0.0,0.0,0.0,0.0,0.0,0.0,0.0,0.0,0.0,0.0,0.0,0.0,0.0,-0.012174991193425974,0.012174991193425974,0.0,0.0028441043267793953,0.01501909552020537,221
train_positive_vs_difficult_positive,net_sent_mb_s_missing_pct_60s,engineered,0.26117612119398126,0.22275081587018214,0.0,0.0,3.2800118253116923,3.027088643980847,0.0,0.0,0.0,0.0,0.0,0.0,0.0,0.0,0.0,0.0,0.0,0.0,0.0,-0.012174991193425974,0.012174991193425974,0.0,0.0028441043267793953,0.01501909552020537,222
train_positive_vs_difficult_positive,net_recv_mb_s_missing_pct_60s,engineered,0.26117612119398126,0.22275081587018214,0.0,0.0,3.2800118253116923,3.027088643980847,0.0,0.0,0.0,0.0,0.0,0.0,0.0,0.0,0.0,0.0,0.0,0.0,0.0,-0.012174991193425974,0.012174991193425974,0.0,0.0028441043267793953,0.01501909552020537,223
train_positive_vs_difficult_positive,disk_latency_ms_missing_pct_30s,engineered,0.2150244625774805,0.18612262888164433,0.0,0.0,3.2432895560499593,2.9986097826159175,0.0,0.0,0.0,0.0,0.0,0.0,0.0,0.0,0.0,0.0,0.0,0.0,0.0,-0.009253482735483242,0.009253482735483242,0.0,0.0011713107487151264,0.010424793484198369,224
train_positive_vs_difficult_positive,disk_read_mb_s_missing_pct_30s,engineered,0.2150244625774805,0.18612262888164433,0.0,0.0,3.2432895560499593,2.9986097826159175,0.0,0.0,0.0,0.0,0.0,0.0,0.0,0.0,0.0,0.0,0.0,0.0,0.0,-0.009253482735483242,0.009253482735483242,0.0,0.0011713107487151264,0.010424793484198369,225
train_positive_vs_difficult_positive,disk_write_mb_s_missing_pct_30s,engineered,0.2150244625774805,0.18612262888164433,0.0,0.0,3.2432895560499593,2.9986097826159175,0.0,0.0,0.0,0.0,0.0,0.0,0.0,0.0,0.0,0.0,0.0,0.0,0.0,-0.009253482735483242,0.009253482735483242,0.0,0.0011713107487151264,0.010424793484198369,226
train_positive_vs_difficult_positive,net_sent_mb_s_missing_pct_30s,engineered,0.2150244625774805,0.18612262888164433,0.0,0.0,3.2432895560499593,2.9986097826159175,0.0,0.0,0.0,0.0,0.0,0.0,0.0,0.0,0.0,0.0,0.0,0.0,0.0,-0.009253482735483242,0.009253482735483242,0.0,0.0011713107487151264,0.010424793484198369,227
train_positive_vs_difficult_positive,net_recv_mb_s_missing_pct_30s,engineered,0.2150244625774805,0.18612262888164433,0.0,0.0,3.2432895560499593,2.9986097826159175,0.0,0.0,0.0,0.0,0.0,0.0,0.0,0.0,0.0,0.0,0.0,0.0,0.0,-0.009253482735483242,0.009253482735483242,0.0,0.0011713107487151264,0.010424793484198369,228
train_vs_difficult,disk_free_gb,raw,279.849576031861,140.2762729597768,186.84,140.16,111.36496504842582,0.8180199402291725,160.61,163.0375,389.72,406.04,408.17,139.55,139.79,140.35,140.84,142.5,0.0,0.0,0.0,-1.7723808677131305,1.7723808677131305,12.437531480424335,1.0,7.772380867713131,1
train_vs_difficult,disk_usage_pct,raw,36.932302679217955,70.53002790048825,60.7,70.6,28.138352326624577,0.1701588994907644,2.0,3.1,65.7,66.3,66.7,70.4,70.5,70.6,70.7,70.7,0.0,0.0,0.0,1.6885668844772184,1.6885668844772184,12.528830309324569,1.0,7.688566884477218,2
train_vs_difficult,thread_count_min_120s,engineered,3119.760644460536,4298.706928621251,3533.0,4230.5,1216.127699768368,211.8371827538774,1468.0,1871.75,4104.0,4679.0,4817.0,4118.0,4181.0,4321.0,4729.0,4782.0,0.0,0.0,0.0,1.3506384429285696,1.3506384429285696,9.213622427928165,0.7127722263198983,7.0634106692484675,3
train_vs_difficult,thread_count_mean_120s,engineered,3186.9772181264025,4381.604358166321,3588.958333333333,4292.059195402298,1231.6993938189373,243.27474840167636,1513.1996721311475,1909.9012295081968,4181.501666666667,4752.1,4901.22264957265,4167.575573770492,4235.007779938872,4417.4323286052,4807.932424242424,4900.1709866220735,0.0,0.0,0.0,1.3456515651801018,1.3456515651801018,9.335113543583953,0.7148876738217647,7.060539239001867,4
train_vs_difficult,thread_count_min_60s,engineered,3138.673811247888,4323.90432457568,3546.0,4249.0,1223.5816870441647,224.10365018173886,1478.0,1890.0,4126.0,4703.0,4849.0,4126.0,4189.0,4342.0,4753.0,4814.0,0.0,0.0,0.0,1.347473059596418,1.347473059596418,8.492783842028754,0.7124843180410979,7.059957377637516,5
train_vs_difficult,thread_count_min_30s,engineered,3154.256734250543,4343.747035573123,3556.0,4265.0,1227.7377110963578,235.34983559964078,1489.0,1894.0,4143.0,4721.0,4873.0,4136.0,4203.0,4369.0,4765.0,4856.0,0.0,0.0,0.0,1.3456558609376834,1.3456558609376834,8.568112011521734,0.7104902940073717,7.056146154945055,6
train_vs_difficult,thread_count_mean_60s,engineered,3184.8077522734666,4378.129074397812,3584.1456140350874,4291.298148148148,1231.6359420833642,245.65313610773822,1514.6312903225808,1909.060887096774,4176.854406130268,4753.7009677419355,4906.627083333334,4163.634516129032,4228.558333333333,4413.659230769231,4806.891818181818,4906.85162037037,0.0,0.0,0.0,1.3437516944234844,1.3437516944234844,9.365410205027462,0.7099326714683835,7.0536843658918675,7
train_vs_difficult,thread_count_mean_30s,engineered,3183.5519873755934,4375.778953084039,3581.9333333333334,4290.688095238095,1231.5544593077557,246.30778198039462,1511.8741666666667,1908.525,4174.46282051282,4753.202222222222,4910.311057692308,4161.94375,4224.14375,4408.1,4803.77,4904.86875,0.0,0.0,0.0,1.342467740607628,1.342467740607628,8.654209119007609,0.7077709251838047,7.050238665791433,8
train_vs_difficult,thread_count,raw,3181.9426381848903,4372.805510346431,3580.0,4288.0,1231.3375269860185,245.97126551677613,1510.0,1907.0,4171.0,4754.0,4910.0,4160.0,4221.0,4408.0,4800.0,4899.95,0.0,0.0,0.0,1.3412293547069323,1.3412293547069323,8.573928131939937,0.7063670338524913,7.047596388559424,9
train_vs_difficult,thread_count_max_30s,engineered,3215.7795558773837,4408.05324343176,3606.5,4321.0,1233.8217393225648,260.0460781288663,1541.0,1937.0,4207.0,4784.0,4950.0,4183.0,4243.0,4446.75,4843.0,4963.0,0.0,0.0,0.0,1.3372129789079858,1.3372129789079858,8.717340008715457,0.7067628323249457,7.043975811232931,10
train_vs_difficult,thread_count_max_60s,engineered,3237.059316920106,4432.715996279935,3621.0,4337.0,1236.9592884239084,271.10544610693006,1555.0,1959.0,4238.0,4803.0,4968.0,4194.0,4264.0,4482.0,4881.0,5001.0,0.0,0.0,0.0,1.3352974273947862,1.3352974273947862,8.69566617280283,0.7081093328076036,7.043406760202389,11
train_vs_difficult,thread_count_max_120s,engineered,3268.582440260681,4473.293652638921,3642.0,4364.0,1243.2082617266892,288.33994679821024,1570.0,1991.0,4274.0,4835.0,5004.0,4206.0,4288.0,4552.0,4938.0,5088.0,0.0,0.0,0.0,1.3349853746061129,1.3349853746061129,9.328430401979436,0.704652556256809,7.039637930862922,12
train_vs_difficult,ram_used_mb,raw,10949.293023171615,14466.846814694258,11196.2,14321.55,3938.316587944386,733.8485446849264,5701.27,7149.45,14741.425,15634.1,16025.5,13726.7,14041.225,14862.675000000001,15623.38,15855.865,0.0,0.0,0.0,1.2417480855017884,1.2417480855017884,5.560984343643129,0.5359549219337986,6.777703007435587,13
train_vs_difficult,cpu_frequency_mhz,raw,1973.713359884142,1101.0,1101.0,1101.0,1069.410975062858,0.0,1101.0,1101.0,3504.0,3504.0,3504.0,1101.0,1101.0,1101.0,1101.0,1101.0,0.0,0.0,0.0,-1.1540961317886245,1.1540961317886245,5.3479927835983325,0.4965363263335747,6.6506324581222,14
train_vs_difficult,swap_used_mb,raw,2888.918567463191,4880.823052778424,1570.1,4678.3,3191.2042081787304,591.3587027153101,0.0,92.5,4737.7,6728.120000000002,10096.51,4225.1,4352.3,5374.7,5764.56,6052.495,0.0,0.0,0.0,0.8679553327373886,0.8679553327373886,10.660564028314763,0.7105809161580674,6.578536248895455,15
train_vs_difficult,swap_pct,raw,20.18292662321989,12.631934433852592,14.4,12.1,20.79318872218003,1.5276971479536374,0.0,3.4,28.8,47.7,65.0,10.9,11.3,13.9,14.9,15.7,0.0,0.0,0.0,-0.5121874307325556,0.5121874307325556,10.956526717440436,0.46102918377827595,5.973216614510831,16
train_vs_difficult,swap_pct_max_30s,engineered,20.216507361815108,12.663287607533132,14.4,12.1,20.80213935664037,1.5382691857141217,0.0,3.4,28.9,47.7,65.0,11.0,11.4,14.0,15.0,15.7,0.0,0.0,0.0,-0.5121001878812053,0.5121001878812053,11.011782398290455,0.46110529055909466,5.9732054784403,17
train_vs_difficult,swap_pct_max_60s,engineered,20.244497948346606,12.68882817949314,14.4,12.2,20.810384875799297,1.5481797086225466,0.0,3.4,29.0,47.7,65.0,11.0,11.4,14.0,15.0,15.8,0.0,0.0,0.0,-0.5120464439975366,0.5120464439975366,10.984904076420364,0.4606230424383623,5.9726694864358985,18
train_vs_difficult,swap_pct_mean_30s,engineered,20.17471787493891,12.631227560947538,14.393333333333334,12.1,20.796939765382476,1.5252718385149864,0.0,3.4,28.8,47.7,65.0,10.9,11.3,13.9,14.9,15.7,0.0,0.0,0.0,-0.5115911369060795,0.5115911369060795,10.950420719030749,0.4604720607049436,5.972063197611023,19
train_vs_difficult,swap_pct_max_120s,engineered,20.291531498913827,12.727900488258545,14.5,12.2,20.82508692941978,1.559401053444934,0.0,3.4,29.1,47.7,65.0,11.0,11.5,14.0,15.0,15.8,0.0,0.0,0.0,-0.5122056123917028,0.5122056123917028,10.931997361923486,0.4595651994329887,5.971770811824691,20
train_vs_difficult,swap_pct_min_30s,engineered,20.136042722664737,12.597895838177168,14.3,12.1,20.79308724555192,1.523114619384318,0.0,3.4,28.7,47.7,65.0,10.9,11.2,13.8,14.9,15.6,0.0,0.0,0.0,-0.5113268322502653,0.5113268322502653,10.982368906642384,0.4596674075033098,5.970994239753575,21
train_vs_difficult,swap_pct_mean_60s,engineered,20.166436117647457,12.62989754827223,14.353333333333332,12.1,20.800734483565755,1.524141919922786,0.0,3.4,28.8,47.7,65.0,10.921785714285715,11.319354838709677,13.886666666666668,14.9,15.703653846153843,0.0,0.0,0.0,-0.5110289554127084,0.5110289554127084,10.954711629562546,0.45942332873881053,5.970452284151519,22
train_vs_difficult,swap_pct_min_60s,engineered,20.097717837315955,12.569809346663567,14.3,12.0,20.793589240664836,1.5209275117977519,0.0,3.4,28.6,47.7,65.0,10.9,11.2,13.8,14.8,15.6,0.0,0.0,0.0,-0.5106239910373249,0.5106239910373249,10.93471094802647,0.45849872801810976,5.969122719055434,23
train_vs_difficult,swap_pct_mean_120s,engineered,20.150399735113908,12.625855092516744,14.31,12.1,20.80805020949929,1.5227322474653446,0.0,3.4,28.8,47.7,65.0,10.94168181818182,11.364555084745762,13.811428571428571,14.925,15.735333333333333,0.0,0.0,0.0,-0.5100397763399541,0.5100397763399541,10.960412535096957,0.457791366797869,5.967831143137823,24
train_vs_difficult,swap_pct_min_120s,engineered,20.029928795558774,12.520367356428737,14.2,12.0,20.795562636199232,1.5180896441874103,0.0,3.4,28.4,47.7,65.0,10.9,11.1,13.6,14.8,15.6,0.0,0.0,0.0,-0.5093364673999864,0.5093364673999864,11.035141963280752,0.45689311709949865,5.9662295844994855,25
train_vs_difficult,cpu_pct_min_120s,engineered,31.72027154236061,39.69533829342014,31.4,36.4,27.13063399783878,9.799697723091532,3.1,6.3,50.9,65.1,86.9,30.7,32.6,46.8,57.0,60.0,0.0,0.0,0.0,0.3909850579366484,0.3909850579366484,5.733315406643729,0.4652531816663779,5.856238239603026,26
train_vs_difficult,cpu_pct_min_60s,engineered,33.76241250301713,41.39710532434318,33.7,37.3,28.28836640480422,10.785995766571576,3.3,7.1,53.8,70.3,95.0,32.0,33.7,47.8,59.4,61.4,0.0,0.0,0.0,0.35663494380772626,0.35663494380772626,5.434745615012263,0.4569793226269222,5.813614266434648,27
train_vs_difficult,cpu_pct_min_30s,engineered,35.628616944243305,43.11912345966054,34.7,38.4,29.21848244567006,11.898162150088833,3.6,7.8,56.8,76.1,97.8,32.4,34.7,50.4,61.3,64.0,0.0,0.0,0.0,0.3357780022803433,0.3357780022803433,5.373617430598744,0.44777939252966614,5.78355739481001,28
train_vs_difficult,cpu_pct_mean_60s,engineered,43.64165631339625,51.622811824096914,43.3126923076923,47.392329545454544,31.117421620911784,13.200391374251177,6.832157258064516,11.513560606060606,70.73826970443349,88.28187165775401,98.74290178571431,35.987096774193546,41.68346774193548,63.968809523809526,70.19019230769233,74.57771241830065,0.0,0.0,0.0,0.33392140133303966,0.33392140133303966,5.489449395143887,0.4329003471174069,5.766821748450447,29
train_vs_difficult,cpu_pct_mean_30s,engineered,43.588631516358966,51.59271109122219,42.78125,47.220192307692315,31.322133253996714,13.547458557780491,6.586666666666667,11.47777777777778,70.76177884615385,88.81267857142858,99.3625,35.925,41.4190625,63.385625000000005,70.543125,76.1098125,0.0,0.0,0.0,0.33169291917927984,0.33169291917927984,5.4124003071755205,0.4339040065170727,5.765596925696352,30
train_vs_difficult,cpu_pct_mean_120s,engineered,43.766689938707934,51.640955183052135,43.9,47.71298675230831,30.903401171148527,12.793580818571922,7.0967213114754095,11.566666666666668,70.92154017857142,87.87760845383761,97.47008974358975,36.095,42.12400862068966,63.911796063422635,69.5584642857143,73.68846083788708,0.0,0.0,0.0,0.33294232792654144,0.33294232792654144,5.610670507323727,0.42930169987243416,5.7622440277989755,31
train_vs_difficult,process_count_mean_120s,engineered,333.72393991932944,318.632526808726,321.76528450363196,314.96666666666664,95.2972979079479,11.823575709149845,213.25,269.2,368.21718749999997,460.01666666666665,567.1166666666667,310.0163934426229,312.07882352941175,318.2278708133971,345.0,348.2784496124031,0.0,0.0,0.0,-0.22225274620214963,0.22225274620214963,8.095202996112775,0.43503475467229075,5.657287500874441,32
train_vs_difficult,process_count_mean_60s,engineered,333.68776851898014,318.59771975023807,321.73333333333335,314.8965517241379,95.3326538118153,11.999133607860703,213.0,269.0,368.1875,460.5806451612903,566.5483870967741,309.6677419354839,311.96693548387094,318.1843434343434,344.9583333333333,348.55958620689654,0.0,0.0,0.0,-0.2221011596127359,0.2221011596127359,8.025119421073487,0.43115360909112793,5.653254768703864,33
train_vs_difficult,process_count_mean_30s,engineered,333.6688932727469,318.54515873457837,321.73030303030305,314.8125,95.3567556830861,12.094503490242031,213.0,268.75,368.25,460.4,566.3135416666668,309.50333333333333,311.93333333333334,318.2,345.0,348.6666666666667,0.0,0.0,0.0,-0.22251389940090704,0.22251389940090704,7.360596477221026,0.4272941369522482,5.649808036353155,34
train_vs_difficult,process_count_min_30s,engineered,331.43841419261406,316.8944431527552,320.0,313.0,94.49889720714789,11.529604072613948,212.0,268.0,365.0,457.0,563.0,309.0,310.0,317.0,342.0,345.0,0.0,0.0,0.0,-0.2160541673657644,0.2160541673657644,7.068123102039566,0.42937091514959586,5.64542508251536,35
train_vs_difficult,process_count,raw,333.638546946657,318.4618693327133,322.0,315.0,95.39110582001128,12.238303467076358,213.0,269.0,368.0,460.0,566.0,309.0,312.0,318.0,344.0,349.0,0.0,0.0,0.0,-0.22317148460468186,0.22317148460468186,7.1619301089380105,0.4194207651892416,5.642592249793923,36
train_vs_difficult,process_count_min_60s,engineered,330.2969104513638,316.174959311788,319.0,313.0,93.87962367395605,11.260400306923945,212.0,266.0,364.0,454.0,562.0,308.0,310.0,316.0,341.0,344.0,0.0,0.0,0.0,-0.21122074120020476,0.21122074120020476,7.117320580682206,0.4309706166599407,5.6421913578601455,37
train_vs_difficult,process_count_min_120s,engineered,329.28107651460294,315.33422459893046,317.0,313.0,93.70976534633914,10.923533272299657,211.0,265.0,363.0,453.0,561.0,308.0,309.0,315.0,340.0,344.0,0.0,0.0,0.0,-0.2090622403652281,0.2090622403652281,6.90549844237689,0.43265011482378707,5.641712355189015,38
train_vs_difficult,process_count_max_120s,engineered,340.1924209510017,325.29888398046967,329.0,320.0,97.02503464834226,13.735617857134917,216.0,274.0,376.0,469.0,575.0,315.0,318.0,325.0,353.0,358.0,0.0,0.0,0.0,-0.2149414293765779,0.2149414293765779,8.525064964124534,0.4169528660994869,5.631894295476065,39
train_vs_difficult,process_count_max_60s,engineered,338.1786628047309,323.64798883980467,327.0,319.0,96.47821100216409,13.232891547062044,215.0,272.0,374.0,467.0,571.0,314.0,316.0,323.0,352.0,357.0,0.0,0.0,0.0,-0.21102035065912805,0.21102035065912805,8.010132343917117,0.4170710935486266,5.6280914442077545,40
train_vs_difficult,process_count_max_30s,engineered,336.6346005310162,322.1611253196931,325.0,318.0,96.04749137827008,13.019078950963298,214.0,271.0,372.0,465.0,569.0,312.0,315.0,322.0,349.0,354.0,0.0,0.0,0.0,-0.21117780883203668,0.21117780883203668,7.165244848020947,0.4093120040172752,5.620489812849312,41
train_vs_difficult,ram_pct_mean_120s,engineered,73.73903422767295,84.90492037365871,79.52812015503875,83.99322033898305,16.442998456098906,4.1062675056921165,47.99675194660735,60.21275273224044,86.39139492753624,91.67541987286717,93.94168333333333,80.77156779661017,82.5016461748634,87.14262295081967,91.95871794871795,92.89622549019607,0.0,0.0,0.0,0.9317310075890917,0.9317310075890917,4.1727490047276765,0.4591121055154308,5.563592117832199,42
train_vs_difficult,ram_pct_mean_60s,engineered,73.74793440669676,84.89910850383758,79.45,83.96,16.463011572148766,4.174278778263346,48.024105090311984,61.00132488479263,86.45,91.69601538461536,94.0096935483871,80.73354838709677,82.46469144460028,87.2056451612903,91.94172932330827,92.9183820662768,0.0,0.0,0.0,0.9285307535980775,0.9285307535980775,4.16871009878548,0.4570005920071016,5.55424144439066,43
train_vs_difficult,ram_pct_max_60s,engineered,74.71636736664253,86.05897465705651,80.6,85.0,16.60538333639575,4.371739317158348,49.1,62.6,87.5,92.9,95.2,81.6,83.3,88.3,93.1,94.6,0.0,0.0,0.0,0.9341716732226477,0.9341716732226477,4.0828761793402135,0.4474420624048103,5.464489914967672,44
train_vs_difficult,network_latency_ms_min_120s,engineered,40.13694185223779,38.513198832499405,37.422,38.391,643.5140987231102,2.0461246307750733,24.271,30.207,39.929,54.284,56.111,37.161,37.706,39.131,39.926,40.669,6.187545257060101,2.4180423157405255,-3.769502941319576,-0.003568387696797914,0.003568387696797914,5.732128976432706,0.4139297338324779,5.417498121529276,45
train_vs_difficult,ram_pct_max_120s,engineered,75.16716389090031,86.66207858637526,81.0,85.8,16.61724288776182,4.46025466166306,49.9,62.8,88.0,93.5,95.9,82.2,83.8,88.9,93.5,95.6,0.0,0.0,0.0,0.9448336624210117,0.9448336624210117,3.999353347357041,0.45771782468901384,5.401904834467066,46
train_vs_difficult,cpu_pct,raw,43.391687183200574,51.44149035108114,42.0,47.3,32.00430887029123,15.045148200439153,5.8,11.3,70.1,92.5,100.0,35.2,39.4,62.3,73.1,79.7,0.0,0.0,0.0,0.3219107231284013,0.3219107231284013,4.596404961935668,0.420671954717209,5.338987639781278,47
train_vs_difficult,network_latency_ms_min_60s,engineered,41.50061450499639,39.339292936536395,38.15,38.975,643.9954077342054,2.4291772190173457,25.23,30.999,40.941,54.903,56.853,37.461,38.066,40.169,41.661,42.739,6.280473087134926,2.731922808649151,-3.548550278485775,-0.004746227214352333,0.004746227214352333,4.481631289663026,0.3817667321456158,4.868144249022994,48
train_vs_difficult,ram_pct_mean_30s,engineered,73.75152596559667,84.88677153970575,79.42666666666668,83.96666666666667,16.47358545899224,4.230574965345593,48.00769230769231,61.4125,86.46249999999999,91.71025000000002,94.0125,80.681875,82.42666666666666,87.21404761904762,91.78633333333335,92.97323809523807,0.0,0.0,0.0,0.9258870461286011,0.9258870461286011,3.4535880262216128,0.45186456702528865,4.831339639375503,49
train_vs_difficult,ram_pct_max_30s,engineered,74.38737871107892,85.61896070681237,80.2,84.7,16.58174431256454,4.3343057074272515,48.5,62.3,87.1,92.4,94.7,81.1,82.9,87.8,92.5,93.9,0.0,0.0,0.0,0.926774448445617,0.926774448445617,3.4460793857732077,0.44204990133308497,4.81490373555191,50
train_vs_difficult,cpu_pct_max_30s,engineered,53.99075911175476,63.48458498023716,55.3,61.5,32.805868432516455,16.332476371940444,11.4,19.4,85.7,99.2,100.0,43.120000000000005,49.5,76.3,86.7,92.5,0.0,0.0,0.0,0.36637204601460693,0.36637204601460693,4.055797327428433,0.37205835633260437,4.794227729775645,51
train_vs_difficult,ram_available_mb,raw,4473.705412744388,2580.823738665427,3535.4,2726.1499999999996,2800.451554448854,733.8482658921607,1413.6,2306.2,6481.6,8843.0,9586.2,1424.32,2185.025,3006.475,3320.990000000001,3716.795,0.0,0.0,0.0,-0.9246746102766691,0.9246746102766691,3.3940037957767077,0.4482038569635867,4.766882263016964,52
train_vs_difficult,ram_pct_min_60s,engineered,72.91166666666668,83.94039758195768,78.4,83.2,16.322251532705025,4.252048643350532,47.3,59.3,85.4,90.8,93.0,79.6,81.8,86.2,90.5,92.1,0.0,0.0,0.0,0.9247037080478143,0.9247037080478143,3.3639346166476005,0.4568016026449905,4.7454399273404055,53
train_vs_difficult,ram_pct,raw,73.74817885590151,84.86105556847244,79.4,84.0,16.48498564601222,4.304573342223249,48.0,61.6,86.5,91.7,94.0,80.5,82.4,87.2,91.6,93.0,0.0,0.0,0.0,0.9224224563732976,0.9224224563732976,3.366517388820778,0.44446556417199284,4.7334054093660685,54
train_vs_difficult,ram_pct_min_30s,engineered,73.19438812454743,84.23385259242036,78.7,83.5,16.3687459405995,4.256750619559725,47.5,60.2,85.8,91.1,93.4,79.9,81.9,86.6,91.0,92.3,0.0,0.0,0.0,0.9230764008382945,0.9230764008382945,3.34826812994277,0.45334136911842005,4.724685899899485,55
train_vs_difficult,cpu_pct_max_60s,engineered,57.363569876900804,67.49729132759823,59.7,67.2,32.58108992873597,16.52385607717223,13.9,23.2,89.2,99.9,100.0,46.1,52.2,80.9,90.5,94.58999999999996,0.0,0.0,0.0,0.3922961587937857,0.3922961587937857,3.965892175289695,0.3564411596066073,4.714629493690088,56
train_vs_difficult,ram_pct_min_120s,engineered,72.52264542601979,83.51694954661707,78.1,82.8,16.2641175310554,4.272959741225522,47.0,58.4,85.0,90.3,92.4,79.2,81.5,86.0,89.7,92.0,0.0,0.0,0.0,0.9246100850814197,0.9246100850814197,3.2818247690888143,0.46345897476087794,4.669893828931112,57
train_vs_difficult,context_switches_per_s_min_120s,engineered,14942.67184688764,8145.970980118592,6841.0,6514.1,18328.594582138845,10345.875632807976,4.0,51.9,29309.5,41977.2,52551.3,4427.4,4950.8,8695.0,12088.9,14083.5,0.05430847212165098,0.011625203441060218,-0.04268326868059076,-0.4566923955153906,0.4566923955153906,3.8174163620955475,0.3852370211498219,4.65934577876076,58
train_vs_difficult,context_switches_per_s_mean_120s,engineered,22943.582568476373,16985.63509709497,11400.273170731709,13206.398245614037,25353.88286420009,15327.17351011221,542.3252088452087,1124.5778095238095,49118.44023341523,59465.98900836321,71988.71359649124,7500.537704918032,8429.223333333333,20056.59756097561,27032.113793103446,35852.52051282051,0.05430847212165098,0.011625203441060218,-0.04268326868059076,-0.2843991675144881,0.2843991675144881,3.9173987048218617,0.36791471764981604,4.569712589986166,59
train_vs_difficult,context_switches_per_s_mean_60s,engineered,22925.64057544778,16989.659736571484,11385.393333333332,12939.167741935484,25770.986156016563,16523.0036593206,514.0326153846154,1248.677777777778,48655.10333333333,59492.09919028341,72224.86655882353,7360.090322580645,8317.573333333332,19390.782758620688,25772.576470588236,36634.03636363636,0.05430847212165098,0.011625203441060218,-0.04268326868059076,-0.27422190964739274,0.27422190964739274,3.912652373064398,0.36554110621080205,4.552415388922593,60
train_vs_difficult,context_switches_per_s_mean_30s,engineered,22941.185240641338,16972.37944402558,11290.49375,12760.333333333334,26292.76970162401,17715.270494719418,469.14,1362.6714285714286,45867.5,60329.75897435898,72288.98228571429,7288.3,8169.0625,19199.02,24935.433333333334,33992.666666666664,0.056722181993724356,0.011625203441060218,-0.04509697855266413,-0.26624965285984664,0.26624965285984664,3.895052936690622,0.3655020216198552,4.526804611170324,61
train_vs_difficult,network_latency_ms_min_30s,engineered,43.29281680934454,40.569363799497545,38.991,39.815,644.3985336985027,4.217011268097101,27.358,32.918,42.806,55.882,58.47864999999992,37.752,38.635,41.451,44.08,46.138,6.391503741250301,2.824924436177633,-3.566579305072668,-0.005976831902119973,0.005976831902119973,4.1631433125388915,0.34508024705802887,4.51420039149904,62
train_vs_difficult,context_switches_per_s_min_60s,engineered,16032.857157519773,9174.759318683875,7194.1,7171.5,19563.455837966292,12054.774139035051,8.5,109.0,31485.5,44569.20000000001,57171.9,4540.4,5109.6,9712.5,13063.7,17096.9,0.05430847212165098,0.011625203441060218,-0.04268326868059076,-0.4220682055662564,0.4220682055662564,3.422235850564237,0.3759446976096447,4.220248753740138,63
train_vs_difficult,cpu_pct_max_120s,engineered,61.13061187545257,71.7400604510579,66.0,72.4,32.20222840423553,16.309162449759512,16.1,27.2,92.7,100.0,100.0,49.1,59.2,85.1,93.7,97.7,0.0,0.0,0.0,0.4156619008894939,0.4156619008894939,3.351902420163161,0.3385804557517482,4.106144776804403,64
train_vs_difficult,context_switches_per_s_min_30s,engineered,17146.124173740835,10137.553889082665,7629.4,7830.9,20857.93451121688,13029.883654269664,19.5,243.5,33233.0,47960.6,60139.8,4680.6,5305.8,11119.9,15270.3,19312.5,0.056722181993724356,0.011625203441060218,-0.04509697855266413,-0.40302065254252745,0.40302065254252745,3.331618999737635,0.3675383907021265,4.102178042982289,65
train_vs_difficult,context_switches_per_s_max_30s,engineered,31224.933145762137,28092.38945471457,17622.7,20103.5,37364.3534264563,29699.730346477765,1193.2,4014.0,60304.2,74757.1,85368.0,10502.8,12894.5,30982.6,42854.5,64631.4,0.056722181993724356,0.011625203441060218,-0.04509697855266413,-0.09281521529449129,0.09281521529449129,3.3477147427859593,0.3350396415153435,3.7755695995957943,66
train_vs_difficult,disk_latency_ms_max_120s,engineered,0.8196974343495321,0.020750610394140216,0.029,0.011,4.75891011866706,0.05581815373124218,0.003,0.008,0.625,1.0,2.39,0.002,0.006,0.019,0.029,0.06,0.0422399227612841,0.011625203441060218,-0.030614719320223877,-0.23740808143504247,0.23740808143504247,3.055599571525937,0.40100712287050766,3.694014775831487,67
train_vs_difficult,context_switches_per_s_max_60s,engineered,34817.19851476181,33646.6056156261,20057.5,23339.9,43109.10734992428,34961.97738153487,1857.4,4930.5,67507.0,78858.1,89938.2,11665.7,14640.1,37222.5,51622.5,140572.6,0.05430847212165098,0.011625203441060218,-0.04268326868059076,-0.02982591061208937,0.02982591061208937,3.268544913980151,0.3295987642368178,3.627969588829058,68
train_vs_difficult,disk_write_mb_s_min_60s,engineered,0.27812379112586777,0.2825277525869085,0.0696,0.1087,0.7467232816575231,0.6896462407307988,0.0123,0.0164,0.2015,0.6772,1.1364,0.0461,0.0696,0.1607,0.3769,1.3694,0.0422399227612841,0.011625203441060218,-0.030614719320223877,0.006127237469016515,0.006127237469016515,3.102108783659374,0.4481540367992224,3.5563900579276133,69
train_vs_difficult,context_switches_per_s_max_120s,engineered,39423.015709714426,41970.172479944194,23022.8,29155.9,51535.98639991808,41627.77408188521,2726.7,5805.6,70347.9,84888.5,98497.4,13122.9,17941.2,44051.5,74263.7,165611.1,0.05430847212165098,0.011625203441060218,-0.04268326868059076,0.05437463065846143,0.05437463065846143,3.152426407494621,0.3264374405313081,3.5332384786843907,70
train_vs_difficult,disk_latency_ms_std_120s,engineered,0.1626224305560885,0.0032568155068730103,0.0050529454840237,0.0018653574080209,1.237533823124922,0.007568324968012782,0.0007605883404679,0.0015405738546462,0.12553321454422875,0.2299494420555078,0.3552823072027367,0.000565235813996,0.0010749814446691,0.003080281722879975,0.0049450083260428,0.009895588892951925,0.1556842867487328,0.06975122064636131,-0.08593306610237149,-0.1821144565113456,0.1821144565113456,2.906805964492661,0.40431164329200975,3.4932320642960164,71
train_vs_difficult,disk_latency_ms_max_60s,engineered,0.6030883549652882,0.012689454714568074,0.017,0.006,3.925959649940656,0.040520576933986203,0.001,0.004,0.5,1.0,1.51,0.0,0.002,0.013,0.021,0.033,0.0422399227612841,0.011625203441060218,-0.030614719320223877,-0.2126628232554699,0.2126628232554699,2.8749508289664965,0.3765041731892763,3.464117825411243,72
train_vs_difficult,context_switches_per_s,raw,26774.59120267102,16798.42606673643,15240.2,11902.4,28329.58701952239,20432.40755287614,632.7400000000004,5683.0,46814.3,66363.34,74801.46000000002,6066.2,8267.3,18215.9,27152.2,35877.2,15.055515327057686,0.011625203441060218,-15.043890123616627,-0.40391504489079366,0.40391504489079366,2.778519951409261,0.2768436561689124,3.459278652468967,73
train_vs_difficult,disk_latency_ms_std_60s,engineered,0.13976470578511968,0.0026935821339541593,0.0038490017945975,0.00136062895806665,1.0605493605118153,0.007763160838686191,0.0004448027229745,0.0010283342182227,0.11249958328415355,0.2163717108218772,0.30653792790621903,0.0,0.0005727497953225,0.0028541612706957,0.0046533419993359,0.007347737564164,0.1556842867487328,0.06975122064636131,-0.08593306610237149,-0.18277569735835228,0.18277569735835228,2.8768614197631157,0.3813329263225904,3.440970043444058,74
train_vs_difficult,disk_latency_ms_mean_120s,engineered,0.15601942728104803,0.0009203779210788866,0.001575,0.0005,1.5374502019041751,0.0017137315000353593,0.0002622950819672,0.0005333333333333,0.2219016393442623,0.3198360655737705,0.35884721311475415,0.00012,0.000311475409836,0.0009649122807017,0.0018076923076923,0.0026530612244897,0.0422399227612841,0.011625203441060218,-0.030614719320223877,-0.14266676252773677,0.14266676252773677,2.8599490467764754,0.382663505843967,3.3852793151481793,75
train_vs_difficult,disk_write_mb_s_min_30s,engineered,0.39461799456685787,0.4325967213114754,0.078,0.1321,1.142777968665906,1.0685147688931291,0.0123,0.0164,0.2562,0.887,1.8217,0.0574,0.086,0.2228,0.6879,2.5025,0.0422399227612841,0.011625203441060218,-0.030614719320223877,0.03433044107999496,0.03433044107999496,2.797432110770544,0.4412559444842349,3.2730184963347737,76
train_vs_difficult,disk_write_mb_s_min_120s,engineered,0.19722603561726532,0.16872712475293572,0.0471,0.084,0.4889807720951898,0.361140471208081,0.0123,0.0164,0.1672,0.4897,0.8132,0.0389,0.0573,0.1311,0.2344,0.4546,0.0422399227612841,0.011625203441060218,-0.030614719320223877,-0.06630122646804291,0.06630122646804291,2.7149952669293773,0.44282941008165155,3.2241259034790715,77
train_vs_difficult,disk_latency_ms_mean_60s,engineered,0.15034548746413934,0.0009243422621862754,0.0013333333333333,0.0004666666666666,1.5604753495980115,0.0023572996429833976,0.0001290322580645,0.0004482758620689,0.2128709677419354,0.31493548387096776,0.3633870967741935,0.0,0.0001739130434782,0.0009333333333333,0.0019259259259259,0.00275,0.0422399227612841,0.011625203441060218,-0.030614719320223877,-0.13541589682663352,0.13541589682663352,2.740826524650239,0.34440611904223717,3.2206485405191096,78
train_vs_difficult,disk_latency_ms_mean_30s,engineered,0.14842659067131503,0.0009246689806595406,0.0010714285714285,0.000375,1.5934595274840473,0.003217507566914494,0.0,0.00025,0.1996875000000001,0.31245500000000015,0.36862000000000006,0.0,0.0,0.001,0.0019333333333333,0.002875,0.0422399227612841,0.011625203441060218,-0.030614719320223877,-0.13090937629030877,0.13090937629030877,2.700634542693259,0.3233417126649051,3.154885631648473,79
train_vs_difficult,context_switches_per_s_std_120s,engineered,5920.874064965983,8110.587191682202,3364.2792368541895,4425.083503662095,10316.907053365892,11459.155197422811,604.5179582622318,1195.763288968601,8204.721941343962,10868.80404105729,14188.72452948639,2002.6177439329906,2466.4828615332026,7388.833537716136,14484.864193216017,36902.63694840326,0.17982138546946658,0.06975122064636131,-0.11007016482310525,0.20083584043147024,0.20083584043147024,2.3486724749224868,0.3103673018374839,2.859875617191441,80
train_vs_difficult,disk_latency_ms_min_60s,engineered,0.014531156051916693,1.627717707243344e-06,0.0,0.0,0.14714646396886708,8.067823829239802e-05,0.0,0.0,0.0,0.055,0.065,0.0,0.0,0.0,0.0,0.0,0.0422399227612841,0.011625203441060218,-0.030614719320223877,-0.13964217951548363,0.13964217951548363,2.3726624225220228,0.20895819434020146,2.721262796377708,81
train_vs_difficult,disk_latency_ms_max_30s,engineered,0.4555738122547541,0.00766073712359028,0.008,0.003,3.3749423313256,0.0293185908774276,0.0,0.002,0.408,0.75,1.0,0.0,0.0,0.008,0.017,0.022,0.0422399227612841,0.011625203441060218,-0.030614719320223877,-0.18768345734375524,0.18768345734375524,2.1666332453018504,0.33457657528854157,2.688893277934147,82
train_vs_difficult,disk_latency_ms_min_30s,engineered,0.02268325988530033,9.184978490873154e-06,0.0,0.0,0.3287337901245169,0.00013041721364984185,0.0,0.0,0.0,0.065,0.076,0.0,0.0,0.0,0.0,0.0,0.0422399227612841,0.011625203441060218,-0.030614719320223877,-0.09754391756281558,0.09754391756281558,2.3490725564637684,0.22900224470069652,2.6756187187272804,83
train_vs_difficult,context_switches_per_s_missing_pct_30s,engineered,15.132414999904988,0.03780007354757413,0.0,0.0,25.530354199751184,1.3531116829956393,0.0,0.0,37.5,60.0,66.66666666666666,0.0,0.0,0.0,0.0,0.0,0.0,0.0,0.0,-0.834970404049392,0.834970404049392,1.5187411117690854,0.27436812684048195,2.6280796426589594,84
train_vs_difficult,disk_latency_ms_std_30s,engineered,0.12295482694819448,0.002188001667313516,0.0023944379994757,0.0008432740427115,0.9619726274574572,0.007909831592582628,0.0,0.0005175491695612,0.0995912132853779,0.202047801981895,0.2803540846595698,0.0,0.0,0.00221771703318145,0.00475,0.0064142698058981,0.1556842867487328,0.06975122064636131,-0.08593306610237149,-0.17753551824806885,0.17753551824806885,2.1084777286488148,0.33714210417129553,2.623155351068179,85
train_vs_difficult,context_switches_per_s_missing_pct_60s,engineered,15.16145760334997,0.04523897643864313,0.0,0.0,25.227786782438066,1.3668105648368039,0.0,0.0,41.935483870967744,58.06451612903226,64.51612903225806,0.0,0.0,0.0,0.0,0.0,0.0,0.0,0.0,-0.8461406179288651,0.8461406179288651,1.4936216450606827,0.27734635075520053,2.6171086137447483,86
train_vs_difficult,net_recv_mb_s_min_60s,engineered,0.05408980259583459,0.012580851063829787,0.0001,0.0002,0.15848815022670415,0.10755826398151591,0.0,0.0,0.0024,0.2165,0.3062,0.0001,0.0002,0.0003,0.0004,0.0007,0.0422399227612841,0.011625203441060218,-0.030614719320223877,-0.30647781339284824,0.30647781339284824,1.961856537084883,0.3169240479937735,2.5852583984715047,87
train_vs_difficult,context_switches_per_s_missing_pct_120s,engineered,15.189770939113744,0.05275568415133049,0.0,0.0,25.074651800961732,1.373886098992711,0.0,0.0,44.26229508196721,57.377049180327866,63.33333333333333,0.0,0.0,0.0,0.0,0.0,0.0,0.0,0.0,-0.852450960957557,0.852450960957557,1.399644826442597,0.2825018408676605,2.5345976282678144,88
train_vs_difficult,network_latency_ms_mean_120s,engineered,82.57462763052348,61.72156620331983,59.17318367346939,58.627987499999996,819.0227662564627,16.37086368807484,42.82198393442623,50.01157142857143,79.80103225806451,110.79379095022625,149.90172820512785,51.67755883424408,55.18082729885057,64.08047233360064,72.13345365853658,78.77078284600384,6.187545257060101,2.4180423157405255,-3.769502941319576,-0.03599996732166867,0.03599996732166867,2.0606043787054387,0.232200739896407,2.3288050859235145,89
train_vs_difficult,network_latency_ms_mean_60s,engineered,81.40960547388036,61.5530688832069,58.18131034482759,57.85103333333333,813.8157399763012,18.535529224651036,42.295203703703706,49.115668458781364,78.68222499999999,113.82714031620553,153.91787368421052,50.620247272727276,53.51198333333333,64.10396604414262,73.85489978494626,81.78798137931035,6.280473087134926,2.731922808649151,-3.548550278485775,-0.034496878344808114,0.034496878344808114,1.8146479771283084,0.19696583882909685,2.046110694302213,90
train_vs_difficult,context_switches_per_s_std_60s,engineered,5266.089836748342,6904.7972019505805,2859.442983810286,3795.7522723941265,9756.530402569697,10825.843739237454,496.6802906879756,1104.9329417270887,7434.398443973692,10506.127478431978,12425.71620061341,1806.9868742856247,2267.3363338388353,6874.218122239421,11249.800831891735,20016.320598601862,0.18102824040550325,0.06975122064636131,-0.11127701975914195,0.1590195866530121,0.1590195866530121,1.5701595557855759,0.306174041298433,2.035353183737021,91
train_vs_difficult,net_recv_mb_s_min_120s,engineered,0.040065739812858436,0.0058768050226717826,0.0001,0.0002,0.11745379868258723,0.06207290880311076,0.0,0.0,0.0008,0.1707,0.25,0.0001,0.0001,0.0002,0.0003,0.0005,0.0422399227612841,0.011625203441060218,-0.030614719320223877,-0.36395475361711976,0.36395475361711976,1.3697328716513586,0.30100517937935534,2.0346928046478334,92
train_vs_difficult,network_latency_ms_mean_30s,engineered,80.20152567014385,61.532062480679386,57.07620512820513,56.64184615384616,805.3675848826282,21.956863096779948,41.664758974358975,48.105890625,76.68765625,115.4674125,162.6871562499999,49.18399285714286,52.45697948717948,63.1384375,77.09239487179487,89.54085458333333,6.391503741250301,2.824924436177633,-3.566579305072668,-0.03277112432246241,0.03277112432246241,1.6886659400000141,0.18545194040455545,1.906889004727032,93
train_vs_difficult,disk_latency_ms,raw,0.1476925324479324,0.0009109405883036857,0.0,0.0,1.8387840837482237,0.008280361893076115,0.0,0.0,0.077,0.3,0.444,0.0,0.0,0.0,0.002,0.004,0.0422399227612841,0.011625203441060218,-0.030614719320223877,-0.11288895475222387,0.11288895475222387,1.4863752278629851,0.2723050257775781,1.871569208392787,94
train_vs_difficult,net_recv_mb_s_min_30s,engineered,0.07052506489586477,0.0214374375072666,0.0001,0.0002,0.20887109780317634,0.16080953899925776,0.0,0.0,0.006,0.2704,0.3517,0.0001,0.0002,0.0003,0.0007,0.002,0.0422399227612841,0.011625203441060218,-0.030614719320223877,-0.2633514705104203,0.2633514705104203,1.29930055610584,0.30878542717131885,1.871437453787579,95
train_vs_difficult,context_switches_per_s_std_30s,engineered,4572.980720858688,5876.815119086314,2505.4329541687684,3105.963502546297,8905.146065715586,9702.536025946256,375.27376269103814,1027.4554708916376,6137.014079885097,10067.554255073648,11877.72588771505,1641.4475168605463,2050.8068083884245,5931.709017964853,9795.994211287221,13886.729008949704,0.26550808592807146,0.06975122064636131,-0.19575686528171013,0.14001087139968205,0.14001087139968205,1.3778689190712323,0.3002151600713,1.8180949505422141,96
train_vs_difficult,net_sent_mb_s_min_120s,engineered,0.0025576709930576515,0.00026621323101964884,0.0001,0.0001,0.02384076036710768,0.0010633679253954408,0.0,0.0,0.0006,0.0062,0.01,0.0001,0.0001,0.0002,0.0003,0.0003,0.0422399227612841,0.011625203441060218,-0.030614719320223877,-0.13579231222113028,0.13579231222113028,1.3636327791256755,0.24573965507699513,1.745164746423801,97
train_vs_difficult,disk_read_mb_s_mean_30s,engineered,2.473790222550222,2.795781039867424,0.5596866666666667,0.7738333333333334,7.211766925578199,6.075935242187509,0.0105000000000001,0.0919799999999999,1.8731714285714287,5.275965,9.853441904761914,0.1238499999999995,0.2265533333333324,2.4989000000000003,6.727892857142856,11.06091818181818,0.0422399227612841,0.011625203441060218,-0.030614719320223877,0.04828838831521573,0.04828838831521573,1.4388322946296568,0.22933843006693813,1.7164591130118105,98
train_vs_difficult,disk_read_mb_s_mean_60s,engineered,2.4867916322189765,2.7925567152103157,0.700875,1.104070967741935,6.046007859836682,4.774228238741557,0.0179615384615384,0.1274870967741935,2.194643333333333,5.573737692307694,10.556228761904764,0.1708733333333328,0.3279904761904769,3.0363448275862073,6.434572413793104,11.69251,0.0422399227612841,0.011625203441060218,-0.030614719320223877,0.05613087288418144,0.05613087288418144,1.432079937481241,0.21820250791776116,1.7064133182831835,99
train_vs_difficult,net_sent_mb_s_min_60s,engineered,0.0036858424388771507,0.00041576560865015693,0.0001,0.0001,0.0329790235071642,0.0016768631492561866,0.0,0.0,0.0015,0.0082,0.0122,0.0001,0.0001,0.0002,0.0003,0.0006,0.0422399227612841,0.011625203441060218,-0.030614719320223877,-0.14004721748957064,0.14004721748957064,1.3221091508805636,0.23192869738751332,1.6940850657576476,100
train_vs_difficult,disk_latency_ms_min_120s,engineered,0.010011783881678237,1.162655505173817e-06,0.0,0.0,0.059311435483016,7.775062509652874e-05,0.0,0.0,0.0,0.047,0.056,0.0,0.0,0.0,0.0,0.0,0.0422399227612841,0.011625203441060218,-0.030614719320223877,-0.23869164565893453,0.23869164565893453,1.2144061163755409,0.18261975518398543,1.6357175172184608,101
train_vs_difficult,net_sent_mb_s_min_30s,engineered,0.004811152429821913,0.0006598418788512964,0.0002,0.0002,0.040388650091599164,0.0025235285693074832,0.0,0.0001,0.0026,0.0105,0.0148,0.0001,0.0001,0.0002,0.0005,0.0018,0.0422399227612841,0.011625203441060218,-0.030614719320223877,-0.14507574657391675,0.14507574657391675,1.2311932452475252,0.2383561812862437,1.6146251731076857,102
train_vs_difficult,disk_read_mb_s_std_60s,engineered,4.091466324432623,5.145509527109643,0.9265986475023048,1.5677398851138071,9.00060403310899,8.124735801407542,0.0362541159187908,0.18409530776149952,3.7842450068595204,11.327088146600852,18.764277040143263,0.1695025334871281,0.44079074065024576,5.997628783431625,16.941988956150364,21.970836764189446,0.1556842867487328,0.06975122064636131,-0.08593306610237149,0.12293681123486494,0.12293681123486494,1.2446610111105436,0.1458360813251809,1.5134339036705895,103
train_vs_difficult,net_recv_mb_s_max_120s,engineered,0.551289143374585,1.4828604697128238,0.1799,0.1144,1.0423386180638725,17.081478079989054,0.0064,0.0361,0.502,1.6573,2.5089,0.0201,0.045,0.1349,0.3853,1.9429,0.0422399227612841,0.011625203441060218,-0.030614719320223877,0.07698366583716865,0.07698366583716865,1.1083785137561823,0.3141819904346404,1.4995441700279912,104
train_vs_difficult,disk_read_mb_s_mean_120s,engineered,2.517509133152033,2.7679293670501,0.9103360655737728,1.5352189655172412,5.070428974688163,3.6376792702908123,0.0262999999999999,0.1693145161290322,2.3742,6.3454303152585165,11.502785333333335,0.2244933333333331,0.4346934426229508,3.4764566666666665,6.1952357142857135,11.639603278688524,0.0422399227612841,0.011625203441060218,-0.030614719320223877,0.056751260091132086,0.056751260091132086,1.19156320412252,0.22038736396658612,1.4687018281802382,105
train_vs_difficult,disk_write_mb_s,raw,2.1189797174766074,2.316008592024183,0.354,0.3674,8.69817715331629,7.355803613090499,0.0226,0.081,1.4635,4.743980000000002,8.760900000000007,0.129,0.2068,1.0522,6.0709,11.9434,0.0422399227612841,0.011625203441060218,-0.030614719320223877,0.024460435984074005,0.024460435984074005,0.9933781956743482,0.22758570566117775,1.2454243373196001,106
train_vs_difficult,net_recv_mb_s_mean_120s,engineered,0.16097647965068262,0.15611808032968166,0.010437037037037,0.0048881355932203,0.33429915782057557,2.097728746921767,0.0012131147540983,0.0028416666666666,0.1993166666666666,0.38273450980392154,0.777169,0.002055737704918,0.0034799999999999,0.0088,0.0746355555555555,0.1551736842105263,0.0422399227612841,0.011625203441060218,-0.030614719320223877,-0.0032345434128601856,0.0032345434128601856,0.9151676400877368,0.2983740713714663,1.2167762548720633,107
train_vs_difficult,disk_latency_ms_diff,engineered,-7.24758554834337e-05,2.326663564448393e-07,0.0,0.0,1.2405447088215782,0.009933027622962791,-0.071,0.0,0.0,0.068,0.19949999999999996,-0.001,0.0,0.0,0.001,0.003,0.1556842867487328,0.06975122064636131,-0.08593306610237149,8.28846239476417e-05,8.28846239476417e-05,1.062586901476057,0.13024869677057882,1.1929184828705832,108
train_vs_difficult,net_recv_mb_s_mean_60s,engineered,0.16068158135845198,0.1360131936414874,0.0086857142857142,0.0051130434782608,0.3585120299731041,2.0654411602611558,0.0007466666666666,0.0021111111111111,0.2018322580645161,0.38318559999999996,0.758071677419355,0.001374193548387,0.0022566666666666,0.0085709677419354,0.0543555555555555,0.182,0.0422399227612841,0.011625203441060218,-0.030614719320223877,-0.01664168019344656,0.01664168019344656,0.8726048216705464,0.29457198923899686,1.1838184911029899,109
train_vs_difficult,net_recv_mb_s_max_60s,engineered,0.4299505728946575,0.7984025113358914,0.0938,0.0472,0.8654717306194586,12.101394053160108,0.0041,0.0105,0.4332,1.3005200000000012,1.9594,0.0061,0.0141,0.1154,0.2877,1.1049,0.0422399227612841,0.011625203441060218,-0.030614719320223877,0.04294895393326833,0.04294895393326833,0.8306862425633841,0.30546218925329405,1.1790973857499465,110
train_vs_difficult,disk_latency_ms_change_120s,engineered,-0.03368841518325254,-0.00010011695906432764,0.0,0.0,1.8690876384831443,0.013789454606898666,-0.066,0.0,0.0,0.0669999999999999,0.1959999999999999,-0.001,0.0,0.0,0.001,0.003,2.168718320057929,0.6045105789351314,-1.564207741122798,0.025413326390048802,0.025413326390048802,1.0033712206104122,0.13025444147729154,1.1590389884777526,111
train_vs_difficult,disk_latency_ms_change_30s,engineered,-0.006100299855535188,-0.00011271541686073604,0.0,0.0,1.4915840688005324,0.013685222043245956,-0.0639999999999999,0.0,0.0,0.067,0.191,-0.001,0.0,0.0,0.001,0.003,0.5877383538498673,0.16275284817484306,-0.4249855056750242,0.005676761312181845,0.005676761312181845,0.9964097478784909,0.12951630227166377,1.1316028114623364,112
train_vs_difficult,disk_latency_ms_change_60s,engineered,-0.01561845928458064,-0.00011743440233236153,0.0,0.0,1.67433820455333,0.013699423995784926,-0.063,0.0,0.0,0.0639999999999999,0.1919999999999999,-0.001,0.0,0.0,0.001,0.003,1.146512189234854,0.3138804929086259,-0.8326316963262281,0.013092352441176824,0.013092352441176824,0.9878236767084526,0.1281340289224503,1.12905005807208,113
train_vs_difficult,disk_read_mb_s_std_120s,engineered,5.029604825918956,6.328620274750108,1.69873462603127,2.7737378047715557,9.148577074469628,7.651946112487409,0.0583033706811783,0.37455654711719844,5.916681305991664,12.991949781842887,23.033538975908527,0.3992052087656869,1.0617295660356993,10.07902472924467,15.244579287308756,23.509228789653015,0.1556842867487328,0.06975122064636131,-0.08593306610237149,0.1540299225436298,0.1540299225436298,0.7930388836951031,0.16637583583035342,1.1134446420690862,114
train_vs_difficult,net_recv_mb_s,raw,0.16001329550256566,0.08683441460295314,0.0026,0.0011,0.43182259895333064,2.661205851086563,0.0,0.0004,0.1623,0.4,0.7587600000000007,0.0002,0.0004,0.0041,0.0249,0.1257,0.0422399227612841,0.011625203441060218,-0.030614719320223877,-0.03838652002082237,0.03838652002082237,0.8179835183221602,0.2215476794213801,1.0779177177643626,115
train_vs_difficult,net_recv_mb_s_max_30s,engineered,0.34336697736190763,0.45919747703755387,0.0434,0.0179,0.7288846791167963,8.769750679077532,0.0024,0.0058,0.3997,1.0092,1.6625,0.0036,0.0059,0.077,0.1787,0.3867,0.0422399227612841,0.011625203441060218,-0.030614719320223877,0.018614690371426733,0.018614690371426733,0.7684728649408991,0.2903722361093988,1.0774597914217245,116
train_vs_difficult,net_recv_mb_s_mean_30s,engineered,0.16050358684561108,0.11956482092520893,0.0072333333333333,0.00373125,0.3776420406619851,2.0147643559538473,0.0005066666666666,0.0016230769230769,0.1968785714285714,0.38518,0.7354524166666669,0.0009866666666666,0.0016230769230769,0.0092933333333333,0.0319153846153846,0.1589,0.0422399227612841,0.011625203441060218,-0.030614719320223877,-0.02824408182755277,0.02824408182755277,0.7582679205644158,0.28872354498120434,1.075235547373173,117
train_vs_difficult,net_recv_mb_s_std_120s,engineered,0.1199072555506113,0.37143955942281737,0.0272892768112291,0.015101987826121651,0.28247745154721293,4.828942951388683,0.0016571756790489,0.00619938186980615,0.1120270867762677,0.3420865773885004,0.5325007925272104,0.0036634945675102,0.008833856620687426,0.02377796768921505,0.11473471134146801,0.41029102533142403,0.1556842867487328,0.06975122064636131,-0.08593306610237149,0.0735385243179282,0.0735385243179282,0.662511326393997,0.2872281455291373,1.0232779962410625,118
train_vs_difficult,net_sent_mb_s_mean_120s,engineered,0.013346549956844173,0.01265099598308547,0.0041870967741935,0.0021466666666666,0.06561847500503361,0.16763581922272408,0.0004263037426538599,0.0015810344827586,0.0127066666666666,0.019856307692307645,0.0259436305477809,0.0011491228070175,0.0014983333333333,0.0048491525423728,0.0096235294117647,0.0158793103448275,0.0422399227612841,0.011625203441060218,-0.030614719320223877,-0.00546415134291664,0.00546415134291664,0.7660303168104484,0.24096968066068025,1.0124641488140453,119
train_vs_difficult,disk_read_mb_s_max_30s,engineered,10.92239459100513,13.275966108592025,2.0411,2.9481,27.407425442692702,24.793655307436154,0.0635,0.3932,8.4179,31.2171,53.4126,0.3296,0.8289,10.6195,46.9192,81.2298,0.0422399227612841,0.011625203441060218,-0.030614719320223877,0.09006046128659409,0.09006046128659409,0.7360032738211995,0.1624844512811723,0.9885481863889658,120
train_vs_difficult,disk_read_mb_s_max_60s,engineered,17.008228363416844,21.61269680269736,4.0927,7.3819,35.08846017886198,30.84995964632128,0.1393,0.8437,16.8069,50.8202,79.3894,0.7541,2.2247,26.8407,74.5611,95.2933,0.0422399227612841,0.011625203441060218,-0.030614719320223877,0.13937201648420328,0.13937201648420328,0.6972453608585049,0.1481727803641277,0.9847901577068359,121
train_vs_difficult,disk_read_mb_s_std_30s,engineered,3.269972099931485,3.9998271067525013,0.5953353214379136,0.7517880560593049,8.575283524565668,8.073107799622079,0.0188204865581573,0.10428361991773895,2.409941724322597,9.299885759197048,16.684846312146856,0.08335920661710235,0.2059771544528638,2.8849581053277538,14.131406664858595,23.48877213454227,0.1556842867487328,0.06975122064636131,-0.08593306610237149,0.08763888257510381,0.08763888257510381,0.7062376406620875,0.15300203411439833,0.9468785573515897,122
train_vs_difficult,process_count_std_120s,engineered,3.1673324797242537,2.4575076718467592,2.156715429121643,1.8518931385869517,3.208363944251824,2.4360666349942344,0.8609503493208088,1.363249725066098,4.113361515277682,6.205917986681621,7.264029197377339,1.1541718326544415,1.4437670438294212,2.5924453604386493,3.750546453397819,5.079684607621596,0.11344436398744871,0.0581260172053011,-0.055318346782147615,-0.2491916044067176,0.2491916044067176,0.5102900909772434,0.18279064225183173,0.9422723376357928,123
train_vs_difficult,net_sent_mb_s_mean_60s,engineered,0.0134719472882444,0.011115836818013968,0.0036375,0.00213125,0.06899034907811621,0.16494616368057596,0.0003566666666666,0.0013935483870967,0.0124857142857142,0.0198357142857142,0.026945892857142807,0.0010199999999999,0.0014166666666666,0.0039999999999999,0.0097586206896551,0.0144916666666666,0.0422399227612841,0.011625203441060218,-0.030614719320223877,-0.0186363282231625,0.0186363282231625,0.6610949037947679,0.2316477369294868,0.9113789689474172,124
train_vs_difficult,disk_read_mb_s_max_120s,engineered,26.458080888620586,34.29213500755726,9.9753,15.7406,44.80301191669269,36.49675260149448,0.3133,2.0066,38.0176,74.3661,100.6632,2.276,6.502,57.2342,94.0308,101.6954,0.0422399227612841,0.011625203441060218,-0.030614719320223877,0.1917221815674236,0.1917221815674236,0.5290288815226355,0.18204882640753167,0.9027998894975908,125
train_vs_difficult,net_recv_mb_s_std_60s,engineered,0.10083711102393994,0.25157194397003096,0.0182666192632995,0.01072976334952545,0.2515786687175784,4.338055604633446,0.0011072300272893,0.0025588669347114,0.0869640715805038,0.2956085667418185,0.47768662861606354,0.00160630648980335,0.0030351232216207,0.022089182835780676,0.0717747126974515,0.3445231845233371,0.1556842867487328,0.06975122064636131,-0.08593306610237149,0.049057387344545234,0.049057387344545234,0.5635185481785046,0.27374939351535177,0.8863253290384016,126
train_vs_difficult,disk_write_mb_s_mean_30s,engineered,2.1263883365949803,2.331283947637078,0.7319062500000001,0.7922666666666662,5.145335414909622,4.183079372264502,0.10416509090909082,0.3823375,1.96013125,5.008160000000002,8.118469250000002,0.2248,0.31359375,2.2619400000000005,6.3079125000000005,11.182864285714286,0.0422399227612841,0.011625203441060218,-0.030614719320223877,0.04369748429251714,0.04369748429251714,0.7138862059360476,0.11891551228450997,0.8764992025130747,127
train_vs_difficult,process_count_std_60s,engineered,2.5290353806406456,2.006752746795113,1.824173995873849,1.5698367636110764,2.42349938757602,1.9430415143637747,0.5226071943341086,1.0754843869935096,3.013570837986239,5.7092643067867215,6.807109159615157,0.9247553264467464,1.1957780134559517,2.177104716413549,3.2209804784340323,4.144870875402809,0.11344436398744871,0.0581260172053011,-0.055318346782147615,-0.23778521096237076,0.23778521096237076,0.4745500174641277,0.15034577808886807,0.8626810065153666,128
train_vs_difficult,cpu_pct_std_30s,engineered,5.74934681262806,6.246265626448994,4.77303936135915,5.433993532779014,4.759587054809037,3.573100599386437,1.1042292950295691,2.3920609000451414,7.903934718920558,11.319962296229349,13.8336439999385,2.59747129779038,3.5048537772635258,8.153715528706849,11.195733542540424,13.408067159135566,0.11344436398744871,0.0581260172053011,-0.055318346782147615,0.1180787548168342,0.1180787548168342,0.543596744520637,0.1777238300745332,0.8393993294120043,129
train_vs_difficult,net_sent_mb_s_mean_30s,engineered,0.01358261653150413,0.009798466431803512,0.0033555555555555,0.0020733333333333,0.07233998445977308,0.16082178194924393,0.0002571428571428,0.0012375,0.0122933333333333,0.0199,0.027031666666666666,0.00079,0.0012866666666666,0.0038714285714285,0.0093833333333333,0.0164615384615384,0.0422399227612841,0.011625203441060218,-0.030614719320223877,-0.03034771999900666,0.03034771999900666,0.532842116749155,0.2198107191222579,0.7830005558704196,130
train_vs_difficult,disk_read_mb_s,raw,2.4307385547841833,2.719904080920823,0.205,0.2847,11.277480016967067,10.401226285137408,0.0,0.0246,1.0357,3.427480000000002,8.540500000000009,0.0657,0.1188,1.3708,4.289,8.619,0.0422399227612841,0.011625203441060218,-0.030614719320223877,0.026655612657509854,0.026655612657509854,0.5030461829350157,0.2384388410742572,0.7681406366667827,131
train_vs_difficult,cpu_pct_std_60s,engineered,6.459191408988837,6.820738843721273,5.504006360822853,6.071681136881116,5.234595424571499,3.636208028678767,1.519670309314316,2.861495396488687,8.674637514006427,12.000722694294637,14.849834094799874,2.976932716328689,3.880178468348761,8.890975018613503,11.720155697009206,13.717992330041175,0.11344436398744871,0.0581260172053011,-0.055318346782147615,0.08022214980877142,0.08022214980877142,0.5181175133058387,0.16604487716688343,0.7643845402814935,132
train_vs_difficult,disk_write_mb_s_std_30s,engineered,2.4643847960787584,2.7099239099847376,0.8061082472544632,0.847998311041176,6.848748975744101,5.7857290470533504,0.0757785235092839,0.33939361697073644,2.2498830726677452,5.118814109296739,8.147505504317696,0.09315045263828785,0.19621096845321503,2.8223628139538466,6.197578334267051,9.135590829430269,0.1556842867487328,0.06975122064636131,-0.08593306610237149,0.03873125937676121,0.03873125937676121,0.5456081490885357,0.16745365750269287,0.7517930659679899,133
train_vs_difficult,net_sent_mb_s,raw,0.013645253244793237,0.007056086501569586,0.0026,0.0008,0.08545063371125738,0.21280928208682692,0.0,0.0002,0.0111,0.0205,0.0293,0.0002,0.0003,0.0039,0.0108,0.0182,0.0422399227612841,0.011625203441060218,-0.030614719320223877,-0.04063455951572294,0.04063455951572294,0.5241097955206531,0.18625184886966406,0.75099620390604,134
train_vs_difficult,context_switches_per_s_missing,engineered,0.15055515327057686,0.00011625203441060219,0.0,0.0,0.35761689353150994,0.010782023669543773,0.0,0.0,0.0,1.0,1.0,0.0,0.0,0.0,0.0,0.0,0.0,0.0,0.0,-0.5946478141801397,0.5946478141801397,0.0,0.15043890123616632,0.745086715416306,135
train_vs_difficult,swap_pct_std_60s,engineered,0.053213104884683754,0.04492394856003324,9.964558519734029e-08,1.728843664224146e-07,0.18456021386266783,0.13987739187455311,0.0,0.0,0.03563483225499922,0.1152836613778856,0.24397501823715248,0.0,3.842333058898016e-08,0.0440958551844106,0.1000000000000403,0.20318801133027187,0.11344436398744871,0.0581260172053011,-0.055318346782147615,-0.05062078673888657,0.05062078673888657,0.37575568802635284,0.27349279014246214,0.6998692649077016,136
train_vs_difficult,disk_write_mb_s_mean_60s,engineered,2.1323765901776435,2.326750438241233,0.8061967741935484,0.8559066666666666,4.332321271038837,3.709618132326575,0.12968283410138237,0.4302366666666666,2.115822580645161,5.263709032258067,7.951517495462796,0.2519793103448276,0.3803666666666669,2.4462727272727274,6.339246428571428,10.059868000000002,0.0422399227612841,0.011625203441060218,-0.030614719320223877,0.0481957749589121,0.0481957749589121,0.5311350279007218,0.10402781698040642,0.6833586198400403,137
train_vs_difficult,disk_write_mb_s_max_30s,engineered,8.392883125867794,9.553319021044064,2.7852,3.2573,22.053782460490666,19.627062617609663,0.2891,1.3276,7.8877,17.7561,28.0183,0.4216,0.7961,10.6511,22.1103,31.6933,0.0422399227612841,0.011625203441060218,-0.030614719320223877,0.055587840972483954,0.055587840972483954,0.46786284245173915,0.13652746139311678,0.6599781448173399,138
train_vs_difficult,net_sent_mb_s_max_120s,engineered,0.06002642801086629,0.12997572375305197,0.0229,0.0166,0.21689030363859602,1.370737654986045,0.0045,0.0107,0.0436,0.0922,0.1456,0.0083,0.0112,0.0275,0.065,0.1076,0.0422399227612841,0.011625203441060218,-0.030614719320223877,0.07128109466494303,0.07128109466494303,0.3862097649774923,0.20117413115715665,0.6586649907995921,139
train_vs_difficult,net_recv_mb_s_std_30s,engineered,0.08503625606086535,0.1730592301391741,0.0116485621430289,0.00520625749630275,0.21947381398970736,3.857968046832072,0.0007269063606425,0.0017763794103177,0.0732407796439024,0.2538010861547473,0.43122610940168615,0.0010870877385821,0.001777817570632825,0.02276356402621495,0.05373145668140225,0.14233168178812056,0.1556842867487328,0.06975122064636131,-0.08593306610237149,0.03221445525054818,0.03221445525054818,0.38331581933162007,0.2394708932900368,0.655001167872205,140
train_vs_difficult,ram_pct_std_60s,engineered,0.5420529119561938,0.6616352742996309,0.3841096586716441,0.4352146191246557,0.581040210691946,0.8134832609134681,0.1146289009953255,0.21904479939917926,0.6489724415371677,1.08669652662585,1.531226247538098,0.22578161790560483,0.2967447914673641,0.7120643040651474,1.2311363622575662,1.8092084552827028,0.11344436398744871,0.0581260172053011,-0.055318346782147615,0.1691689093380061,0.1691689093380061,0.3126126124703701,0.1642734936376009,0.6460550154459771,141
train_vs_difficult,ram_pct_std_120s,engineered,0.7267671935611285,0.877658411829595,0.5178159618779841,0.5755997050530188,0.7434855114463331,0.9962212516717889,0.18654513945709178,0.3056869151254873,0.8754993348440894,1.444439387204574,2.0739991386855365,0.2913282168047821,0.3853972929890426,0.9905118052625368,1.659251573693982,2.355367454334874,0.11344436398744871,0.0581260172053011,-0.055318346782147615,0.17166539225075658,0.17166539225075658,0.29106862718329685,0.13567125488171558,0.5984052743157691,142
train_vs_difficult,cpu_pct_std_120s,engineered,7.2586553675842485,7.386151649106271,6.1490631416673285,6.904625506387663,5.826288234079732,3.771033993610294,1.8651605848915624,3.4295582882834657,9.347352050181776,13.023616089402525,17.599525692168836,3.2368644063631895,4.442087805052478,9.543861841548916,11.935961787280151,14.018210119743623,0.11344436398744871,0.0581260172053011,-0.055318346782147615,0.02598009466175329,0.02598009466175329,0.431061116211495,0.13255290007859608,0.5895941109518443,143
train_vs_difficult,network_latency_ms,raw,72.9555739690145,60.94397000722718,51.41,52.495000000000005,655.2489827312262,46.35626754863664,37.391,42.02,66.70349999999999,98.032,171.942,41.0581,44.873000000000005,62.129,76.37620000000003,91.12509999999997,8.314023654356745,3.487561032318066,-4.82646262203868,-0.025859822252370466,0.025859822252370466,0.4350851147118891,0.11817455284870282,0.5791194898129624,144
train_vs_difficult,swap_pct_std_30s,engineered,0.03180315532707374,0.02624954149776449,0.0,1.498353031971029e-07,0.13968027242505976,0.10891551012408059,0.0,0.0,3.0454092765666057e-07,0.06749485577105505,0.1406421692815769,0.0,2.184389406922507e-08,4.050663765612592e-07,0.05163977795081482,0.10540925533911466,0.11344436398744871,0.0581260172053011,-0.055318346782147615,-0.04434161389564897,0.04434161389564897,0.2095796284714267,0.32044422895420044,0.574365471321276,145
train_vs_difficult,battery_pct,raw,47.813311609944485,52.4737270402232,43.0,53.0,22.859683244951704,25.412029725584503,20.0,31.0,63.0,85.0,90.0,16.0,31.0,74.0,87.0,92.0,0.0,0.0,0.0,0.19282159928177808,0.19282159928177808,0.20794748953393374,0.15502587035678622,0.555794959172498,146
train_vs_difficult,disk_write_mb_s_max_60s,engineered,12.193036638696046,14.48616780606906,4.8277,7.8454,28.69806646835626,25.618799243836943,0.551,1.723,12.1463,25.2318,37.2661,0.7031,1.4642,16.359,31.4915,50.1386,0.0422399227612841,0.011625203441060218,-0.030614719320223877,0.08429997231736104,0.08429997231736104,0.3056937519511794,0.16201814956831367,0.5520118738368541,147
train_vs_difficult,process_count_std_30s,engineered,1.8224680405712008,1.6551360986557195,1.3771835502185632,1.3662601021450609,1.8552594549641506,1.5857940574479161,0.2581988897483874,0.6333236937772228,2.232071427428391,4.031128874149379,5.8366657148297,0.6324555320342389,0.927960727139718,1.9148542155250972,2.777460299315691,3.5629486626415185,0.11344436398744871,0.0581260172053011,-0.055318346782147615,-0.0969593901770272,0.0969593901770272,0.27853975788995083,0.15378212516502704,0.5292812732320051,148
train_vs_difficult,disk_write_mb_s_std_60s,engineered,2.9153164347210754,3.3026723364947967,1.1371584874699732,1.5455179775570451,7.104313597628228,5.741301229759678,0.1163929783668424,0.5840233898723455,2.7983970790959445,6.043280887209748,9.539880611406122,0.14905820784585616,0.29717859916516176,3.654597768353667,7.541817327037759,10.373342147617375,0.1556842867487328,0.06975122064636131,-0.08593306610237149,0.059972773429523084,0.059972773429523084,0.3548349065417979,0.0998942290660983,0.5147019090374192,149
train_vs_difficult,net_sent_mb_s_max_60s,engineered,0.04510043948083309,0.07223220555749331,0.0161,0.0128,0.1827338015452548,0.9709584173202306,0.003,0.0077,0.0307,0.0644,0.1163,0.006,0.0087,0.0207,0.0455,0.0758,0.0422399227612841,0.011625203441060218,-0.030614719320223877,0.038835988340640615,0.038835988340640615,0.30388267062381036,0.16992773743343292,0.5126463963978839,150
train_vs_difficult,disk_write_mb_s_max_120s,engineered,18.098591850286752,21.965518962911286,7.4881,11.6718,37.65154546867416,33.199413923472754,1.1295,2.7497,17.8571,34.5513,69.8482,1.4216,4.9312,24.8265,47.0276,77.5127,0.0422399227612841,0.011625203441060218,-0.030614719320223877,0.10894178943185365,0.10894178943185365,0.2052155767789954,0.1976812402884663,0.5118386064993153,151
train_vs_difficult,network_latency_ms_missing_pct_120s,engineered,8.449940356363204,3.613519606142691,0.0,0.0,24.654861838519697,16.43388362948608,0.0,0.0,2.4390243902439024,13.725490196078432,100.0,0.0,0.0,0.0,3.389830508474576,5.766483516483507,0.0,0.0,0.0,-0.2308383469093696,0.2308383469093696,0.11914686023727733,0.1501099778478564,0.5000951849945033,152
train_vs_difficult,network_latency_ms_max_30s,engineered,201.85904964932183,133.4690967819117,92.747,80.546,2141.879891166368,128.5756963220239,57.381,68.752,197.107,419.263,655.697,63.184,73.432,137.385,250.373,410.07,6.391503741250301,2.824924436177633,-3.566579305072668,-0.045074518869637176,0.045074518869637176,0.31678921962271817,0.12495043089469982,0.48681416938705513,153
train_vs_difficult,network_latency_ms_missing_pct_60s,engineered,8.405502406013031,3.596960520588463,0.0,0.0,24.836511058353462,16.761014886977375,0.0,0.0,3.225806451612903,13.333333333333334,100.0,0.0,0.0,0.0,3.4482758620689653,6.896551724137931,0.0,0.0,0.0,-0.2269564315315015,0.2269564315315015,0.1338960066858747,0.12293672561427682,0.48378916383165305,154
train_vs_difficult,ram_pct_std_30s,engineered,0.399431108286166,0.48613896296615966,0.2773886162767548,0.3247376563524676,0.45816180871728246,0.6410275519942544,0.07037315505490616,0.14808246967829236,0.4816637831515876,0.8106677706306333,1.1466238318301103,0.1316171517830945,0.2186538904556197,0.5150127136682663,0.9191786427511226,1.3370416753860563,0.11344436398744871,0.0581260172053011,-0.055318346782147615,0.15562794873191016,0.15562794873191016,0.17097790523749248,0.14133157046608225,0.4679374244354849,155
train_vs_difficult,net_sent_mb_s_max_30s,engineered,0.03449575973437972,0.042846773630973146,0.0118,0.0097,0.15455929914977828,0.7034347599981118,0.0013,0.0056,0.0245,0.0475,0.0785,0.0035,0.006,0.0163,0.0323,0.0535,0.0422399227612841,0.011625203441060218,-0.030614719320223877,0.016398053401061114,0.016398053401061114,0.25588045082231897,0.1679622312780441,0.4402407355014242,156
train_vs_difficult,network_latency_ms_std_120s,engineered,71.24855863251449,34.461494166272686,27.241572682505204,23.022989483651525,1141.4988823087474,33.9832003633321,9.183090479745625,13.177880788785926,63.66495641243168,129.00003441530833,173.7516277007533,10.868778286042671,14.026627827068008,40.161147570114444,75.9166459234447,102.26807591315301,6.315471880279991,2.499418739827947,-3.8160531404520444,-0.04555565231069104,0.04555565231069104,0.2652759258207785,0.12855644984519643,0.439388027976666,157
train_vs_difficult,net_sent_mb_s_std_120s,engineered,0.012372806702790888,0.03160522254705515,0.0039912062428209,0.0032226659395173498,0.04978333435468664,0.38699632394676026,0.0009084934564212,0.00232569963750325,0.00877988924356675,0.0178709462473697,0.0295397405675965,0.0017891080526451,0.0024088496193865,0.0061930325448913,0.012668955257201,0.022850255203872,0.1556842867487328,0.06975122064636131,-0.08593306610237149,0.06970725522083539,0.06970725522083539,0.2417649001687213,0.1271948408100732,0.4386669961996299,158
train_vs_difficult,disk_write_mb_s_mean_120s,engineered,2.14190700156508,2.3246390854521044,0.8754166666666667,0.967933333333334,3.6379997407901965,3.291741772718659,0.175048487804878,0.4613180327868852,2.346876271186441,5.365181413953495,7.744502561403512,0.2941491525423728,0.4611813559322033,2.9203204545454553,5.9840599999999995,7.76250243902439,0.0422399227612841,0.011625203441060218,-0.030614719320223877,0.05267278632434129,0.05267278632434129,0.29033459136236456,0.0953132784558531,0.438320656142559,159
train_vs_difficult,disk_write_mb_s_std_120s,engineered,3.440239636834307,3.9584212173946343,1.520083188142926,1.9534835471510128,7.228009746809021,5.506041104090154,0.2102902475990871,0.6668796285312272,3.3088307289944696,7.183507581954523,12.64509003406004,0.230667336938225,0.8071507166283474,4.951627954111574,8.451270178676866,15.315906821102882,0.1556842867487328,0.06975122064636131,-0.08593306610237149,0.08065114052738168,0.08065114052738168,0.22214310812898325,0.12353163725575045,0.4263258859121154,160
train_vs_difficult,swap_pct_std_120s,engineered,0.08843717280501702,0.07361469891423164,4.013619528270462e-08,0.0213082632310834,0.2412176957331556,0.1685423012153584,0.0,0.0,0.06574633560238276,0.2077287014928352,0.49456872983174355,0.0,8.201709330624181e-09,0.0725264215544576,0.18412267449671002,0.3297100921970611,0.11344436398744871,0.0581260172053011,-0.055318346782147615,-0.07123535496949047,0.07123535496949047,0.11799201117134839,0.2217664668086036,0.4109938329494425,161
train_vs_difficult,disk_read_mb_s_min_30s,engineered,0.30343711077573193,0.31789317521218463,0.0226,0.0638,1.53992688921075,0.9730900013723596,0.0,0.0,0.1541,0.6103,1.1225,0.0,0.0102,0.2706,0.9453,1.428,0.0422399227612841,0.011625203441060218,-0.030614719320223877,0.011222991282125125,0.011222991282125125,0.17248691446841732,0.22724676894595924,0.41095667469650166,162
train_vs_difficult,network_latency_ms_missing_pct_30s,engineered,8.393784066024452,3.559456250690847,0.0,0.0,25.04558582347483,16.899196716852106,0.0,0.0,0.0,14.285714285714285,100.0,0.0,0.0,0.0,6.666666666666667,7.142857142857142,0.0,0.0,0.0,-0.2262809545322646,0.2262809545322646,0.07532551585921725,0.09761840745319494,0.3992248778446768,163
train_vs_difficult,disk_read_mb_s_min_120s,engineered,0.11601501841231512,0.13200828973375192,0.0082,0.0348,0.570870064730095,0.6638915515720275,0.0,0.0,0.0699,0.3034,0.5071,0.0,0.0,0.1311,0.3449,0.6196,0.0422399227612841,0.011625203441060218,-0.030614719320223877,0.025831834870587832,0.025831834870587832,0.17259698645210303,0.1891009268852522,0.38752974820794306,164
train_vs_difficult,network_latency_ms_max_60s,engineered,271.25716503554133,177.84937480578463,132.721,110.1,2810.284519911299,160.39219276506637,64.558,78.175,275.029,579.614,783.457,72.588,78.152,199.075,378.851,551.426,6.280473087134926,2.731922808649151,-3.548550278485775,-0.04692903536334645,0.04692903536334645,0.2122586411952121,0.1071129092571298,0.36630058581568836,165
train_vs_difficult,disk_read_mb_s_min_60s,engineered,0.18513685602173258,0.20713965817928148,0.0123,0.0451,0.9344898622560297,0.7296460499067255,0.0,0.0,0.1066,0.4191,0.7516,0.0,0.0023,0.1868,0.6196,0.9912,0.0422399227612841,0.011625203441060218,-0.030614719320223877,0.026245428823538062,0.026245428823538062,0.13673064886554567,0.1851675422378567,0.34814361992694043,166
train_vs_difficult,network_latency_ms_max_120s,engineered,371.14950104846076,239.45769466285438,190.957,173.831,3807.1523784122023,187.60885566301576,74.75,97.676,389.567,743.005,887.879,79.364,108.806,279.832,533.567,635.51,6.187545257060101,2.4180423157405255,-3.769502941319576,-0.04885925370507827,0.04885925370507827,0.18957984721855037,0.1082717193613405,0.34671082028496913,167
train_vs_difficult,network_latency_ms_std_60s,engineered,60.130860727218774,30.720274235356694,21.45642197269999,16.507533111340685,1028.5957305402867,36.14208810815978,7.9805032462699685,10.926030492853066,53.581633223796324,126.68117156819403,175.76078076544047,9.128295724998898,11.234591510378149,35.12067316256612,69.27759306733066,104.52525810143815,6.46150132754043,2.813299232736573,-3.6482020948038567,-0.040411598947290406,0.040411598947290406,0.1899615076319926,0.11372260483738439,0.3440957114166674,168
train_vs_difficult,thread_count_std_120s,engineered,41.99248150041033,52.444785113291054,30.529940432585853,33.569262181498765,40.15875360247094,59.62926160479201,16.136702555655198,21.014753255683143,47.734490695587446,75.28942259565167,106.6026484140308,16.067761271364486,21.8001904828146,56.83839508683854,98.60485665647344,167.9628838370714,0.11344436398744871,0.0581260172053011,-0.055318346782147615,0.20561274628389264,0.20561274628389264,0.04783978472149804,0.08209500703026518,0.33554753803565585,169
train_vs_difficult,net_recv_mb_s_change_60s,engineered,-0.00018235868636308028,-0.06183310787172011,0.0,0.0,0.4491722979196613,5.299296176685678,-0.1057199999999999,-0.0041,0.004,0.1066,0.2892,-0.016379999999999974,-0.0021999999999999,0.0016999999999999,0.012,0.07152999999999993,1.146512189234854,0.3138804929086259,-0.8326316963262281,-0.016393839229122867,0.016393839229122867,0.22507054876411148,0.09205280772859925,0.3335171957218336,170
train_vs_difficult,network_latency_ms_std_30s,engineered,50.91713570713619,26.943511728130854,15.483517265145572,12.98636820833381,917.1103733660607,38.39481815079931,6.687204159247903,9.578044415189112,44.78995492741245,110.56780797853462,178.10013013625897,7.687033353478183,9.90169574001311,25.305652160469194,58.86412970879435,101.51199515951839,6.580979966208061,2.8946756568239946,-3.686304309384067,-0.036935741779197624,0.036935741779197624,0.1733598134096524,0.12315131517440614,0.33344687036325615,171
train_vs_difficult,net_recv_mb_s_change_120s,engineered,-0.001912318813762135,-0.042048807017543856,0.0,0.0,0.4939433261779034,4.605513477932184,-0.12729999999999997,-0.0046,0.0040999999999999,0.1211,0.3227899999999994,-0.0192,-0.0023,0.0017,0.012610000000000036,0.08669499999999934,2.168718320057929,0.6045105789351314,-1.564207741122798,-0.012254421020658846,0.012254421020658846,0.2250150533603069,0.09527068290614771,0.33254015728711345,172
train_vs_difficult,net_recv_mb_s_change_30s,engineered,-0.00010921904021948907,-0.05914196553330229,0.0,0.0,0.3908480680896618,5.294506801562295,-0.09207999999999986,-0.004,0.0038,0.0891,0.2481799999999988,-0.013329999999999965,-0.0025,0.0023,0.011430000000000018,0.05409999999999997,0.5877383538498673,0.16275284817484306,-0.4249855056750242,-0.015725422508929204,0.015725422508929204,0.21980172614223253,0.08980505174891162,0.3253322004000734,173
train_vs_difficult,disk_read_mb_s_change_30s,engineered,-0.09021477183057557,-0.15038157894736842,0.0,-0.00229999999999995,14.806916104384268,14.3294708625174,-1.7318799999999999,-0.2236,0.1917999999999999,1.6033400000000004,5.285939999999999,-2.3401499999999995,-0.3024,0.23002499999999992,1.9846400000000002,6.339629999999994,0.5877383538498673,0.16275284817484306,-0.4249855056750242,-0.004129457151475978,0.004129457151475978,0.2466928696731896,0.07139852176274453,0.3222208485874101,174
train_vs_difficult,disk_read_mb_s_change_120s,engineered,-0.167102227896821,-0.4097448888888889,0.0,-0.01224999999999995,15.365509519811862,15.06677150910642,-2.1252599999999995,-0.2861,0.2198,1.8285200000000041,5.990759999999992,-2.9562399999999998,-0.39480000000000004,0.27427499999999994,2.4542400000000044,7.104419999999995,2.168718320057929,0.6045105789351314,-1.564207741122798,-0.015945631592630294,0.015945631592630294,0.2230492027885782,0.07620482314924648,0.315199657530455,175
train_vs_difficult,net_sent_mb_s_std_60s,engineered,0.010717186780544842,0.022212197120367035,0.003381204734195,0.0030943396876386003,0.047241198809995937,0.3477405185206015,0.0007161435180615,0.0019764497275154497,0.00684534591108075,0.0146745540386032,0.025726889461845648,0.0015035121991043999,0.0021380085672822,0.00508582771119665,0.011749760332491449,0.018015198889467676,0.1556842867487328,0.06975122064636131,-0.08593306610237149,0.04632313984442951,0.04632313984442951,0.17127103923487935,0.09666031548344137,0.31425449456275023,176
train_vs_difficult,disk_read_mb_s_change_60s,engineered,-0.10032231229398118,-0.2703400583090379,0.0,-0.0102999999999999,15.242639101491726,14.916026518006634,-1.8348099999999998,-0.238,0.197575,1.698230000000002,5.507070000000016,-2.6431599999999995,-0.35895,0.24274999999999997,2.1083200000000004,6.5294,1.146512189234854,0.3138804929086259,-0.8326316963262281,-0.011274224051666967,0.011274224051666967,0.2072439146987812,0.08205206382743202,0.3005702025778802,177
train_vs_difficult,cpu_pct_diff,engineered,-0.019289321702148227,-0.0035477492148424015,0.0,0.0,7.678350605375145,8.434987474994232,-7.899999999999999,-2.8000000000000043,2.6999999999999993,7.800000000000001,12.300000000000004,-9.800000000000004,-4.399999999999999,4.300000000000004,9.6,14.1,0.11344436398744871,0.0581260172053011,-0.055318346782147615,0.0019517056190414786,0.0019517056190414786,0.1842979473875515,0.09184012860051405,0.27808978160710707,178
train_vs_difficult,swap_pct_change_120s,engineered,0.06625150856867006,0.012764473378284121,0.0,0.0,0.58140200001764,0.38793549674713335,-0.1000000000000014,0.0,0.0,0.2999999999999971,0.8999999999999995,-0.1999999999999993,-0.0999999999999996,0.0,0.1999999999999993,0.6999999999999993,0.0,0.0,0.0,-0.10822344526735683,0.10822344526735683,0.05517871428906435,0.0991534730568864,0.2625556326133076,179
train_vs_difficult,network_latency_ms_missing,engineered,0.08314023654356746,0.03487561032318066,0.0,0.0,0.27609573988523894,0.18347538130511742,0.0,0.0,0.0,0.0,1.0,0.0,0.0,0.0,0.0,0.0,0.0,0.0,0.0,-0.20590209325308448,0.20590209325308448,0.0,0.04826462622038685,0.25416671947347136,180
train_vs_difficult,net_sent_mb_s_std_30s,engineered,0.009204314094562344,0.015992135241144425,0.002986162531857,0.0028553935003872,0.044514991625048156,0.30931333541617495,0.0003779644730097,0.0016433705201617,0.0056737280917633,0.0126931927763333,0.0210486176883034,0.0010893325672915498,0.0017085956493449752,0.00468701903258595,0.0096257389524926,0.016184564194998176,0.1556842867487328,0.06975122064636131,-0.08593306610237149,0.030718160288322166,0.030718160288322166,0.12844861611070874,0.07092686693257863,0.23009364333160953,181
train_vs_difficult,process_count_change_60s,engineered,-0.09849143132995414,-0.3110904440827714,0.0,0.0,7.639494902911199,5.848010223602188,-6.0,-2.0,2.0,7.0,11.0,-5.0,-2.0,2.0,4.0,7.0,0.0,0.0,0.0,-0.031250860033311095,0.031250860033311095,0.10258217658820838,0.0664377374250682,0.20027077404658766,182
train_vs_difficult,thread_count_change_120s,engineered,-8.509485879797248,-14.109858172518019,-8.0,-19.0,136.04618826136587,185.09933078848553,-124.0,-58.0,43.0,111.0,171.0,-162.0,-79.0,53.0,136.90000000000055,260.9499999999998,0.0,0.0,0.0,-0.034477597952610725,0.034477597952610725,0.07388067432338936,0.08505158498130344,0.19340985725730353,183
train_vs_difficult,thread_count_std_60s,engineered,29.945932661104973,34.65968559143519,21.873487658878695,22.0269141333625,29.73115662403254,44.60966844602822,10.698358306995807,15.056677637174165,33.87819755685352,54.79276345039705,76.19787660043103,10.238919277414409,14.49063472120428,36.56787332620979,62.573366530016465,98.11273081251275,0.11344436398744871,0.0581260172053011,-0.055318346782147615,0.12434866777563998,0.12434866777563998,0.022854158594680436,0.036040655699437374,0.1832434820697578,184
train_vs_difficult,swap_pct_change_60s,engineered,0.03283248853487811,0.005080213903743314,0.0,0.0,0.4279938832560269,0.31254214823819626,-0.0999999999999996,0.0,0.0,0.1000000000000005,0.3000000000000042,-0.0999999999999996,0.0,0.0,0.0999999999999996,0.200000000000001,0.0,0.0,0.0,-0.07405725087170303,0.07405725087170303,0.051094996833573415,0.054720365734568344,0.1798726134398448,185
train_vs_difficult,cpu_pct_change_30s,engineered,-0.3880316195993242,0.06575215066263657,0.0,0.2999999999999971,13.134108855223541,11.485033459114518,-13.400000000000006,-4.300000000000011,4.0,12.5,19.0,-13.300000000000004,-4.899999999999999,5.200000000000003,12.6,18.799999999999997,0.0,0.0,0.0,0.036781879928712964,0.036781879928712964,0.07085714822114683,0.06864445526058827,0.17628348341044806,186
train_vs_difficult,ram_pct_change_30s,engineered,-0.006846488052136135,-0.05554522204138571,0.0,0.0,1.308905142559308,1.7328964046305053,-1.0999999999999943,-0.3999999999999915,0.4000000000000057,1.0,1.6000000000000083,-1.2000000000000028,-0.5,0.5999999999999943,1.2000000000000028,1.7000000000000028,0.0,0.0,0.0,-0.03171306976763434,0.03171306976763434,0.06964933647482352,0.06737810217978601,0.16874050842224386,187
train_vs_difficult,process_count_change_120s,engineered,-0.16561670287231475,-0.3514299000232504,0.0,0.0,10.0989171362364,6.989724777159562,-7.0,-3.0,3.0,8.0,13.0,-5.0,-3.0,2.0,5.0,8.0,0.0,0.0,0.0,-0.021395723999815097,0.021395723999815097,0.08197668517625185,0.06464785735126188,0.16802026652732882,188
train_vs_difficult,process_count_change_30s,engineered,-0.05184648805213613,-0.18774703557312253,0.0,0.0,5.7958561560111175,4.395220323813905,-5.0,-2.0,2.0,5.0,9.0,-3.0,-2.0,1.0,4.0,5.0,0.0,0.0,0.0,-0.0264221218918308,0.0264221218918308,0.07768724429395019,0.05480408796364655,0.15891345414942754,189
train_vs_difficult,context_switches_per_s_diff,engineered,9.899766616878274,-0.26297114937180827,-7.049999999999272,-56.39999999999963,9981.32475348346,9706.96515777103,-6510.179999999998,-2534.199999999999,2549.7999999999993,6584.7300000000005,10078.734999999999,-6557.65,-3151.775,3074.9749999999995,6426.399999999999,10233.25,22.433019551049963,0.06975122064636131,-22.363268330403603,-0.0010322634632566824,0.0010322634632566824,0.09875698430900064,0.05687833744742127,0.1566675852196786,190
train_vs_difficult,cpu_pct_change_120s,engineered,-1.1558097996620804,-0.2652871425249942,0.0,-0.1000000000000014,17.989701288014544,12.847623946915544,-16.400000000000006,-5.599999999999998,4.5,13.6,21.9,-14.700000000000005,-5.5,5.200000000000003,14.200000000000005,20.700000000000003,0.0,0.0,0.0,0.05696956359279418,0.05696956359279418,0.050266610725491774,0.04674180874921274,0.1539779830674987,191
train_vs_difficult,cpu_pct_change_60s,engineered,-0.5661284093651943,-0.13635201116019527,0.0,0.2000000000000028,14.62441252089827,12.379638793568999,-13.199999999999996,-4.3999999999999915,4.1,12.0,18.699999999999996,-14.099999999999994,-5.3000000000000025,5.200000000000003,13.300000000000004,19.494999999999976,0.0,0.0,0.0,0.031721102571469456,0.031721102571469456,0.061134288079197734,0.058039214002682304,0.1508946046533495,192
train_vs_difficult,net_sent_mb_s_change_120s,engineered,0.0008138139471768873,-0.002974970760233917,0.0,0.0,0.07619734389004794,0.3693274845592049,-0.0091,-0.0025999999999999,0.0023999999999999,0.0087,0.0170999999999999,-0.0074,-0.0018,0.0015,0.0063100000000000265,0.012,2.168718320057929,0.6045105789351314,-1.564207741122798,-0.014208611835330601,0.014208611835330601,0.07434815716408455,0.05091634381835575,0.13947311281777092,193
train_vs_difficult,context_switches_per_s_change_30s,engineered,-48.30024106066692,-206.52182114578477,3.1500000000028194,155.65000000000055,20053.77192997342,20577.857987854208,-12229.779999999995,-3353.9499999999916,3446.1249999999986,12079.420000000013,19438.139999999996,-8778.67,-3016.825,3222.4500000000007,8410.840000000002,14930.409999999989,21.89958966932175,0.16275284817484306,-21.736836821146905,-0.007787451319734918,0.007787451319734918,0.08740375804113036,0.04416443925771696,0.13935564861858224,194
train_vs_difficult,network_latency_ms_change_60s,engineered,-49.03167523516056,-2.0408018348623855,-1.3064999999999998,-0.1580000000000012,2797.4260863442028,67.29022781221425,-40.26019999999999,-14.488,10.228999999999994,31.058600000000034,73.0493999999999,-25.864,-12.214499999999997,11.253,24.02000000000001,36.131699999999974,10.702389572773352,4.963961869332714,-5.738427703440639,0.023748943107410853,0.023748943107410853,0.06379493486383278,0.05057532130922161,0.13811919928046523,195
train_vs_difficult,net_sent_mb_s_change_30s,engineered,0.000353763976060117,-0.004835072193758731,0.0,0.0,0.06891132696897062,0.42470387260495146,-0.0079,-0.0022,0.0020999999999999,0.0077,0.0147,-0.0066999999999999,-0.0017,0.0015,0.0061,0.011164999999999963,0.5877383538498673,0.16275284817484306,-0.4249855056750242,-0.017055158636255383,0.017055158636255383,0.0733317379925964,0.04583700487096115,0.13622390149981295,196
train_vs_difficult,network_latency_ms_change_120s,engineered,-87.81442963334734,-2.267963575750093,-1.2349999999999994,-0.6670000000000016,3850.028967958116,68.21374659262636,-41.36600000000001,-14.761000000000005,10.455999999999996,30.90900000000001,75.53999999999999,-26.585800000000003,-12.055,11.09,24.17739999999999,37.378199999999985,11.029447260439296,5.84747733085329,-5.181969929586005,0.03141846177089069,0.03141846177089069,0.05400819584787486,0.05069038228327373,0.13611703990203927,197
train_vs_difficult,thread_count_std_30s,engineered,20.79227192807911,22.30622386084462,14.90638082726942,14.231420636656654,22.82596250139356,32.57516661678123,6.210590034004385,9.44810386628979,23.77120510697947,38.59239068161603,55.60666349534107,5.404583593221758,8.411301920396301,23.661501783836815,41.76623269191722,62.012752456898674,0.11344436398744871,0.0581260172053011,-0.055318346782147615,0.05382710898004261,0.05382710898004261,0.023572855887946376,0.05829139568737415,0.13569136055536313,198
train_vs_difficult,net_sent_mb_s_change_60s,engineered,0.00048159687461848396,-0.005100384839650144,0.0,0.0,0.073239260051535,0.4254246226675339,-0.0084,-0.0023,0.0022,0.0082,0.0157999999999999,-0.007159999999999931,-0.0017,0.0015,0.0063999999999999,0.0118,1.146512189234854,0.3138804929086259,-0.8326316963262281,-0.018286836992869013,0.018286836992869013,0.0686717265973159,0.04685548705416209,0.13381405064434698,199
train_vs_difficult,disk_write_mb_s_change_120s,engineered,-0.010852781170200962,0.058126619883040964,-0.0019999999999999,-0.00209999999999995,11.953373128772078,10.067340882505624,-2.4785199999999996,-0.35955,0.33745,2.3247,5.936019999999995,-2.6637999999999993,-0.320025,0.288275,2.8363800000000037,7.981594999999996,2.168718320057929,0.6045105789351314,-1.564207741122798,0.006242102956375239,0.006242102956375239,0.08827827586508351,0.038368598302684576,0.13288897712414333,200
train_vs_difficult,network_latency_ms_change_30s,engineered,-29.16837733279396,-2.3454778901205993,-1.4029999999999987,-0.3780000000000001,2083.801544623029,66.96453261497017,-39.8094,-14.352250000000002,10.1105,30.74420000000001,73.86825000000002,-26.277800000000006,-12.134999999999998,10.660000000000004,23.601399999999995,35.488599999999984,10.499637943519188,4.568704952336666,-5.930932991182523,0.01819450438537812,0.01819450438537812,0.06106545667400488,0.04967272547837687,0.12893268653775986,201
train_vs_difficult,disk_write_mb_s_change_60s,engineered,-0.01261979855939446,0.06630780174927114,0.0,-0.0017999999999999,11.700979975973793,9.188207572252528,-2.103859999999999,-0.311175,0.2928,2.0131200000000007,5.469880000000022,-2.6206599999999995,-0.27975,0.27654999999999996,2.7130000000000045,7.695879999999993,1.146512189234854,0.3138804929086259,-0.8326316963262281,0.007502703417062067,0.007502703417062067,0.07575749291484699,0.03682175522946496,0.12008195156137401,202
train_vs_difficult,disk_write_mb_s_change_30s,engineered,0.007383443604093569,0.014923812296227289,0.0,-0.00309999999999995,11.379199819841327,9.261149463164049,-1.93586,-0.2817,0.2815999999999999,1.9161200000000032,5.169979999999995,-2.3081899999999997,-0.275275,0.2648,2.236290000000001,7.143649999999999,0.5877383538498673,0.16275284817484306,-0.4249855056750242,0.0007268267066203331,0.0007268267066203331,0.07633692877300648,0.03702632810748613,0.11409008358711294,203
train_vs_difficult,ram_pct_change_60s,engineered,-0.004952932657494556,-0.09660544059521037,0.0,0.0,1.7572697706922258,2.2254424249155065,-1.5,-0.5,0.5999999999999943,1.3999999999999917,2.1000000000000085,-1.7999999999999972,-0.6000000000000085,0.6000000000000085,1.5,2.1000000000000085,0.0,0.0,0.0,-0.04571043607904253,0.04571043607904253,0.024600982808567956,0.0378163378358759,0.10812775672348639,204
train_vs_difficult,thread_count_change_60s,engineered,-4.979266232198889,-9.37642408742153,-8.0,-14.0,99.13447957255343,137.53321026205285,-88.0,-45.0,31.0,83.0,133.0,-106.0,-53.0,30.0,95.0,161.0,0.0,0.0,0.0,-0.03667927884417271,0.03667927884417271,0.023078821435632238,0.046977977436835405,0.10673607771664034,205
train_vs_difficult,context_switches_per_s_change_60s,engineered,-77.26144042771439,-391.46525947521866,17.099999999999955,158.5,20024.599798134874,21977.59939983864,-9300.889999999996,-3181.3000000000006,3282.974999999999,9210.029999999993,14651.57,-9479.78,-3319.650000000001,3308.900000000001,8851.420000000004,15468.719999999976,22.348539705527397,0.3138804929086259,-22.03465921261877,-0.014945156059311009,0.014945156059311009,0.04733964765195885,0.04440114428609576,0.10668594799736561,206
train_vs_difficult,ram_pct_change_120s,engineered,0.008479362780593788,-0.1181701929783771,0.0,0.0,2.391660985464686,2.7540178974663316,-2.1000000000000085,-0.7999999999999972,0.7999999999999972,1.8999999999999984,3.0,-2.5,-0.9000000000000057,0.8999999999999915,2.0,3.0,0.0,0.0,0.0,-0.04910399532211617,0.04910399532211617,0.02011778000049653,0.03640754163958182,0.10562931696219452,207
train_vs_difficult,context_switches_per_s_change_120s,engineered,-242.39020855648664,-707.8427953216374,-11.199999999999363,-236.75000000000043,21253.978363833343,24621.00874387419,-11463.590000000004,-3834.3499999999995,3685.050000000002,11119.370000000019,18170.795000000002,-9942.43,-3704.4249999999993,3316.7249999999985,9678.51,16612.82,23.384021240646874,0.6045105789351314,-22.779510661711743,-0.020237779927402805,0.020237779927402805,0.03120819232967886,0.04210582322902384,0.09355179548610551,208
train_vs_difficult,thread_count_change_30s,engineered,-2.8463190924450883,-5.556265984654732,-6.0,-9.0,69.22484652302849,93.51091403545617,-60.0,-31.0,21.0,56.0,92.0,-67.0,-34.0,19.0,59.0,109.0,0.0,0.0,0.0,-0.03294008099093737,0.03294008099093737,0.012957714998451261,0.04026564165090124,0.08616343764028987,209
train_vs_difficult,disk_latency_ms_missing_pct_120s,engineered,0.18966629751955638,0.05275568415133049,0.0,0.0,2.612255763016339,1.373886098992711,0.0,0.0,0.0,0.0,0.0,0.0,0.0,0.0,0.0,0.0,0.0,0.0,0.0,-0.06560048643053612,0.06560048643053612,0.0,0.015642077411228028,0.08124256384176415,210
train_vs_difficult,disk_read_mb_s_missing_pct_120s,engineered,0.18966629751955638,0.05275568415133049,0.0,0.0,2.612255763016339,1.373886098992711,0.0,0.0,0.0,0.0,0.0,0.0,0.0,0.0,0.0,0.0,0.0,0.0,0.0,-0.06560048643053612,0.06560048643053612,0.0,0.015642077411228028,0.08124256384176415,211
train_vs_difficult,disk_write_mb_s_missing_pct_120s,engineered,0.18966629751955638,0.05275568415133049,0.0,0.0,2.612255763016339,1.373886098992711,0.0,0.0,0.0,0.0,0.0,0.0,0.0,0.0,0.0,0.0,0.0,0.0,0.0,-0.06560048643053612,0.06560048643053612,0.0,0.015642077411228028,0.08124256384176415,212
train_vs_difficult,net_sent_mb_s_missing_pct_120s,engineered,0.18966629751955638,0.05275568415133049,0.0,0.0,2.612255763016339,1.373886098992711,0.0,0.0,0.0,0.0,0.0,0.0,0.0,0.0,0.0,0.0,0.0,0.0,0.0,-0.06560048643053612,0.06560048643053612,0.0,0.015642077411228028,0.08124256384176415,213
train_vs_difficult,net_recv_mb_s_missing_pct_120s,engineered,0.18966629751955638,0.05275568415133049,0.0,0.0,2.612255763016339,1.373886098992711,0.0,0.0,0.0,0.0,0.0,0.0,0.0,0.0,0.0,0.0,0.0,0.0,0.0,-0.06560048643053612,0.06560048643053612,0.0,0.015642077411228028,0.08124256384176415,214
train_vs_difficult,swap_pct_change_30s,engineered,0.01634564325368091,0.0009765170890490574,0.0,0.0,0.31626939052776015,0.2544732454123162,0.0,0.0,0.0,0.0,0.1999999999999993,0.0,0.0,0.0,0.0,0.1000000000000014,0.0,0.0,0.0,-0.05354365622264784,0.05354365622264784,0.0023076208403694674,0.024159170613146846,0.08001044767616415,215
train_vs_difficult,disk_latency_ms_missing_pct_60s,engineered,0.1635077865647491,0.04523897643864313,0.0,0.0,2.5997763960426976,1.3668105648368039,0.0,0.0,0.0,0.0,0.0,0.0,0.0,0.0,0.0,0.0,0.0,0.0,0.0,-0.05694493664899156,0.05694493664899156,0.0,0.008326316963262359,0.06527125361225392,216
train_vs_difficult,disk_read_mb_s_missing_pct_60s,engineered,0.1635077865647491,0.04523897643864313,0.0,0.0,2.5997763960426976,1.3668105648368039,0.0,0.0,0.0,0.0,0.0,0.0,0.0,0.0,0.0,0.0,0.0,0.0,0.0,-0.05694493664899156,0.05694493664899156,0.0,0.008326316963262359,0.06527125361225392,217
train_vs_difficult,disk_write_mb_s_missing_pct_60s,engineered,0.1635077865647491,0.04523897643864313,0.0,0.0,2.5997763960426976,1.3668105648368039,0.0,0.0,0.0,0.0,0.0,0.0,0.0,0.0,0.0,0.0,0.0,0.0,0.0,-0.05694493664899156,0.05694493664899156,0.0,0.008326316963262359,0.06527125361225392,218
train_vs_difficult,net_sent_mb_s_missing_pct_60s,engineered,0.1635077865647491,0.04523897643864313,0.0,0.0,2.5997763960426976,1.3668105648368039,0.0,0.0,0.0,0.0,0.0,0.0,0.0,0.0,0.0,0.0,0.0,0.0,0.0,-0.05694493664899156,0.05694493664899156,0.0,0.008326316963262359,0.06527125361225392,219
train_vs_difficult,net_recv_mb_s_missing_pct_60s,engineered,0.1635077865647491,0.04523897643864313,0.0,0.0,2.5997763960426976,1.3668105648368039,0.0,0.0,0.0,0.0,0.0,0.0,0.0,0.0,0.0,0.0,0.0,0.0,0.0,-0.05694493664899156,0.05694493664899156,0.0,0.008326316963262359,0.06527125361225392,220
train_vs_difficult,disk_latency_ms_missing_pct_30s,engineered,0.13591881205928996,0.03780007354757413,0.0,0.0,2.5722373827503486,1.3531116829956393,0.0,0.0,0.0,0.0,0.0,0.0,0.0,0.0,0.0,0.0,0.0,0.0,0.0,-0.0477427656925238,0.0477427656925238,0.0,0.004249855056750351,0.05199262074927415,221
train_vs_difficult,disk_read_mb_s_missing_pct_30s,engineered,0.13591881205928996,0.03780007354757413,0.0,0.0,2.5722373827503486,1.3531116829956393,0.0,0.0,0.0,0.0,0.0,0.0,0.0,0.0,0.0,0.0,0.0,0.0,0.0,-0.0477427656925238,0.0477427656925238,0.0,0.004249855056750351,0.05199262074927415,222
train_vs_difficult,disk_write_mb_s_missing_pct_30s,engineered,0.13591881205928996,0.03780007354757413,0.0,0.0,2.5722373827503486,1.3531116829956393,0.0,0.0,0.0,0.0,0.0,0.0,0.0,0.0,0.0,0.0,0.0,0.0,0.0,-0.0477427656925238,0.0477427656925238,0.0,0.004249855056750351,0.05199262074927415,223
train_vs_difficult,net_sent_mb_s_missing_pct_30s,engineered,0.13591881205928996,0.03780007354757413,0.0,0.0,2.5722373827503486,1.3531116829956393,0.0,0.0,0.0,0.0,0.0,0.0,0.0,0.0,0.0,0.0,0.0,0.0,0.0,-0.0477427656925238,0.0477427656925238,0.0,0.004249855056750351,0.05199262074927415,224
train_vs_difficult,net_recv_mb_s_missing_pct_30s,engineered,0.13591881205928996,0.03780007354757413,0.0,0.0,2.5722373827503486,1.3531116829956393,0.0,0.0,0.0,0.0,0.0,0.0,0.0,0.0,0.0,0.0,0.0,0.0,0.0,-0.0477427656925238,0.0477427656925238,0.0,0.004249855056750351,0.05199262074927415,225
train_vs_difficult,ram_pct_diff,engineered,0.0009025445231133566,-0.0013725718273816458,0.0,0.0,0.43617825021075457,0.5298251864580076,-0.2999999999999971,-0.0999999999999943,0.0999999999999943,0.2999999999999971,0.5999999999999943,-0.2999999999999971,-0.0999999999999943,0.0999999999999943,0.2999999999999971,0.5999999999999943,0.11344436398744871,0.0581260172053011,-0.055318346782147615,-0.004688390119934482,0.004688390119934482,0.006862228648476115,0.02403754641792083,0.03558816518633143,226
train_vs_difficult,swap_pct_diff,engineered,0.0016395621390426019,0.0004071187623589624,0.0,0.0,0.09246142494039598,0.06011909914829466,0.0,0.0,0.0,0.0,0.0,0.0,0.0,0.0,0.0,0.0,0.11344436398744871,0.0581260172053011,-0.055318346782147615,-0.015803529823417695,0.015803529823417695,0.00031649144406975196,0.007923948802479708,0.024043970069967155,227
train_vs_difficult,battery_plugged,raw,0.5090876176683563,0.5155777726110207,1.0,1.0,0.4999204250500034,0.49978632551751195,0.0,0.0,1.0,1.0,1.0,0.0,0.0,1.0,1.0,1.0,0.0,0.0,0.0,0.012984117353595089,0.012984117353595089,0.0,0.006490154942664361,0.01947427229625945,228
